longitude,latitude,housing_median_age,total_rooms,total_bedrooms,population,households,median_income,median_house_value
-114.31,34.19,15.0,5612.0,1283.0,1015.0,472.0,1,66900.0
-114.47,34.4,19.0,7650.0,1901.0,1129.0,463.0,2,80100.0
-114.56,33.69,17.0,720.0,174.0,333.0,117.0,2,85700.0
-114.57,33.64,14.0,1501.0,337.0,515.0,226.0,3,73400.0
-114.57,33.57,20.0,1454.0,326.0,624.0,262.0,2,65500.0
-114.58,33.63,29.0,1387.0,236.0,671.0,239.0,3,74000.0
-114.58,33.61,25.0,2907.0,680.0,1841.0,633.0,3,82400.0
-114.59,34.83,41.0,812.0,168.0,375.0,158.0,2,48500.0
-114.59,33.61,34.0,4789.0,1175.0,3134.0,1056.0,2,58400.0
-114.6,34.83,46.0,1497.0,309.0,787.0,271.0,2,48100.0
-114.6,33.62,16.0,3741.0,801.0,2434.0,824.0,3,86500.0
-114.6,33.6,21.0,1988.0,483.0,1182.0,437.0,2,62000.0
-114.61,34.84,48.0,1291.0,248.0,580.0,211.0,2,48600.0
-114.61,34.83,31.0,2478.0,464.0,1346.0,479.0,3,70400.0
-114.63,32.76,15.0,1448.0,378.0,949.0,300.0,1,45000.0
-114.65,34.89,17.0,2556.0,587.0,1005.0,401.0,2,69100.0
-114.65,33.6,28.0,1678.0,322.0,666.0,256.0,3,94900.0
-114.65,32.79,21.0,44.0,33.0,64.0,27.0,1,25000.0
-114.66,32.74,17.0,1388.0,386.0,775.0,320.0,1,44000.0
-114.67,33.92,17.0,97.0,24.0,29.0,15.0,1,27500.0
-114.68,33.49,20.0,1491.0,360.0,1135.0,303.0,2,44400.0
-114.73,33.43,24.0,796.0,243.0,227.0,139.0,1,59200.0
-114.94,34.55,20.0,350.0,95.0,119.0,58.0,2,50000.0
-114.98,33.82,15.0,644.0,129.0,137.0,52.0,3,71300.0
-115.22,33.54,18.0,1706.0,397.0,3424.0,283.0,2,53500.0
-115.32,32.82,34.0,591.0,139.0,327.0,89.0,4,100000.0
-115.37,32.82,30.0,1602.0,322.0,1130.0,335.0,4,71100.0
-115.37,32.82,14.0,1276.0,270.0,867.0,261.0,2,80900.0
-115.37,32.81,32.0,741.0,191.0,623.0,169.0,2,68600.0
-115.37,32.81,23.0,1458.0,294.0,866.0,275.0,2,74300.0
-115.38,32.82,38.0,1892.0,394.0,1175.0,374.0,2,65800.0
-115.38,32.81,35.0,1263.0,262.0,950.0,241.0,2,67500.0
-115.39,32.76,16.0,1136.0,196.0,481.0,185.0,6,146300.0
-115.4,32.86,19.0,1087.0,171.0,649.0,173.0,3,113800.0
-115.4,32.7,19.0,583.0,113.0,531.0,134.0,2,95800.0
-115.41,32.99,29.0,1141.0,220.0,684.0,194.0,3,107800.0
-115.46,33.19,33.0,1234.0,373.0,777.0,298.0,1,40000.0
-115.48,32.8,21.0,1260.0,246.0,805.0,239.0,3,88500.0
-115.48,32.68,15.0,3414.0,666.0,2097.0,622.0,2,91200.0
-115.49,32.87,19.0,541.0,104.0,457.0,106.0,3,102800.0
-115.49,32.69,17.0,1960.0,389.0,1691.0,356.0,2,64000.0
-115.49,32.67,29.0,1523.0,440.0,1302.0,393.0,1,84700.0
-115.49,32.67,25.0,2322.0,573.0,2185.0,602.0,1,70100.0
-115.5,32.75,13.0,330.0,72.0,822.0,64.0,3,142500.0
-115.5,32.68,18.0,3631.0,913.0,3565.0,924.0,2,88400.0
-115.5,32.67,35.0,2159.0,492.0,1694.0,475.0,2,75500.0
-115.51,33.24,32.0,1995.0,523.0,1069.0,410.0,2,43300.0
-115.51,33.12,21.0,1024.0,218.0,890.0,232.0,2,46700.0
-115.51,32.99,20.0,1402.0,287.0,1104.0,317.0,2,63700.0
-115.51,32.68,11.0,2872.0,610.0,2644.0,581.0,3,72700.0
-115.52,34.22,30.0,540.0,136.0,122.0,63.0,1,42500.0
-115.52,33.13,18.0,1109.0,283.0,1006.0,253.0,2,53400.0
-115.52,33.12,38.0,1327.0,262.0,784.0,231.0,2,60800.0
-115.52,32.98,32.0,1615.0,382.0,1307.0,345.0,1,58600.0
-115.52,32.97,24.0,1617.0,366.0,1416.0,401.0,2,66400.0
-115.52,32.97,10.0,1879.0,387.0,1376.0,337.0,2,67500.0
-115.52,32.77,18.0,1715.0,337.0,1166.0,333.0,2,79200.0
-115.52,32.73,17.0,1190.0,275.0,1113.0,258.0,2,63100.0
-115.52,32.67,6.0,2804.0,581.0,2807.0,594.0,2,67700.0
-115.53,34.91,12.0,807.0,199.0,246.0,102.0,3,40000.0
-115.53,32.99,25.0,2578.0,634.0,2082.0,565.0,2,62200.0
-115.53,32.97,35.0,1583.0,340.0,933.0,318.0,2,70700.0
-115.53,32.97,34.0,2231.0,545.0,1568.0,510.0,2,60300.0
-115.53,32.73,14.0,1527.0,325.0,1453.0,332.0,2,61200.0
-115.54,32.99,23.0,1459.0,373.0,1148.0,388.0,2,69400.0
-115.54,32.99,17.0,1697.0,268.0,911.0,254.0,4,96000.0
-115.54,32.98,27.0,1513.0,395.0,1121.0,381.0,2,60600.0
-115.54,32.97,41.0,2429.0,454.0,1188.0,430.0,3,70800.0
-115.54,32.79,23.0,1712.0,403.0,1370.0,377.0,1,60400.0
-115.55,32.98,33.0,2266.0,365.0,952.0,360.0,5,143000.0
-115.55,32.98,24.0,2565.0,530.0,1447.0,473.0,3,80800.0
-115.55,32.82,34.0,1540.0,316.0,1013.0,274.0,3,67500.0
-115.55,32.8,23.0,666.0,142.0,580.0,160.0,2,61000.0
-115.55,32.79,23.0,1004.0,221.0,697.0,201.0,2,59600.0
-115.55,32.79,22.0,565.0,162.0,692.0,141.0,1,53600.0
-115.55,32.78,5.0,2652.0,606.0,1767.0,536.0,3,84300.0
-115.56,32.96,21.0,2164.0,480.0,1164.0,421.0,4,107200.0
-115.56,32.8,28.0,1672.0,416.0,1335.0,397.0,2,59400.0
-115.56,32.8,25.0,1311.0,375.0,1193.0,351.0,2,63900.0
-115.56,32.8,15.0,1171.0,328.0,1024.0,298.0,1,69400.0
-115.56,32.79,20.0,2372.0,835.0,2283.0,767.0,1,62500.0
-115.56,32.79,18.0,1178.0,438.0,1377.0,429.0,1,58300.0
-115.56,32.78,46.0,2511.0,490.0,1583.0,469.0,3,70800.0
-115.56,32.78,35.0,1185.0,202.0,615.0,191.0,5,86200.0
-115.56,32.78,29.0,1568.0,283.0,848.0,245.0,3,76200.0
-115.56,32.76,15.0,1278.0,217.0,653.0,185.0,4,140300.0
-115.57,32.85,33.0,1365.0,269.0,825.0,250.0,3,62300.0
-115.57,32.85,17.0,1039.0,256.0,728.0,246.0,2,63500.0
-115.57,32.84,29.0,1207.0,301.0,804.0,288.0,2,61100.0
-115.57,32.83,31.0,1494.0,289.0,959.0,284.0,4,67500.0
-115.57,32.8,16.0,2276.0,594.0,1184.0,513.0,2,93800.0
-115.57,32.79,34.0,1152.0,208.0,621.0,208.0,4,73600.0
-115.57,32.78,20.0,1534.0,235.0,871.0,222.0,6,97200.0
-115.57,32.78,15.0,1413.0,279.0,803.0,277.0,4,87500.0
-115.58,33.88,21.0,1161.0,282.0,724.0,186.0,3,71700.0
-115.58,32.81,5.0,805.0,143.0,458.0,143.0,4,96300.0
-115.58,32.81,10.0,1088.0,203.0,533.0,201.0,4,87500.0
-115.58,32.79,14.0,1687.0,507.0,762.0,451.0,2,64400.0
-115.58,32.78,5.0,2494.0,414.0,1416.0,421.0,6,110100.0
-115.59,32.85,20.0,1608.0,274.0,862.0,248.0,5,90800.0
-115.59,32.79,8.0,2183.0,307.0,1000.0,287.0,6,159900.0
-115.59,32.69,30.0,935.0,177.0,649.0,148.0,3,94400.0
-115.6,33.2,37.0,709.0,187.0,390.0,142.0,2,72500.0
-115.6,32.87,3.0,1629.0,317.0,1005.0,312.0,4,83200.0
-115.62,33.04,20.0,1121.0,244.0,766.0,230.0,2,62000.0
-115.62,33.04,17.0,1009.0,231.0,745.0,217.0,2,61200.0
-115.64,32.8,23.0,1228.0,235.0,569.0,235.0,3,125000.0
-115.69,32.79,18.0,1564.0,340.0,1161.0,343.0,2,55200.0
-115.72,32.75,16.0,348.0,99.0,123.0,54.0,2,87500.0
-115.73,33.36,19.0,749.0,238.0,476.0,169.0,2,50000.0
-115.73,33.35,23.0,1586.0,448.0,338.0,182.0,1,30000.0
-115.73,33.09,27.0,452.0,103.0,258.0,61.0,3,87500.0
-115.73,32.8,44.0,472.0,81.0,206.0,57.0,2,93800.0
-115.8,33.26,2.0,96.0,18.0,30.0,16.0,5,47500.0
-115.84,33.49,20.0,1660.0,379.0,637.0,250.0,2,68900.0
-115.85,34.2,34.0,3868.0,1257.0,890.0,423.0,1,41000.0
-115.88,32.93,15.0,208.0,49.0,51.0,20.0,4,32500.0
-115.9,33.34,19.0,1210.0,248.0,329.0,155.0,2,62800.0
-115.91,33.36,15.0,459.0,95.0,160.0,73.0,1,67500.0
-115.93,35.55,18.0,1321.0,272.0,754.0,226.0,3,67500.0
-115.94,33.38,5.0,186.0,43.0,41.0,21.0,3,58800.0
-115.95,33.28,12.0,99.0,25.0,37.0,17.0,2,53800.0
-115.96,33.3,27.0,322.0,81.0,112.0,57.0,1,54400.0
-115.98,33.32,8.0,240.0,46.0,63.0,24.0,1,53800.0
-115.99,33.4,15.0,1945.0,536.0,515.0,273.0,2,54300.0
-116.0,33.19,16.0,245.0,57.0,81.0,33.0,1,51300.0
-116.0,32.74,26.0,1134.0,280.0,329.0,158.0,1,43900.0
-116.01,33.51,24.0,2985.0,958.0,4042.0,905.0,2,66400.0
-116.01,33.41,20.0,1996.0,515.0,659.0,295.0,3,62800.0
-116.02,34.18,8.0,569.0,97.0,312.0,96.0,4,94500.0
-116.05,34.12,19.0,301.0,65.0,150.0,56.0,3,65600.0
-116.05,33.33,17.0,290.0,94.0,135.0,57.0,2,81300.0
-116.06,34.2,29.0,1202.0,290.0,383.0,156.0,1,66900.0
-116.06,34.15,15.0,10377.0,2331.0,4507.0,1807.0,2,66800.0
-116.08,33.86,16.0,381.0,89.0,182.0,75.0,2,76100.0
-116.09,34.15,13.0,9444.0,1997.0,4166.0,1482.0,3,65600.0
-116.11,33.64,20.0,1273.0,354.0,1548.0,355.0,2,84700.0
-116.12,33.53,17.0,2421.0,820.0,2971.0,685.0,2,100000.0
-116.14,34.22,32.0,3298.0,1228.0,763.0,360.0,2,47800.0
-116.15,34.14,18.0,3312.0,705.0,1251.0,512.0,3,82600.0
-116.15,33.69,22.0,197.0,54.0,331.0,70.0,3,112500.0
-116.15,33.64,10.0,1711.0,499.0,1896.0,443.0,2,65400.0
-116.16,33.68,12.0,1230.0,277.0,1334.0,260.0,2,61400.0
-116.17,33.67,18.0,3585.0,800.0,3873.0,788.0,3,65900.0
-116.17,33.66,22.0,639.0,203.0,664.0,153.0,2,47500.0
-116.17,33.53,13.0,1713.0,512.0,1978.0,442.0,2,58600.0
-116.18,33.69,17.0,89.0,19.0,79.0,21.0,2,155000.0
-116.18,33.67,25.0,2888.0,654.0,2940.0,660.0,2,66700.0
-116.19,33.67,16.0,1859.0,476.0,1994.0,477.0,2,67500.0
-116.2,33.7,26.0,2399.0,625.0,2654.0,535.0,2,60600.0
-116.2,33.63,23.0,1152.0,273.0,1077.0,235.0,2,96300.0
-116.2,32.64,28.0,1608.0,409.0,567.0,254.0,1,61800.0
-116.21,33.75,22.0,894.0,192.0,830.0,202.0,3,68200.0
-116.21,33.72,28.0,2488.0,714.0,2891.0,676.0,2,68900.0
-116.21,33.71,19.0,3114.0,787.0,3157.0,772.0,2,82200.0
-116.21,33.68,34.0,584.0,176.0,625.0,166.0,2,100000.0
-116.21,33.66,19.0,1596.0,295.0,1201.0,282.0,4,100900.0
-116.22,36.0,14.0,1372.0,386.0,436.0,213.0,1,32900.0
-116.22,34.21,23.0,1175.0,468.0,355.0,151.0,2,42500.0
-116.22,33.74,26.0,4120.0,858.0,2918.0,815.0,3,69400.0
-116.22,33.73,38.0,1695.0,352.0,1279.0,305.0,2,68500.0
-116.22,33.72,28.0,826.0,258.0,979.0,245.0,2,58800.0
-116.22,33.7,9.0,3861.0,849.0,825.0,401.0,3,124700.0
-116.23,33.73,29.0,1133.0,221.0,918.0,239.0,3,72100.0
-116.23,33.72,32.0,4981.0,1326.0,3779.0,1186.0,2,76900.0
-116.23,33.71,17.0,4874.0,1349.0,5032.0,1243.0,2,90000.0
-116.24,33.73,14.0,2774.0,566.0,1530.0,505.0,3,104100.0
-116.24,33.72,25.0,5236.0,1039.0,2725.0,935.0,4,93400.0
-116.24,33.71,10.0,9033.0,2224.0,5525.0,1845.0,3,95000.0
-116.25,33.81,24.0,880.0,187.0,507.0,169.0,3,67500.0
-116.25,33.75,33.0,278.0,91.0,375.0,81.0,2,50000.0
-116.25,33.69,5.0,1664.0,444.0,907.0,374.0,3,92900.0
-116.26,33.65,3.0,7437.0,1222.0,574.0,302.0,10,382400.0
-116.26,33.07,17.0,934.0,284.0,452.0,184.0,2,83700.0
-116.27,34.13,37.0,452.0,109.0,184.0,59.0,4,65800.0
-116.29,33.74,6.0,12991.0,2555.0,4571.0,1926.0,5,199300.0
-116.29,33.72,5.0,3584.0,760.0,1097.0,470.0,3,167400.0
-116.3,33.68,10.0,2387.0,481.0,863.0,304.0,3,137500.0
-116.31,34.13,20.0,2352.0,556.0,1217.0,481.0,2,55400.0
-116.31,33.67,15.0,2214.0,410.0,1152.0,350.0,3,93400.0
-116.31,33.67,11.0,4686.0,851.0,2466.0,731.0,3,91800.0
-116.31,33.66,7.0,4497.0,831.0,2248.0,713.0,4,98000.0
-116.32,34.14,18.0,1880.0,487.0,994.0,425.0,2,54200.0
-116.32,34.1,10.0,4256.0,861.0,1403.0,686.0,3,81000.0
-116.32,33.28,19.0,1791.0,367.0,327.0,185.0,3,100000.0
-116.33,34.15,13.0,1808.0,411.0,735.0,320.0,2,57400.0
-116.33,33.75,5.0,19107.0,3923.0,2880.0,1376.0,4,158500.0
-116.33,33.72,11.0,12327.0,2000.0,2450.0,1139.0,7,353100.0
-116.34,33.36,24.0,2746.0,514.0,731.0,295.0,3,176400.0
-116.35,34.13,9.0,1969.0,406.0,805.0,349.0,2,62300.0
-116.35,32.74,16.0,2595.0,606.0,1046.0,367.0,2,110700.0
-116.36,33.88,11.0,12557.0,3098.0,2453.0,1232.0,2,78500.0
-116.37,33.72,17.0,8626.0,1859.0,3497.0,1337.0,3,121300.0
-116.37,33.69,7.0,8806.0,1542.0,858.0,448.0,8,318100.0
-116.37,33.19,12.0,4890.0,1152.0,1289.0,570.0,3,98700.0
-116.38,34.2,14.0,4985.0,1238.0,2517.0,954.0,2,65000.0
-116.38,34.1,6.0,2104.0,348.0,841.0,320.0,4,116300.0
-116.38,33.74,7.0,17579.0,3479.0,3581.0,1820.0,4,194500.0
-116.38,33.73,10.0,11836.0,2405.0,3811.0,1570.0,4,134500.0
-116.38,33.71,17.0,12509.0,2460.0,2737.0,1423.0,5,258100.0
-116.39,34.15,15.0,5583.0,1149.0,2709.0,964.0,2,73300.0
-116.39,33.82,15.0,11115.0,2257.0,4122.0,1653.0,3,74400.0
-116.39,33.72,19.0,7646.0,1618.0,2496.0,1075.0,4,128000.0
-116.39,33.69,10.0,11659.0,2007.0,2186.0,1083.0,7,238800.0
-116.4,34.12,16.0,5648.0,1089.0,2524.0,1008.0,3,78000.0
-116.4,34.09,9.0,4855.0,872.0,2098.0,765.0,3,97800.0
-116.4,33.78,8.0,3059.0,500.0,612.0,208.0,7,259200.0
-116.41,33.74,25.0,2475.0,476.0,910.0,387.0,3,168800.0
-116.41,33.74,17.0,4289.0,893.0,958.0,440.0,2,177800.0
-116.42,33.79,12.0,7095.0,1260.0,1179.0,570.0,5,285000.0
-116.42,33.76,14.0,16921.0,2837.0,2524.0,1262.0,8,341700.0
-116.42,33.68,15.0,3895.0,782.0,900.0,529.0,2,138300.0
-116.42,33.51,26.0,186.0,48.0,102.0,39.0,3,103100.0
-116.43,34.1,17.0,6683.0,1296.0,2677.0,1227.0,2,84000.0
-116.43,33.81,8.0,6710.0,1343.0,2069.0,781.0,4,115100.0
-116.43,33.75,24.0,2596.0,438.0,473.0,237.0,4,500001.0
-116.44,34.16,19.0,1867.0,361.0,758.0,321.0,3,98100.0
-116.44,34.12,18.0,5584.0,1303.0,2250.0,1158.0,2,72400.0
-116.44,33.93,17.0,5293.0,1266.0,1201.0,599.0,2,88400.0
-116.44,33.77,18.0,4872.0,1110.0,955.0,656.0,2,97500.0
-116.44,33.74,5.0,846.0,249.0,117.0,67.0,8,403300.0
-116.45,33.8,9.0,5534.0,1206.0,2283.0,1008.0,4,99100.0
-116.45,33.78,16.0,5228.0,992.0,1177.0,639.0,3,134600.0
-116.45,32.65,22.0,2680.0,643.0,1644.0,516.0,2,127100.0
-116.46,33.82,6.0,4863.0,920.0,3010.0,828.0,4,104200.0
-116.46,33.78,33.0,2565.0,745.0,2301.0,638.0,3,83000.0
-116.47,34.07,22.0,5473.0,1234.0,2581.0,1098.0,2,65300.0
-116.47,33.94,18.0,2233.0,471.0,919.0,388.0,3,85200.0
-116.47,33.84,3.0,9169.0,1512.0,3838.0,1270.0,4,142500.0
-116.47,33.81,7.0,10105.0,2481.0,6274.0,2095.0,2,90900.0
-116.47,33.78,27.0,1781.0,441.0,759.0,340.0,3,113600.0
-116.48,33.94,10.0,3254.0,913.0,923.0,486.0,2,81000.0
-116.48,33.79,14.0,9425.0,2020.0,1711.0,1000.0,3,145200.0
-116.48,33.61,8.0,1294.0,272.0,457.0,199.0,3,115300.0
-116.49,33.82,27.0,3316.0,636.0,2362.0,532.0,3,65900.0
-116.49,33.8,13.0,8789.0,1875.0,1274.0,688.0,4,148900.0
-116.5,33.98,5.0,4332.0,868.0,1420.0,567.0,4,146400.0
-116.5,33.95,10.0,7249.0,1882.0,4274.0,1621.0,2,66600.0
-116.5,33.82,16.0,343.0,85.0,29.0,14.0,2,87500.0
-116.5,33.81,26.0,5032.0,1229.0,3086.0,1183.0,3,94800.0
-116.5,33.69,20.0,4810.0,1074.0,1304.0,740.0,2,248100.0
-116.51,34.85,15.0,3149.0,713.0,1281.0,486.0,2,64700.0
-116.51,34.45,21.0,8502.0,2634.0,2330.0,991.0,1,51300.0
-116.51,33.96,16.0,4913.0,1395.0,2518.0,1132.0,1,61100.0
-116.51,33.94,12.0,3369.0,780.0,1315.0,584.0,2,66000.0
-116.51,33.89,21.0,1284.0,306.0,537.0,233.0,2,61000.0
-116.52,33.97,13.0,3921.0,754.0,1902.0,665.0,3,89600.0
-116.52,33.85,13.0,7559.0,1444.0,3189.0,1105.0,3,112500.0
-116.52,33.84,17.0,4465.0,859.0,853.0,445.0,4,130400.0
-116.52,33.82,21.0,10227.0,2315.0,3623.0,1734.0,3,145200.0
-116.52,32.9,18.0,4454.0,852.0,1754.0,656.0,5,189900.0
-116.53,33.95,18.0,2990.0,648.0,1280.0,532.0,3,68200.0
-116.53,33.88,5.0,4423.0,763.0,1906.0,667.0,5,125200.0
-116.53,33.85,16.0,10077.0,2186.0,3048.0,1337.0,3,110900.0
-116.53,33.84,28.0,8399.0,1839.0,3470.0,1340.0,3,159000.0
-116.53,33.78,18.0,2547.0,463.0,411.0,214.0,3,220500.0
-116.54,33.81,31.0,6814.0,1714.0,2628.0,1341.0,2,124100.0
-116.54,33.81,24.0,6087.0,1217.0,1721.0,833.0,3,199400.0
-116.54,33.8,22.0,6050.0,1387.0,1432.0,890.0,2,183900.0
-116.54,33.79,18.0,9374.0,1780.0,1678.0,919.0,4,235600.0
-116.55,33.84,28.0,2992.0,562.0,676.0,346.0,6,500001.0
-116.56,34.06,15.0,6928.0,1529.0,2568.0,1075.0,3,69600.0
-116.56,33.83,36.0,1765.0,399.0,451.0,264.0,3,321900.0
-116.56,33.05,15.0,1985.0,361.0,536.0,209.0,4,148200.0
-116.57,35.43,8.0,9975.0,1743.0,6835.0,1439.0,3,22500.0
-116.57,34.0,20.0,260.0,67.0,69.0,50.0,4,76600.0
-116.57,33.94,29.0,551.0,166.0,224.0,107.0,1,50000.0
-116.57,33.84,18.0,7962.0,1652.0,2009.0,921.0,3,230200.0
-116.57,33.64,10.0,489.0,82.0,183.0,74.0,6,345500.0
-116.58,32.69,19.0,4085.0,876.0,2133.0,718.0,3,116500.0
-116.6,33.49,16.0,3730.0,827.0,1346.0,592.0,2,113500.0
-116.6,33.06,23.0,1731.0,365.0,612.0,258.0,3,172900.0
-116.61,33.04,11.0,2522.0,538.0,616.0,269.0,4,198100.0
-116.62,34.23,14.0,6438.0,1719.0,1586.0,691.0,2,67400.0
-116.62,32.86,18.0,4115.0,847.0,2032.0,745.0,4,169100.0
-116.66,32.79,13.0,843.0,157.0,918.0,152.0,6,240600.0
-116.67,32.97,16.0,349.0,74.0,120.0,43.0,5,193800.0
-116.68,33.71,21.0,3460.0,711.0,658.0,255.0,4,161100.0
-116.68,33.16,26.0,1820.0,374.0,1001.0,324.0,2,156300.0
-116.71,33.94,12.0,549.0,109.0,209.0,90.0,3,66300.0
-116.72,34.89,14.0,4527.0,875.0,1640.0,590.0,3,81700.0
-116.72,33.56,13.0,3166.0,682.0,1250.0,475.0,2,122900.0
-116.74,33.62,11.0,2385.0,661.0,682.0,242.0,3,214300.0
-116.74,33.33,17.0,4190.0,946.0,1802.0,673.0,2,158200.0
-116.75,33.83,16.0,5277.0,1070.0,657.0,276.0,3,143400.0
-116.75,32.85,17.0,4863.0,845.0,2266.0,769.0,4,217400.0
-116.75,32.82,17.0,3348.0,481.0,1222.0,443.0,7,308600.0
-116.76,34.29,14.0,3959.0,849.0,1064.0,376.0,3,111400.0
-116.76,34.14,4.0,42.0,10.0,9.0,3.0,1,42500.0
-116.76,33.46,6.0,1251.0,268.0,544.0,216.0,3,173400.0
-116.76,32.84,16.0,3311.0,702.0,1627.0,624.0,3,187200.0
-116.76,32.74,14.0,4085.0,751.0,2129.0,688.0,5,214500.0
-116.77,33.92,19.0,2307.0,525.0,1266.0,437.0,2,63000.0
-116.78,33.0,7.0,12480.0,1946.0,5102.0,1697.0,6,221000.0
-116.79,33.99,16.0,319.0,68.0,212.0,67.0,1,90000.0
-116.79,32.84,12.0,4281.0,786.0,1891.0,721.0,4,231800.0
-116.79,32.61,19.0,2652.0,520.0,1421.0,491.0,4,206100.0
-116.8,33.8,35.0,324.0,63.0,158.0,39.0,3,100000.0
-116.8,32.8,11.0,3874.0,565.0,1672.0,546.0,6,274600.0
-116.82,34.24,11.0,5799.0,1527.0,713.0,262.0,3,84700.0
-116.83,34.25,15.0,8948.0,1985.0,1316.0,514.0,3,90800.0
-116.83,32.83,6.0,3123.0,495.0,1513.0,480.0,5,167800.0
-116.84,33.01,5.0,5673.0,855.0,2592.0,797.0,5,199200.0
-116.84,32.92,20.0,1066.0,219.0,536.0,173.0,3,119300.0
-116.84,32.86,16.0,2502.0,532.0,1211.0,494.0,3,202100.0
-116.85,34.98,26.0,3606.0,792.0,1683.0,608.0,3,57400.0
-116.85,34.25,5.0,5806.0,1030.0,569.0,219.0,4,163100.0
-116.85,32.83,17.0,4234.0,770.0,2191.0,725.0,4,197600.0
-116.86,34.23,13.0,4760.0,938.0,309.0,132.0,5,147800.0
-116.86,33.97,11.0,658.0,131.0,376.0,120.0,2,58000.0
-116.86,33.84,18.0,521.0,118.0,174.0,74.0,3,91100.0
-116.86,33.73,13.0,2604.0,443.0,978.0,417.0,3,170700.0
-116.86,33.05,17.0,9044.0,1689.0,5030.0,1596.0,4,164500.0
-116.86,33.02,17.0,401.0,68.0,251.0,69.0,5,170200.0
-116.86,32.87,17.0,5799.0,921.0,2630.0,843.0,5,285400.0
-116.86,32.8,19.0,1747.0,291.0,848.0,290.0,5,187200.0
-116.87,33.94,35.0,4448.0,906.0,2736.0,843.0,2,73400.0
-116.87,33.93,32.0,3141.0,812.0,2589.0,721.0,1,54600.0
-116.87,33.76,5.0,4116.0,761.0,1714.0,717.0,3,130800.0
-116.87,33.57,12.0,1153.0,265.0,446.0,195.0,3,128100.0
-116.87,32.75,15.0,2053.0,321.0,993.0,309.0,6,248900.0
-116.87,32.72,13.0,3268.0,491.0,1431.0,503.0,6,259900.0
-116.88,34.25,11.0,1089.0,198.0,230.0,90.0,5,176000.0
-116.88,34.24,13.0,4137.0,796.0,573.0,218.0,5,226500.0
-116.88,34.19,38.0,898.0,259.0,106.0,52.0,2,225000.0
-116.88,34.08,52.0,3419.0,777.0,710.0,265.0,4,128600.0
-116.88,33.93,37.0,1495.0,429.0,865.0,342.0,1,55000.0
-116.88,33.74,20.0,3111.0,623.0,1000.0,508.0,2,140000.0
-116.88,33.05,11.0,7217.0,1583.0,4197.0,1502.0,3,166700.0
-116.88,33.02,16.0,3204.0,541.0,1818.0,529.0,5,171500.0
-116.88,32.86,9.0,3049.0,471.0,1527.0,515.0,5,196600.0
-116.89,33.93,29.0,4549.0,916.0,2494.0,912.0,2,72600.0
-116.89,33.92,10.0,2653.0,621.0,1967.0,598.0,3,81000.0
-116.89,33.86,2.0,6900.0,1238.0,1950.0,980.0,3,146300.0
-116.89,33.75,23.0,2719.0,538.0,930.0,485.0,2,81700.0
-116.89,33.48,14.0,1016.0,219.0,443.0,169.0,3,137500.0
-116.89,32.99,14.0,2816.0,501.0,1448.0,452.0,5,210900.0
-116.89,32.85,16.0,1743.0,333.0,652.0,322.0,3,158300.0
-116.89,32.85,15.0,3560.0,593.0,1757.0,574.0,5,185300.0
-116.89,32.67,9.0,2652.0,393.0,1355.0,362.0,6,293100.0
-116.9,34.69,10.0,337.0,102.0,108.0,50.0,0,55000.0
-116.9,34.52,20.0,3481.0,840.0,1694.0,587.0,1,77700.0
-116.9,34.25,16.0,3018.0,523.0,556.0,244.0,4,189700.0
-116.9,33.98,30.0,3915.0,672.0,1820.0,643.0,4,98600.0
-116.9,33.93,34.0,3183.0,738.0,1820.0,647.0,2,71800.0
-116.9,33.74,14.0,2281.0,426.0,894.0,430.0,2,127900.0
-116.9,33.65,15.0,652.0,149.0,248.0,97.0,2,93800.0
-116.9,33.22,11.0,4132.0,773.0,2012.0,703.0,3,234500.0
-116.9,33.03,11.0,3213.0,634.0,1975.0,579.0,3,167200.0
-116.9,32.9,19.0,3090.0,552.0,1621.0,520.0,4,189200.0
-116.9,32.84,18.0,4215.0,810.0,2104.0,773.0,4,146900.0
-116.9,32.84,18.0,3612.0,737.0,1864.0,713.0,3,153800.0
-116.9,32.79,21.0,3770.0,491.0,1410.0,446.0,7,294700.0
-116.9,32.77,8.0,3600.0,492.0,1421.0,482.0,6,307100.0
-116.91,34.0,18.0,553.0,100.0,215.0,82.0,6,193800.0
-116.91,33.75,13.0,10886.0,2127.0,4266.0,1955.0,2,123400.0
-116.91,33.71,19.0,6807.0,1164.0,2703.0,1055.0,3,189700.0
-116.91,32.87,14.0,3048.0,597.0,1690.0,576.0,4,147100.0
-116.91,32.86,15.0,3153.0,628.0,1633.0,527.0,4,131000.0
-116.91,32.86,10.0,3699.0,838.0,2310.0,759.0,3,139500.0
-116.91,32.85,21.0,4152.0,703.0,2255.0,697.0,5,159500.0
-116.91,32.83,16.0,5203.0,898.0,2515.0,862.0,4,174400.0
-116.91,32.82,14.0,1978.0,424.0,1085.0,387.0,4,170100.0
-116.91,32.81,22.0,4331.0,637.0,1952.0,654.0,5,232000.0
-116.91,32.8,32.0,1943.0,287.0,1081.0,292.0,6,208800.0
-116.91,32.78,15.0,4058.0,511.0,1580.0,473.0,8,316400.0
-116.91,32.73,8.0,4630.0,624.0,2048.0,575.0,6,300300.0
-116.92,33.63,18.0,397.0,89.0,239.0,80.0,3,143800.0
-116.92,32.85,23.0,1378.0,269.0,767.0,266.0,4,145000.0
-116.92,32.84,16.0,4675.0,834.0,2188.0,817.0,5,178000.0
-116.92,32.82,34.0,1765.0,284.0,772.0,282.0,5,165300.0
-116.92,32.82,17.0,2492.0,494.0,1278.0,439.0,3,155700.0
-116.92,32.82,16.0,2784.0,468.0,1458.0,465.0,4,184600.0
-116.92,32.8,33.0,1518.0,268.0,857.0,272.0,4,160400.0
-116.92,32.78,21.0,4192.0,752.0,2101.0,710.0,4,159100.0
-116.92,32.76,9.0,1859.0,307.0,947.0,304.0,6,181300.0
-116.93,33.93,13.0,7804.0,1594.0,3297.0,1469.0,2,95600.0
-116.93,33.75,14.0,6027.0,1148.0,3136.0,1036.0,3,121500.0
-116.93,33.74,15.0,3757.0,666.0,1693.0,654.0,4,112800.0
-116.93,33.06,16.0,3490.0,545.0,1628.0,535.0,5,239900.0
-116.93,32.87,17.0,3722.0,670.0,1561.0,604.0,4,211900.0
-116.93,32.85,5.0,4116.0,990.0,2770.0,905.0,3,150000.0
-116.93,32.85,15.0,3273.0,895.0,1872.0,842.0,3,119000.0
-116.93,32.83,21.0,1283.0,278.0,684.0,289.0,2,163500.0
-116.93,32.82,26.0,4129.0,714.0,1820.0,718.0,4,171000.0
-116.93,32.81,18.0,2447.0,466.0,1573.0,472.0,3,125400.0
-116.93,32.79,23.0,5759.0,1258.0,3108.0,1202.0,3,140600.0
-116.93,32.79,19.0,3354.0,699.0,1948.0,682.0,3,142300.0
-116.94,34.4,20.0,6541.0,1401.0,2631.0,980.0,2,78500.0
-116.94,34.24,27.0,12342.0,2630.0,1300.0,566.0,2,153500.0
-116.94,33.77,14.0,7240.0,1410.0,2708.0,1240.0,2,137600.0
-116.94,33.74,19.0,2901.0,445.0,1414.0,475.0,5,118900.0
-116.94,33.73,17.0,5160.0,851.0,2344.0,781.0,4,120000.0
-116.94,32.89,24.0,2541.0,381.0,1078.0,372.0,5,227800.0
-116.94,32.87,24.0,2824.0,441.0,1480.0,471.0,5,177200.0
-116.94,32.84,32.0,1607.0,253.0,778.0,262.0,5,166300.0
-116.94,32.83,38.0,1701.0,317.0,872.0,304.0,4,147800.0
-116.94,32.82,35.0,1737.0,285.0,826.0,294.0,3,159200.0
-116.94,32.8,28.0,3042.0,729.0,1964.0,703.0,2,137500.0
-116.94,32.8,21.0,7906.0,2292.0,4868.0,2117.0,2,109800.0
-116.94,32.78,17.0,13559.0,2656.0,6990.0,2533.0,3,193200.0
-116.94,32.75,4.0,14934.0,2479.0,6945.0,2418.0,5,229700.0
-116.95,33.97,14.0,5320.0,974.0,1947.0,843.0,3,116300.0
-116.95,33.79,8.0,10997.0,2205.0,5060.0,1949.0,2,95300.0
-116.95,33.78,24.0,3409.0,804.0,1939.0,739.0,2,74000.0
-116.95,33.76,10.0,6890.0,1702.0,3141.0,1451.0,2,95900.0
-116.95,33.75,23.0,4676.0,1096.0,2770.0,1057.0,2,109500.0
-116.95,33.75,19.0,2238.0,573.0,1190.0,507.0,2,85800.0
-116.95,33.74,20.0,2233.0,431.0,1024.0,399.0,2,89400.0
-116.95,33.74,18.0,1996.0,405.0,1270.0,400.0,3,91200.0
-116.95,33.73,21.0,4587.0,810.0,2233.0,765.0,3,94500.0
-116.95,33.68,11.0,1183.0,178.0,543.0,147.0,4,173900.0
-116.95,33.31,16.0,2921.0,639.0,1838.0,540.0,2,117000.0
-116.95,32.96,18.0,2087.0,353.0,992.0,329.0,4,222600.0
-116.95,32.84,31.0,1307.0,245.0,752.0,231.0,3,129400.0
-116.95,32.83,14.0,12517.0,2506.0,6389.0,2333.0,3,168700.0
-116.95,32.82,18.0,3038.0,592.0,1904.0,595.0,4,144900.0
-116.95,32.82,12.0,5535.0,1434.0,3112.0,1262.0,3,108300.0
-116.95,32.81,31.0,1277.0,293.0,698.0,237.0,3,147700.0
-116.95,32.81,15.0,2619.0,599.0,1513.0,537.0,3,100000.0
-116.95,32.79,19.0,11391.0,3093.0,7178.0,2905.0,2,123200.0
-116.95,32.78,33.0,2432.0,443.0,1147.0,427.0,3,138100.0
-116.95,32.78,20.0,3425.0,448.0,1489.0,443.0,6,296400.0
-116.95,32.77,25.0,3308.0,421.0,1201.0,414.0,6,303400.0
-116.95,32.76,13.0,5543.0,857.0,2074.0,737.0,5,266200.0
-116.95,32.73,17.0,1635.0,272.0,960.0,279.0,5,157100.0
-116.96,34.94,20.0,2355.0,467.0,1198.0,428.0,4,88500.0
-116.96,34.83,30.0,1211.0,289.0,611.0,230.0,2,44700.0
-116.96,33.94,22.0,1999.0,497.0,1304.0,479.0,1,81900.0
-116.96,33.79,21.0,2990.0,691.0,2108.0,660.0,2,83000.0
-116.96,33.75,35.0,3269.0,757.0,2328.0,705.0,3,76300.0
-116.96,33.74,19.0,3649.0,755.0,1717.0,696.0,2,87600.0
-116.96,33.73,20.0,4735.0,973.0,2306.0,904.0,3,87000.0
-116.96,32.9,16.0,3047.0,495.0,1507.0,499.0,5,186500.0
-116.96,32.87,17.0,4713.0,740.0,2531.0,723.0,5,158500.0
-116.96,32.86,14.0,3064.0,496.0,1681.0,503.0,4,160300.0
-116.96,32.85,11.0,9724.0,1796.0,5247.0,1777.0,4,166100.0
-116.96,32.81,8.0,2378.0,638.0,1410.0,623.0,3,152500.0
-116.96,32.8,25.0,3421.0,803.0,1681.0,742.0,3,134400.0
-116.96,32.8,19.0,4574.0,1152.0,3045.0,1057.0,2,124100.0
-116.96,32.8,16.0,3920.0,1094.0,2612.0,1023.0,1,120800.0
-116.96,32.79,35.0,1081.0,266.0,691.0,259.0,3,133700.0
-116.96,32.79,19.0,3008.0,693.0,2341.0,689.0,3,123800.0
-116.96,32.79,17.0,5236.0,1325.0,3308.0,1233.0,2,138800.0
-116.96,32.78,26.0,2807.0,630.0,1785.0,580.0,2,132800.0
-116.97,33.96,12.0,5876.0,1222.0,2992.0,1151.0,2,112100.0
-116.97,33.94,29.0,3197.0,632.0,1722.0,603.0,3,91200.0
-116.97,33.93,29.0,2793.0,722.0,1583.0,626.0,1,73200.0
-116.97,33.78,24.0,2680.0,606.0,1728.0,527.0,3,74800.0
-116.97,33.74,31.0,2712.0,628.0,1519.0,629.0,2,86200.0
-116.97,33.74,20.0,3674.0,792.0,1498.0,758.0,2,76900.0
-116.97,33.13,10.0,5149.0,851.0,2177.0,783.0,7,287500.0
-116.97,32.83,23.0,149.0,32.0,101.0,34.0,3,112500.0
-116.97,32.8,15.0,3927.0,1018.0,2204.0,977.0,2,111400.0
-116.97,32.79,32.0,1255.0,338.0,782.0,302.0,3,113600.0
-116.97,32.79,19.0,4108.0,1101.0,2971.0,1006.0,2,112500.0
-116.97,32.78,37.0,1255.0,238.0,671.0,278.0,4,138600.0
-116.97,32.78,35.0,1113.0,236.0,681.0,246.0,3,136400.0
-116.97,32.78,26.0,8902.0,1413.0,3941.0,1387.0,5,226900.0
-116.97,32.76,33.0,3071.0,466.0,1348.0,513.0,6,228900.0
-116.97,32.76,26.0,2460.0,313.0,838.0,299.0,6,270700.0
-116.97,32.75,28.0,3519.0,583.0,1720.0,590.0,5,186900.0
-116.97,32.74,14.0,7410.0,1344.0,3597.0,1274.0,4,176100.0
-116.97,32.65,4.0,16450.0,2833.0,7985.0,2683.0,6,233400.0
-116.97,32.56,23.0,1262.0,294.0,5176.0,275.0,3,153300.0
-116.98,34.13,16.0,2098.0,449.0,342.0,143.0,4,133900.0
-116.98,34.07,21.0,739.0,125.0,199.0,82.0,5,117500.0
-116.98,34.05,6.0,2290.0,312.0,957.0,274.0,7,316700.0
-116.98,33.94,27.0,3459.0,640.0,1760.0,654.0,3,89800.0
-116.98,33.93,40.0,2277.0,498.0,1391.0,453.0,2,73200.0
-116.98,33.93,33.0,376.0,83.0,267.0,88.0,2,68300.0
-116.98,33.83,15.0,2228.0,472.0,653.0,350.0,3,139300.0
-116.98,33.77,12.0,5829.0,1309.0,2711.0,1118.0,2,107900.0
-116.98,33.74,25.0,4952.0,1062.0,1589.0,1024.0,2,85700.0
-116.98,32.88,12.0,7320.0,1279.0,4048.0,1249.0,4,151700.0
-116.98,32.86,19.0,2121.0,341.0,1236.0,353.0,5,153200.0
-116.98,32.86,16.0,7718.0,1423.0,4383.0,1394.0,4,146400.0
-116.98,32.85,12.0,3570.0,713.0,3321.0,666.0,4,134500.0
-116.98,32.8,28.0,5721.0,1029.0,2672.0,1054.0,4,164400.0
-116.98,32.79,32.0,3756.0,662.0,1611.0,598.0,4,189700.0
-116.98,32.77,29.0,3558.0,447.0,1097.0,445.0,8,379600.0
-116.98,32.75,25.0,4137.0,662.0,1905.0,630.0,4,214000.0
-116.98,32.75,18.0,1519.0,369.0,802.0,347.0,3,170800.0
-116.98,32.74,24.0,977.0,147.0,454.0,169.0,5,173700.0
-116.98,32.74,16.0,3361.0,537.0,1754.0,578.0,5,162300.0
-116.98,32.73,16.0,952.0,143.0,530.0,143.0,5,175300.0
-116.98,32.72,4.0,1078.0,158.0,571.0,184.0,5,223300.0
-116.98,32.71,18.0,2355.0,444.0,1277.0,433.0,3,121400.0
-116.99,34.89,24.0,2741.0,577.0,1551.0,522.0,3,70500.0
-116.99,34.88,23.0,6060.0,1165.0,2920.0,1072.0,3,69000.0
-116.99,34.3,29.0,5055.0,1036.0,410.0,191.0,4,157100.0
-116.99,33.99,22.0,4227.0,658.0,1849.0,619.0,5,195900.0
-116.99,33.92,26.0,503.0,69.0,293.0,59.0,4,147500.0
-116.99,33.77,7.0,10352.0,2007.0,3559.0,1689.0,2,113100.0
-116.99,33.76,12.0,7626.0,1704.0,2823.0,1554.0,2,69400.0
-116.99,33.75,18.0,9601.0,2401.0,4002.0,2106.0,1,77000.0
-116.99,33.73,13.0,16148.0,3474.0,6159.0,3232.0,2,97800.0
-116.99,33.46,13.0,1614.0,410.0,846.0,270.0,3,43000.0
-116.99,32.96,17.0,5509.0,866.0,2748.0,817.0,5,181300.0
-116.99,32.85,32.0,5211.0,949.0,3025.0,948.0,4,134200.0
-116.99,32.83,20.0,6696.0,1326.0,3687.0,1291.0,3,154600.0
-116.99,32.81,25.0,4436.0,758.0,1997.0,738.0,4,201000.0
-116.99,32.81,18.0,10968.0,1521.0,4439.0,1501.0,6,250000.0
-116.99,32.8,34.0,3657.0,538.0,1513.0,562.0,5,195800.0
-116.99,32.79,33.0,2420.0,393.0,1003.0,397.0,4,165100.0
-116.99,32.79,26.0,3623.0,703.0,1609.0,669.0,4,165800.0
-116.99,32.78,29.0,1114.0,163.0,385.0,154.0,5,222800.0
-116.99,32.77,35.0,2306.0,334.0,828.0,310.0,6,301600.0
-116.99,32.74,18.0,3341.0,611.0,1952.0,602.0,4,215300.0
-116.99,32.74,17.0,3101.0,547.0,1410.0,486.0,3,189900.0
-116.99,32.73,30.0,1856.0,339.0,1103.0,379.0,4,153800.0
-116.99,32.72,15.0,825.0,130.0,334.0,131.0,4,169500.0
-116.99,32.72,14.0,1771.0,301.0,1046.0,284.0,5,143300.0
-116.99,32.72,13.0,1330.0,216.0,719.0,215.0,4,149600.0
-116.99,32.72,11.0,1112.0,164.0,441.0,174.0,5,169500.0
-116.99,32.71,21.0,3049.0,582.0,2355.0,585.0,4,113800.0
-116.99,32.7,15.0,3660.0,622.0,2629.0,612.0,4,150100.0
-116.99,32.64,15.0,4331.0,699.0,2046.0,627.0,4,193500.0
-117.0,34.89,29.0,2637.0,512.0,1188.0,446.0,3,69400.0
-117.0,34.87,16.0,6862.0,1292.0,3562.0,1126.0,4,87200.0
-117.0,33.74,8.0,5330.0,1529.0,2143.0,1107.0,2,94400.0
-117.0,33.29,17.0,2073.0,313.0,573.0,221.0,8,419200.0
-117.0,32.87,18.0,11544.0,1979.0,6296.0,1923.0,4,150400.0
-117.0,32.85,24.0,1888.0,319.0,950.0,319.0,5,140800.0
-117.0,32.8,33.0,1816.0,325.0,768.0,316.0,5,150300.0
-117.0,32.77,35.0,2114.0,317.0,881.0,320.0,6,241400.0
-117.0,32.77,30.0,1802.0,401.0,776.0,386.0,3,173500.0
-117.0,32.76,31.0,2545.0,373.0,956.0,342.0,4,226800.0
-117.0,32.76,31.0,1989.0,280.0,805.0,301.0,7,189100.0
-117.0,32.74,17.0,2357.0,599.0,1423.0,510.0,2,118800.0
-117.0,32.72,10.0,3817.0,943.0,2352.0,875.0,2,143200.0
-117.0,32.71,22.0,2263.0,441.0,1395.0,416.0,4,123500.0
-117.0,32.7,23.0,2785.0,468.0,1456.0,449.0,4,131000.0
-117.0,32.67,16.0,2238.0,307.0,1002.0,303.0,7,264100.0
-117.0,32.64,11.0,3098.0,490.0,1391.0,484.0,5,170400.0
-117.01,34.9,36.0,2181.0,555.0,1404.0,492.0,2,55500.0
-117.01,34.9,34.0,2194.0,519.0,1326.0,515.0,2,72000.0
-117.01,34.89,26.0,2599.0,498.0,1332.0,443.0,3,70400.0
-117.01,34.01,15.0,5592.0,891.0,2419.0,840.0,5,135200.0
-117.01,33.97,18.0,4775.0,886.0,1868.0,836.0,2,118800.0
-117.01,33.04,13.0,4595.0,567.0,1643.0,544.0,8,362300.0
-117.01,32.99,8.0,3372.0,430.0,1536.0,448.0,8,378300.0
-117.01,32.85,23.0,2592.0,414.0,1401.0,431.0,5,151400.0
-117.01,32.84,23.0,1951.0,395.0,901.0,378.0,3,143300.0
-117.01,32.83,17.0,15401.0,3280.0,7302.0,3176.0,3,121900.0
-117.01,32.81,26.0,4499.0,645.0,1866.0,626.0,6,185100.0
-117.01,32.81,21.0,4203.0,618.0,1620.0,600.0,5,193500.0
-117.01,32.8,20.0,2705.0,545.0,1198.0,497.0,4,168900.0
-117.01,32.8,17.0,1558.0,479.0,803.0,431.0,3,160200.0
-117.01,32.8,17.0,1042.0,210.0,650.0,215.0,3,84200.0
-117.01,32.79,33.0,4015.0,663.0,1864.0,664.0,4,159300.0
-117.01,32.79,31.0,3776.0,815.0,1886.0,799.0,3,155300.0
-117.01,32.78,20.0,2616.0,597.0,1532.0,579.0,3,235600.0
-117.01,32.77,43.0,841.0,192.0,496.0,207.0,3,149300.0
-117.01,32.77,34.0,3330.0,723.0,1592.0,656.0,3,164200.0
-117.01,32.76,34.0,3415.0,608.0,1464.0,593.0,4,223700.0
-117.01,32.76,22.0,3626.0,824.0,1800.0,769.0,3,189600.0
-117.01,32.75,34.0,2105.0,340.0,973.0,357.0,4,152500.0
-117.01,32.75,26.0,4038.0,706.0,2065.0,687.0,4,178100.0
-117.01,32.74,31.0,3473.0,722.0,2098.0,677.0,3,135200.0
-117.01,32.73,22.0,2526.0,530.0,1556.0,529.0,3,120800.0
-117.01,32.72,12.0,2914.0,734.0,2104.0,703.0,2,132300.0
-117.01,32.71,20.0,3506.0,692.0,1977.0,668.0,3,129100.0
-117.01,32.7,7.0,2327.0,490.0,1304.0,445.0,3,132200.0
-117.01,32.7,25.0,2321.0,398.0,1434.0,386.0,4,120800.0
-117.01,32.67,17.0,2319.0,348.0,1125.0,337.0,6,266900.0
-117.01,32.66,11.0,9992.0,1368.0,4495.0,1316.0,7,293900.0
-117.01,32.63,7.0,6483.0,976.0,3269.0,1005.0,6,221600.0
-117.02,36.4,19.0,619.0,239.0,490.0,164.0,2,14999.0
-117.02,34.9,37.0,1199.0,351.0,782.0,296.0,2,61600.0
-117.02,34.89,29.0,3111.0,661.0,1530.0,608.0,3,69300.0
-117.02,34.03,19.0,4415.0,648.0,1627.0,619.0,4,191600.0
-117.02,33.95,5.0,1822.0,367.0,798.0,313.0,3,105200.0
-117.02,33.81,10.0,6317.0,1335.0,2625.0,1094.0,2,108900.0
-117.02,33.76,20.0,1317.0,203.0,453.0,158.0,3,120700.0
-117.02,33.73,14.0,3700.0,750.0,1171.0,695.0,2,112500.0
-117.02,33.71,6.0,8278.0,1579.0,3062.0,1446.0,3,134700.0
-117.02,33.6,7.0,1972.0,352.0,964.0,317.0,3,337200.0
-117.02,32.95,25.0,1909.0,334.0,1043.0,322.0,4,160100.0
-117.02,32.84,17.0,4013.0,673.0,2263.0,661.0,5,148300.0
-117.02,32.81,27.0,1950.0,317.0,950.0,320.0,4,164000.0
-117.02,32.81,26.0,1998.0,301.0,874.0,305.0,5,180900.0
-117.02,32.81,14.0,3173.0,599.0,1451.0,585.0,4,182200.0
-117.02,32.8,29.0,1232.0,243.0,665.0,247.0,4,168900.0
-117.02,32.8,27.0,2369.0,370.0,927.0,374.0,4,177200.0
-117.02,32.79,36.0,2211.0,384.0,868.0,329.0,4,147900.0
-117.02,32.78,33.0,3481.0,708.0,1726.0,719.0,3,158200.0
-117.02,32.78,31.0,2567.0,507.0,1198.0,499.0,3,163000.0
-117.02,32.76,40.0,2523.0,488.0,976.0,470.0,3,185700.0
-117.02,32.76,15.0,1204.0,326.0,543.0,326.0,1,154200.0
-117.02,32.75,33.0,3296.0,537.0,1345.0,556.0,5,217100.0
-117.02,32.74,30.0,4205.0,772.0,2012.0,734.0,4,144700.0
-117.02,32.74,12.0,3301.0,963.0,2000.0,879.0,2,119200.0
-117.02,32.73,22.0,5201.0,865.0,3280.0,817.0,5,141400.0
-117.02,32.72,36.0,2030.0,369.0,1142.0,357.0,4,126900.0
-117.02,32.71,30.0,3187.0,592.0,2082.0,631.0,4,118500.0
-117.02,32.7,22.0,2756.0,516.0,1849.0,486.0,4,125400.0
-117.02,32.68,14.0,3986.0,675.0,2065.0,702.0,6,267400.0
-117.02,32.67,20.0,1505.0,184.0,635.0,182.0,7,245200.0
-117.02,32.66,19.0,771.0,103.0,376.0,108.0,7,273600.0
-117.02,32.64,5.0,260.0,41.0,157.0,42.0,7,281700.0
-117.02,32.59,19.0,1902.0,335.0,1102.0,313.0,3,98100.0
-117.03,34.91,27.0,2718.0,583.0,1472.0,509.0,3,76600.0
-117.03,34.87,7.0,2245.0,407.0,1016.0,364.0,4,101500.0
-117.03,34.07,16.0,3784.0,577.0,1615.0,525.0,4,220300.0
-117.03,34.03,26.0,3501.0,664.0,1860.0,681.0,3,113500.0
-117.03,33.89,6.0,78.0,11.0,27.0,10.0,3,187500.0
-117.03,33.32,14.0,1088.0,209.0,601.0,193.0,4,243800.0
-117.03,33.18,17.0,5391.0,886.0,2732.0,830.0,5,212800.0
-117.03,33.12,25.0,3142.0,446.0,1286.0,419.0,5,248300.0
-117.03,32.96,16.0,3424.0,698.0,1940.0,645.0,4,182100.0
-117.03,32.82,16.0,1765.0,289.0,743.0,280.0,5,209700.0
-117.03,32.8,19.0,3866.0,775.0,1554.0,703.0,4,220000.0
-117.03,32.79,31.0,2366.0,383.0,1077.0,387.0,4,174400.0
-117.03,32.79,26.0,3859.0,513.0,1469.0,538.0,6,220500.0
-117.03,32.78,17.0,5481.0,1618.0,2957.0,1537.0,3,171300.0
-117.03,32.77,34.0,1796.0,428.0,918.0,424.0,3,161200.0
-117.03,32.77,19.0,4819.0,1492.0,2572.0,1336.0,2,118200.0
-117.03,32.75,24.0,7879.0,1655.0,3898.0,1534.0,3,187300.0
-117.03,32.74,37.0,821.0,150.0,404.0,135.0,3,130400.0
-117.03,32.74,35.0,1878.0,454.0,991.0,409.0,2,129700.0
-117.03,32.73,38.0,3174.0,606.0,1557.0,619.0,4,123600.0
-117.03,32.73,34.0,2061.0,391.0,1169.0,400.0,4,142000.0
-117.03,32.73,32.0,1750.0,333.0,997.0,335.0,3,154400.0
-117.03,32.72,38.0,886.0,176.0,505.0,188.0,4,125400.0
-117.03,32.72,37.0,2192.0,455.0,1515.0,446.0,3,120600.0
-117.03,32.71,34.0,2328.0,444.0,1684.0,429.0,3,99600.0
-117.03,32.71,33.0,3126.0,627.0,2300.0,623.0,3,103000.0
-117.03,32.7,19.0,2304.0,572.0,2010.0,556.0,2,109900.0
-117.03,32.69,8.0,2460.0,397.0,1784.0,390.0,5,175500.0
-117.03,32.69,5.0,3201.0,532.0,2061.0,536.0,5,179400.0
-117.03,32.69,10.0,901.0,163.0,698.0,167.0,5,156100.0
-117.03,32.67,15.0,5094.0,818.0,2118.0,758.0,5,266600.0
-117.03,32.65,14.0,1111.0,142.0,472.0,145.0,8,290500.0
-117.03,32.63,14.0,2796.0,476.0,1466.0,464.0,5,213700.0
-117.03,32.63,13.0,2087.0,313.0,1165.0,330.0,6,227700.0
-117.03,32.61,22.0,1028.0,148.0,523.0,152.0,6,166900.0
-117.04,34.89,37.0,1884.0,366.0,1052.0,353.0,3,66800.0
-117.04,34.04,30.0,3474.0,735.0,1674.0,691.0,3,98300.0
-117.04,34.03,29.0,3375.0,795.0,1760.0,699.0,3,92000.0
-117.04,34.02,24.0,4663.0,1213.0,1851.0,1116.0,1,103500.0
-117.04,34.0,25.0,3750.0,781.0,1594.0,785.0,2,104900.0
-117.04,34.0,21.0,4624.0,852.0,2174.0,812.0,4,132100.0
-117.04,33.15,15.0,13814.0,2888.0,6583.0,2789.0,3,150000.0
-117.04,33.09,16.0,4677.0,581.0,1902.0,566.0,6,335600.0
-117.04,33.03,16.0,2852.0,435.0,1083.0,448.0,6,296200.0
-117.04,33.01,28.0,922.0,107.0,314.0,97.0,8,342300.0
-117.04,32.99,6.0,9518.0,1418.0,4413.0,1275.0,7,314900.0
-117.04,32.98,16.0,1332.0,196.0,640.0,193.0,6,192900.0
-117.04,32.97,13.0,6711.0,1256.0,3683.0,1220.0,5,175700.0
-117.04,32.9,6.0,6525.0,826.0,3146.0,806.0,9,436100.0
-117.04,32.83,8.0,2205.0,348.0,777.0,341.0,6,177400.0
-117.04,32.81,12.0,2880.0,406.0,1381.0,418.0,7,254200.0
-117.04,32.8,25.0,2504.0,345.0,1067.0,350.0,6,243400.0
-117.04,32.8,11.0,1802.0,440.0,630.0,428.0,2,146700.0
-117.04,32.79,23.0,2491.0,350.0,863.0,348.0,7,306800.0
-117.04,32.77,21.0,1824.0,447.0,962.0,431.0,3,143800.0
-117.04,32.77,16.0,7963.0,1881.0,3769.0,1804.0,3,144700.0
-117.04,32.76,43.0,3171.0,665.0,1534.0,625.0,3,141400.0
-117.04,32.76,37.0,2979.0,557.0,1285.0,564.0,4,152200.0
-117.04,32.75,36.0,2297.0,418.0,1070.0,392.0,4,144000.0
-117.04,32.74,5.0,2878.0,785.0,1727.0,758.0,2,132000.0
-117.04,32.74,33.0,3880.0,770.0,2288.0,805.0,4,140700.0
-117.04,32.72,24.0,5474.0,955.0,3020.0,904.0,4,137000.0
-117.04,32.71,28.0,5274.0,991.0,3727.0,961.0,4,109800.0
-117.04,32.69,9.0,3417.0,860.0,2521.0,828.0,3,158900.0
-117.04,32.68,13.0,2132.0,425.0,1345.0,432.0,4,89300.0
-117.04,32.68,11.0,1875.0,357.0,1014.0,386.0,4,115000.0
-117.04,32.67,14.0,3464.0,683.0,2139.0,734.0,4,137500.0
-117.04,32.66,22.0,3362.0,630.0,1471.0,612.0,4,303900.0
-117.04,32.65,8.0,8806.0,1401.0,3159.0,1059.0,4,247800.0
-117.04,32.64,5.0,2329.0,542.0,1213.0,514.0,4,225600.0
-117.04,32.63,26.0,2756.0,422.0,1166.0,398.0,5,181600.0
-117.04,32.63,26.0,2074.0,356.0,1228.0,335.0,4,160200.0
-117.04,32.62,27.0,1710.0,282.0,1089.0,297.0,5,151900.0
-117.04,32.6,20.0,8052.0,1461.0,5094.0,1430.0,4,139800.0
-117.04,32.6,18.0,4747.0,846.0,3002.0,872.0,4,152900.0
-117.04,32.58,20.0,2029.0,357.0,1497.0,353.0,4,132100.0
-117.04,32.58,14.0,2355.0,406.0,1883.0,401.0,5,152100.0
-117.04,32.55,15.0,2206.0,648.0,2511.0,648.0,2,93200.0
-117.04,32.54,7.0,938.0,297.0,1187.0,282.0,1,67500.0
-117.05,34.89,36.0,1199.0,260.0,665.0,229.0,4,62000.0
-117.05,34.04,23.0,3967.0,766.0,1518.0,698.0,2,111800.0
-117.05,34.03,28.0,3009.0,698.0,1200.0,626.0,1,104600.0
-117.05,34.02,21.0,3098.0,646.0,1351.0,614.0,3,106700.0
-117.05,34.01,27.0,5484.0,1205.0,2645.0,1131.0,2,116700.0
-117.05,33.52,5.0,3471.0,530.0,1541.0,502.0,5,347700.0
-117.05,33.29,17.0,1800.0,312.0,891.0,281.0,7,267600.0
-117.05,33.26,14.0,3103.0,569.0,1704.0,539.0,4,264700.0
-117.05,33.14,16.0,4552.0,1166.0,2737.0,1051.0,2,136300.0
-117.05,33.13,22.0,2427.0,390.0,1099.0,362.0,5,167500.0
-117.05,33.13,20.0,7746.0,2035.0,5370.0,1838.0,2,98500.0
-117.05,33.13,17.0,2385.0,372.0,1118.0,369.0,4,169900.0
-117.05,33.11,18.0,4393.0,642.0,2095.0,677.0,5,223500.0
-117.05,33.05,6.0,7916.0,1293.0,2741.0,1204.0,6,278600.0
-117.05,33.04,12.0,1840.0,254.0,580.0,234.0,7,400000.0
-117.05,33.02,18.0,917.0,121.0,388.0,131.0,6,260100.0
-117.05,33.01,19.0,3558.0,588.0,1439.0,578.0,5,211100.0
-117.05,33.01,17.0,3430.0,425.0,1468.0,433.0,11,429300.0
-117.05,32.97,17.0,9911.0,1436.0,4763.0,1414.0,6,194300.0
-117.05,32.96,18.0,3593.0,661.0,1992.0,626.0,5,165800.0
-117.05,32.95,17.0,4814.0,1091.0,3013.0,1078.0,3,167800.0
-117.05,32.95,17.0,3039.0,555.0,1297.0,552.0,4,178600.0
-117.05,32.82,16.0,4046.0,731.0,1684.0,701.0,4,197000.0
-117.05,32.81,17.0,1885.0,292.0,771.0,301.0,6,228600.0
-117.05,32.8,25.0,1905.0,250.0,865.0,253.0,6,249000.0
-117.05,32.8,23.0,3309.0,401.0,1116.0,386.0,8,330600.0
-117.05,32.8,17.0,1475.0,308.0,549.0,293.0,4,180400.0
-117.05,32.8,16.0,1561.0,378.0,574.0,350.0,3,94600.0
-117.05,32.78,37.0,1184.0,178.0,529.0,192.0,5,161700.0
-117.05,32.77,33.0,3535.0,683.0,1568.0,672.0,3,158300.0
-117.05,32.77,23.0,2556.0,662.0,1200.0,548.0,2,147700.0
-117.05,32.76,46.0,1887.0,359.0,795.0,358.0,3,159600.0
-117.05,32.75,43.0,1718.0,344.0,826.0,336.0,3,133700.0
-117.05,32.75,36.0,2024.0,408.0,1030.0,390.0,4,139800.0
-117.05,32.75,35.0,2144.0,388.0,1003.0,383.0,3,137300.0
-117.05,32.75,29.0,2767.0,612.0,1437.0,587.0,3,142900.0
-117.05,32.74,34.0,2178.0,455.0,1193.0,446.0,3,115300.0
-117.05,32.73,27.0,3184.0,588.0,1763.0,571.0,4,133900.0
-117.05,32.72,35.0,3669.0,617.0,1694.0,585.0,4,133900.0
-117.05,32.72,35.0,1777.0,369.0,1158.0,353.0,3,117000.0
-117.05,32.69,8.0,831.0,158.0,740.0,154.0,5,165500.0
-117.05,32.69,21.0,991.0,210.0,695.0,203.0,4,144300.0
-117.05,32.69,14.0,1689.0,555.0,1319.0,527.0,3,143800.0
-117.05,32.68,35.0,3414.0,580.0,1761.0,522.0,4,129800.0
-117.05,32.68,19.0,1469.0,275.0,1010.0,292.0,4,150400.0
-117.05,32.68,15.0,1828.0,359.0,955.0,248.0,3,165100.0
-117.05,32.67,32.0,4227.0,785.0,2842.0,795.0,4,137800.0
-117.05,32.67,16.0,2168.0,343.0,1589.0,338.0,5,153800.0
-117.05,32.63,31.0,4911.0,861.0,2334.0,843.0,4,160100.0
-117.05,32.62,34.0,3928.0,686.0,2315.0,681.0,4,144500.0
-117.05,32.61,26.0,1563.0,286.0,1145.0,313.0,4,139300.0
-117.05,32.61,21.0,6034.0,1205.0,3795.0,1146.0,3,129700.0
-117.05,32.59,26.0,1919.0,345.0,1326.0,341.0,4,131900.0
-117.05,32.59,16.0,4683.0,929.0,3073.0,865.0,3,98300.0
-117.05,32.58,25.0,2185.0,370.0,1558.0,369.0,5,132700.0
-117.05,32.58,22.0,2101.0,399.0,1551.0,371.0,4,136900.0
-117.05,32.56,22.0,2172.0,563.0,2049.0,524.0,2,139300.0
-117.05,32.56,18.0,1215.0,320.0,1195.0,349.0,2,114900.0
-117.05,32.56,17.0,985.0,233.0,811.0,223.0,3,134500.0
-117.06,34.9,36.0,2828.0,916.0,1762.0,736.0,1,59600.0
-117.06,34.17,21.0,2520.0,582.0,416.0,151.0,3,89000.0
-117.06,34.03,27.0,1945.0,446.0,859.0,418.0,2,126200.0
-117.06,34.02,24.0,3912.0,809.0,1926.0,762.0,3,116300.0
-117.06,34.0,33.0,1575.0,326.0,879.0,282.0,3,94400.0
-117.06,33.78,17.0,2813.0,565.0,1345.0,488.0,3,145300.0
-117.06,33.17,4.0,5465.0,974.0,2844.0,950.0,4,174800.0
-117.06,33.15,24.0,2155.0,379.0,1158.0,360.0,5,147500.0
-117.06,33.13,12.0,8742.0,2114.0,4854.0,1957.0,3,143500.0
-117.06,33.09,11.0,7483.0,1276.0,3516.0,1261.0,4,262500.0
-117.06,33.04,17.0,1785.0,255.0,667.0,277.0,6,278000.0
-117.06,33.03,23.0,2023.0,309.0,678.0,340.0,7,265400.0
-117.06,33.02,24.0,830.0,190.0,279.0,196.0,2,121100.0
-117.06,33.02,17.0,2635.0,389.0,994.0,359.0,6,261500.0
-117.06,33.01,9.0,2470.0,417.0,904.0,427.0,4,209200.0
-117.06,32.99,16.0,1306.0,196.0,713.0,222.0,6,180700.0
-117.06,32.97,17.0,4754.0,877.0,2412.0,832.0,4,192300.0
-117.06,32.81,17.0,3939.0,550.0,1694.0,553.0,7,234700.0
-117.06,32.8,17.0,2247.0,340.0,973.0,318.0,6,222000.0
-117.06,32.79,21.0,3787.0,492.0,1246.0,457.0,10,391300.0
-117.06,32.79,17.0,2524.0,332.0,771.0,317.0,9,331800.0
-117.06,32.77,34.0,1730.0,373.0,730.0,350.0,2,161800.0
-117.06,32.77,18.0,2269.0,682.0,1329.0,581.0,2,161800.0
-117.06,32.76,38.0,1549.0,288.0,636.0,278.0,3,150500.0
-117.06,32.76,24.0,1629.0,587.0,1012.0,488.0,2,156800.0
-117.06,32.75,34.0,2516.0,611.0,1317.0,594.0,2,125900.0
-117.06,32.75,34.0,1917.0,419.0,1181.0,426.0,3,129200.0
-117.06,32.73,33.0,3444.0,619.0,1884.0,582.0,4,126700.0
-117.06,32.72,31.0,2669.0,514.0,1626.0,499.0,3,116900.0
-117.06,32.71,21.0,1864.0,388.0,1498.0,389.0,4,125700.0
-117.06,32.71,11.0,2397.0,523.0,1566.0,514.0,4,145200.0
-117.06,32.69,9.0,521.0,111.0,491.0,110.0,5,158900.0
-117.06,32.69,9.0,1520.0,269.0,1250.0,265.0,5,157700.0
-117.06,32.69,13.0,705.0,149.0,718.0,155.0,4,154900.0
-117.06,32.68,41.0,2665.0,515.0,1664.0,512.0,2,113500.0
-117.06,32.68,38.0,1481.0,317.0,1080.0,291.0,3,125800.0
-117.06,32.68,36.0,3815.0,796.0,2945.0,728.0,2,125000.0
-117.06,32.67,29.0,4047.0,754.0,2353.0,730.0,4,125000.0
-117.06,32.66,33.0,3425.0,511.0,1528.0,479.0,6,234600.0
-117.06,32.64,30.0,4494.0,667.0,1883.0,680.0,6,186100.0
-117.06,32.63,37.0,1326.0,234.0,612.0,240.0,4,160200.0
-117.06,32.63,29.0,4168.0,742.0,2096.0,713.0,4,169800.0
-117.06,32.62,36.0,786.0,125.0,408.0,138.0,4,189700.0
-117.06,32.61,34.0,4325.0,1015.0,2609.0,979.0,3,128300.0
-117.06,32.6,33.0,905.0,205.0,989.0,222.0,3,108200.0
-117.06,32.6,25.0,1075.0,238.0,434.0,234.0,2,94600.0
-117.06,32.6,24.0,1088.0,268.0,1095.0,246.0,2,107300.0
-117.06,32.58,17.0,2724.0,567.0,2213.0,554.0,4,147700.0
-117.06,32.58,13.0,3435.0,708.0,1761.0,699.0,3,107600.0
-117.06,32.58,11.0,2879.0,679.0,2098.0,673.0,4,142400.0
-117.06,32.57,25.0,1268.0,282.0,991.0,299.0,3,123600.0
-117.06,32.57,18.0,1384.0,311.0,1429.0,287.0,1,95000.0
-117.06,32.57,17.0,2252.0,378.0,1776.0,365.0,5,141100.0
-117.06,32.57,16.0,1269.0,282.0,1609.0,298.0,3,156500.0
-117.06,32.56,5.0,2706.0,925.0,3148.0,855.0,2,125000.0
-117.06,32.56,17.0,2803.0,683.0,2768.0,676.0,2,140400.0
-117.06,32.55,5.0,3223.0,940.0,3284.0,854.0,1,108800.0
-117.07,34.24,21.0,4773.0,1047.0,337.0,130.0,4,115000.0
-117.07,33.72,16.0,4928.0,960.0,2132.0,853.0,3,112500.0
-117.07,33.15,17.0,1893.0,297.0,936.0,287.0,5,157700.0
-117.07,33.15,15.0,2994.0,522.0,1231.0,503.0,3,180400.0
-117.07,33.14,16.0,2546.0,429.0,1683.0,408.0,5,160600.0
-117.07,33.13,33.0,555.0,165.0,612.0,176.0,2,137500.0
-117.07,33.13,17.0,6817.0,1632.0,4526.0,1474.0,3,135300.0
-117.07,33.12,32.0,2474.0,499.0,1224.0,461.0,3,146300.0
-117.07,33.12,21.0,4578.0,927.0,2818.0,900.0,3,187700.0
-117.07,33.12,12.0,2453.0,599.0,1251.0,529.0,2,127000.0
-117.07,33.11,31.0,2055.0,473.0,1326.0,427.0,3,139900.0
-117.07,33.11,17.0,5565.0,1237.0,3004.0,1139.0,3,142300.0
-117.07,33.07,8.0,2756.0,343.0,1045.0,340.0,9,444100.0
-117.07,33.04,4.0,2271.0,578.0,926.0,391.0,4,210100.0
-117.07,33.03,15.0,1095.0,158.0,361.0,176.0,7,328200.0
-117.07,33.03,14.0,6665.0,1231.0,2026.0,1001.0,5,268500.0
-117.07,33.02,17.0,2863.0,665.0,715.0,467.0,3,148200.0
-117.07,33.01,5.0,5870.0,977.0,1917.0,842.0,5,294100.0
-117.07,33.01,25.0,2120.0,381.0,588.0,359.0,3,169400.0
-117.07,33.0,4.0,9153.0,1866.0,3775.0,1698.0,5,241500.0
-117.07,33.0,4.0,6242.0,1258.0,2211.0,1116.0,4,281600.0
-117.07,32.91,5.0,2234.0,256.0,894.0,253.0,10,477600.0
-117.07,32.8,36.0,2028.0,349.0,820.0,352.0,4,168900.0
-117.07,32.8,31.0,2550.0,395.0,1017.0,405.0,5,181000.0
-117.07,32.8,23.0,2698.0,410.0,1094.0,411.0,5,195100.0
-117.07,32.78,26.0,3725.0,623.0,1516.0,627.0,5,268300.0
-117.07,32.78,22.0,922.0,240.0,1524.0,235.0,2,218800.0
-117.07,32.77,38.0,3779.0,614.0,1495.0,614.0,4,184000.0
-117.07,32.77,38.0,1130.0,228.0,699.0,241.0,3,167600.0
-117.07,32.77,34.0,2245.0,394.0,1849.0,429.0,4,185500.0
-117.07,32.76,42.0,1827.0,378.0,880.0,380.0,3,176600.0
-117.07,32.76,14.0,2523.0,545.0,1297.0,525.0,2,138100.0
-117.07,32.75,9.0,3464.0,749.0,1687.0,645.0,3,119100.0
-117.07,32.75,37.0,2690.0,549.0,1219.0,524.0,2,154200.0
-117.07,32.75,31.0,2036.0,501.0,1263.0,442.0,3,120700.0
-117.07,32.75,14.0,3073.0,851.0,2000.0,782.0,2,144700.0
-117.07,32.74,37.0,1042.0,205.0,589.0,208.0,3,116900.0
-117.07,32.73,18.0,2968.0,656.0,1149.0,581.0,3,154200.0
-117.07,32.72,18.0,1758.0,286.0,987.0,277.0,5,141800.0
-117.07,32.71,39.0,2754.0,652.0,2263.0,619.0,2,89600.0
-117.07,32.71,36.0,2448.0,475.0,1268.0,450.0,3,109100.0
-117.07,32.71,26.0,4151.0,823.0,2822.0,697.0,3,123400.0
-117.07,32.7,14.0,2763.0,456.0,1914.0,465.0,4,143000.0
-117.07,32.69,29.0,1429.0,293.0,1091.0,317.0,3,118000.0
-117.07,32.69,28.0,1485.0,275.0,820.0,283.0,4,153300.0
-117.07,32.69,20.0,2192.0,406.0,1766.0,393.0,4,135000.0
-117.07,32.68,18.0,1475.0,267.0,1149.0,268.0,5,142200.0
-117.07,32.67,35.0,3200.0,725.0,1723.0,610.0,2,95600.0
-117.07,32.67,28.0,2758.0,623.0,2179.0,631.0,2,112300.0
-117.07,32.65,12.0,4131.0,891.0,2272.0,840.0,3,204900.0
-117.07,32.64,38.0,1486.0,269.0,745.0,295.0,5,150400.0
-117.07,32.64,32.0,5135.0,1025.0,2152.0,944.0,4,172800.0
-117.07,32.64,30.0,2873.0,774.0,1593.0,731.0,2,129500.0
-117.07,32.63,40.0,1706.0,322.0,796.0,303.0,4,154900.0
-117.07,32.63,37.0,2372.0,444.0,1056.0,419.0,4,145500.0
-117.07,32.63,37.0,2303.0,379.0,1026.0,357.0,3,156900.0
-117.07,32.62,19.0,5016.0,1173.0,2750.0,1081.0,3,155900.0
-117.07,32.61,22.0,5016.0,1331.0,3222.0,1196.0,2,135500.0
-117.07,32.61,10.0,1686.0,414.0,1000.0,391.0,2,128400.0
-117.07,32.6,18.0,2602.0,551.0,1042.0,550.0,2,67500.0
-117.07,32.59,21.0,1779.0,466.0,1327.0,488.0,2,96200.0
-117.07,32.57,17.0,2961.0,634.0,1911.0,615.0,3,131400.0
-117.07,32.57,14.0,1527.0,357.0,1224.0,363.0,3,93600.0
-117.07,32.56,9.0,3648.0,895.0,3293.0,840.0,3,142600.0
-117.08,34.96,28.0,1777.0,307.0,721.0,259.0,4,79800.0
-117.08,34.08,34.0,45.0,11.0,39.0,14.0,3,500001.0
-117.08,34.03,23.0,3862.0,699.0,2082.0,652.0,3,115700.0
-117.08,34.02,20.0,3111.0,563.0,1453.0,538.0,3,122800.0
-117.08,33.82,6.0,1771.0,293.0,935.0,279.0,4,148200.0
-117.08,33.23,14.0,3337.0,571.0,1385.0,512.0,4,272200.0
-117.08,33.14,19.0,2629.0,494.0,1444.0,503.0,4,156800.0
-117.08,33.14,15.0,1497.0,250.0,827.0,239.0,4,154200.0
-117.08,33.14,11.0,1430.0,292.0,921.0,294.0,4,160900.0
-117.08,33.13,17.0,8466.0,2628.0,7014.0,2267.0,2,113700.0
-117.08,33.12,37.0,1060.0,268.0,823.0,229.0,2,145500.0
-117.08,33.12,33.0,674.0,208.0,565.0,188.0,2,114300.0
-117.08,33.11,31.0,1832.0,444.0,1669.0,463.0,2,116700.0
-117.08,33.11,31.0,1356.0,324.0,1301.0,331.0,3,115100.0
-117.08,33.11,28.0,2094.0,585.0,1556.0,563.0,2,127700.0
-117.08,33.09,23.0,3792.0,624.0,1988.0,658.0,5,178300.0
-117.08,33.08,23.0,3400.0,501.0,1383.0,488.0,5,249100.0
-117.08,33.04,10.0,2577.0,347.0,1193.0,365.0,7,264100.0
-117.08,33.03,18.0,1339.0,284.0,761.0,290.0,5,137200.0
-117.08,33.03,17.0,987.0,142.0,463.0,152.0,6,229300.0
-117.08,33.03,15.0,3023.0,623.0,1283.0,559.0,3,137900.0
-117.08,33.03,10.0,2296.0,450.0,818.0,405.0,4,160600.0
-117.08,33.01,5.0,5659.0,931.0,2565.0,902.0,6,238700.0
-117.08,32.97,3.0,17466.0,3336.0,7644.0,2895.0,5,246500.0
-117.08,32.93,5.0,14944.0,2490.0,6600.0,2407.0,6,308300.0
-117.08,32.91,9.0,1547.0,218.0,683.0,231.0,8,327900.0
-117.08,32.91,16.0,1653.0,228.0,690.0,224.0,7,248400.0
-117.08,32.83,7.0,13703.0,2352.0,4446.0,1856.0,6,260600.0
-117.08,32.82,10.0,5177.0,856.0,2190.0,816.0,6,271700.0
-117.08,32.8,25.0,2963.0,552.0,1162.0,556.0,4,184500.0
-117.08,32.78,21.0,2919.0,496.0,984.0,443.0,5,222800.0
-117.08,32.77,31.0,1070.0,155.0,426.0,153.0,6,219200.0
-117.08,32.77,25.0,3911.0,849.0,1580.0,767.0,3,184100.0
-117.08,32.76,27.0,1221.0,254.0,606.0,259.0,3,155400.0
-117.08,32.76,20.0,2547.0,785.0,1199.0,643.0,2,140300.0
-117.08,32.76,18.0,1704.0,596.0,1639.0,548.0,2,125000.0
-117.08,32.75,20.0,1989.0,508.0,1452.0,462.0,2,118300.0
-117.08,32.75,16.0,1111.0,328.0,930.0,303.0,1,128100.0
-117.08,32.75,15.0,1821.0,516.0,1385.0,439.0,3,95300.0
-117.08,32.74,33.0,3260.0,673.0,1784.0,666.0,4,126500.0
-117.08,32.74,26.0,2359.0,622.0,2067.0,581.0,2,124700.0
-117.08,32.73,36.0,3331.0,643.0,1903.0,622.0,4,122000.0
-117.08,32.73,36.0,1158.0,218.0,619.0,233.0,4,122500.0
-117.08,32.73,19.0,2935.0,763.0,1953.0,720.0,1,111300.0
-117.08,32.71,27.0,2204.0,598.0,1656.0,521.0,1,86200.0
-117.08,32.7,37.0,2176.0,418.0,1301.0,375.0,3,98900.0
-117.08,32.7,36.0,2103.0,390.0,1279.0,392.0,2,97000.0
-117.08,32.69,36.0,1571.0,284.0,1001.0,268.0,4,111400.0
-117.08,32.69,31.0,2558.0,487.0,1938.0,492.0,3,117000.0
-117.08,32.68,26.0,3071.0,615.0,2156.0,568.0,3,112400.0
-117.08,32.68,19.0,3635.0,1078.0,3127.0,1098.0,1,122600.0
-117.08,32.67,31.0,3008.0,764.0,2088.0,757.0,3,118200.0
-117.08,32.66,43.0,1004.0,236.0,839.0,235.0,3,103400.0
-117.08,32.65,28.0,2296.0,603.0,1277.0,550.0,2,123800.0
-117.08,32.65,17.0,2633.0,712.0,1487.0,694.0,3,147000.0
-117.08,32.64,38.0,917.0,256.0,494.0,233.0,2,150000.0
-117.08,32.64,11.0,1651.0,533.0,947.0,515.0,2,141700.0
-117.08,32.63,33.0,2891.0,793.0,1607.0,754.0,2,139800.0
-117.08,32.63,30.0,2504.0,559.0,1827.0,490.0,3,159400.0
-117.08,32.63,28.0,2080.0,427.0,1266.0,434.0,2,146300.0
-117.08,32.62,36.0,1674.0,309.0,818.0,307.0,3,150400.0
-117.08,32.62,28.0,2468.0,506.0,1353.0,522.0,3,158600.0
-117.08,32.62,16.0,5192.0,1381.0,3261.0,1321.0,2,151900.0
-117.08,32.61,27.0,2264.0,525.0,1485.0,468.0,3,149100.0
-117.08,32.6,24.0,1901.0,490.0,1334.0,476.0,2,121900.0
-117.08,32.59,8.0,2888.0,662.0,2441.0,683.0,3,153000.0
-117.08,32.59,30.0,144.0,52.0,220.0,48.0,2,134400.0
-117.08,32.58,22.0,2128.0,477.0,1420.0,450.0,3,131000.0
-117.08,32.57,9.0,6298.0,1512.0,4451.0,1456.0,3,88300.0
-117.09,34.22,16.0,1347.0,327.0,271.0,91.0,4,87500.0
-117.09,34.07,24.0,6260.0,1271.0,3132.0,1189.0,3,103000.0
-117.09,33.71,13.0,1974.0,426.0,1276.0,408.0,2,90500.0
-117.09,33.15,13.0,3958.0,865.0,1981.0,840.0,3,137500.0
-117.09,33.13,9.0,5685.0,1442.0,3773.0,1250.0,3,129900.0
-117.09,33.12,11.0,567.0,184.0,620.0,163.0,3,122500.0
-117.09,33.11,32.0,1713.0,321.0,891.0,286.0,3,171600.0
-117.09,33.1,21.0,2876.0,539.0,1387.0,499.0,4,177000.0
-117.09,32.99,18.0,3215.0,588.0,1618.0,509.0,5,216800.0
-117.09,32.99,16.0,2175.0,327.0,1037.0,326.0,5,201400.0
-117.09,32.98,23.0,1125.0,273.0,687.0,308.0,2,268800.0
-117.09,32.91,9.0,2012.0,316.0,802.0,289.0,7,255700.0
-117.09,32.91,16.0,2005.0,266.0,827.0,270.0,7,282200.0
-117.09,32.9,16.0,1989.0,290.0,814.0,291.0,6,255100.0
-117.09,32.83,15.0,4138.0,636.0,2001.0,677.0,5,264000.0
-117.09,32.81,7.0,6100.0,1185.0,2710.0,1040.0,6,288200.0
-117.09,32.8,36.0,2163.0,367.0,915.0,360.0,5,174100.0
-117.09,32.8,15.0,666.0,152.0,247.0,164.0,2,131300.0
-117.09,32.79,36.0,1936.0,345.0,861.0,343.0,4,170000.0
-117.09,32.79,36.0,1529.0,266.0,683.0,260.0,4,171200.0
-117.09,32.79,20.0,2183.0,534.0,999.0,496.0,3,169700.0
-117.09,32.78,28.0,1708.0,393.0,816.0,393.0,3,165300.0
-117.09,32.77,38.0,2065.0,374.0,812.0,343.0,3,216500.0
-117.09,32.77,31.0,3062.0,596.0,1263.0,539.0,3,291500.0
-117.09,32.76,44.0,1139.0,214.0,470.0,217.0,4,203100.0
-117.09,32.76,43.0,3889.0,711.0,1466.0,663.0,4,223000.0
-117.09,32.76,31.0,2567.0,624.0,1255.0,582.0,3,159100.0
-117.09,32.76,31.0,1235.0,387.0,816.0,397.0,2,122500.0
-117.09,32.76,10.0,1922.0,577.0,1595.0,545.0,2,118800.0
-117.09,32.75,30.0,1899.0,546.0,1620.0,493.0,2,84400.0
-117.09,32.75,28.0,1220.0,391.0,1286.0,396.0,1,105000.0
-117.09,32.75,24.0,1245.0,376.0,1230.0,362.0,2,95000.0
-117.09,32.75,20.0,1701.0,503.0,1482.0,465.0,2,95500.0
-117.09,32.74,23.0,3130.0,779.0,2472.0,744.0,2,93200.0
-117.09,32.73,26.0,3114.0,686.0,1948.0,660.0,3,124100.0
-117.09,32.72,39.0,1273.0,246.0,770.0,242.0,2,102500.0
-117.09,32.72,33.0,1096.0,240.0,716.0,224.0,2,111800.0
-117.09,32.71,29.0,2238.0,523.0,2061.0,504.0,3,96800.0
-117.09,32.71,12.0,3375.0,945.0,2357.0,808.0,2,106300.0
-117.09,32.7,22.0,2409.0,582.0,1887.0,578.0,1,94200.0
-117.09,32.69,20.0,1102.0,205.0,852.0,217.0,3,108300.0
-117.09,32.69,18.0,1645.0,430.0,1221.0,410.0,1,108000.0
-117.09,32.68,30.0,2662.0,653.0,1997.0,605.0,3,120600.0
-117.09,32.68,29.0,1792.0,449.0,1650.0,396.0,2,100000.0
-117.09,32.68,20.0,2569.0,737.0,2341.0,705.0,2,104900.0
-117.09,32.67,37.0,1157.0,332.0,983.0,306.0,2,117000.0
-117.09,32.67,31.0,2051.0,549.0,1581.0,538.0,2,108900.0
-117.09,32.66,46.0,844.0,147.0,423.0,161.0,3,136300.0
-117.09,32.66,38.0,833.0,206.0,570.0,182.0,2,127100.0
-117.09,32.65,25.0,3509.0,985.0,2359.0,899.0,3,150000.0
-117.09,32.65,20.0,1445.0,323.0,573.0,334.0,3,145800.0
-117.09,32.64,38.0,2095.0,536.0,1240.0,550.0,3,145900.0
-117.09,32.64,30.0,3171.0,862.0,2126.0,800.0,3,142700.0
-117.09,32.64,24.0,3613.0,973.0,2002.0,931.0,2,147500.0
-117.09,32.64,20.0,1999.0,651.0,1302.0,592.0,2,57500.0
-117.09,32.63,33.0,620.0,161.0,420.0,164.0,2,150000.0
-117.09,32.63,27.0,2920.0,770.0,1935.0,746.0,2,67500.0
-117.09,32.62,37.0,1925.0,428.0,1344.0,426.0,2,129700.0
-117.09,32.62,34.0,1576.0,364.0,1153.0,381.0,2,129700.0
-117.09,32.61,23.0,1157.0,309.0,640.0,313.0,2,118800.0
-117.09,32.61,21.0,1945.0,430.0,1335.0,419.0,4,113000.0
-117.09,32.58,12.0,2565.0,567.0,1785.0,545.0,3,135300.0
-117.09,32.57,23.0,1817.0,323.0,1371.0,327.0,4,139500.0
-117.09,32.57,17.0,444.0,83.0,357.0,87.0,5,138900.0
-117.09,32.57,10.0,2198.0,368.0,1645.0,350.0,5,160700.0
-117.09,32.55,8.0,6533.0,1217.0,4797.0,1177.0,4,144400.0
-117.1,34.57,6.0,5110.0,1044.0,1938.0,724.0,3,112800.0
-117.1,34.21,22.0,4397.0,931.0,1145.0,445.0,5,108400.0
-117.1,34.03,24.0,4144.0,826.0,2127.0,772.0,3,96000.0
-117.1,33.56,6.0,1868.0,289.0,750.0,247.0,4,307600.0
-117.1,33.36,19.0,3518.0,658.0,2091.0,610.0,3,168800.0
-117.1,33.17,12.0,2465.0,412.0,1226.0,428.0,5,183800.0
-117.1,33.15,5.0,3159.0,685.0,1398.0,581.0,3,161100.0
-117.1,33.14,7.0,10665.0,2576.0,4917.0,2424.0,2,159500.0
-117.1,33.12,12.0,961.0,342.0,315.0,201.0,1,275000.0
-117.1,33.0,5.0,15502.0,2613.0,7417.0,2358.0,6,261100.0
-117.1,32.97,17.0,3167.0,861.0,2098.0,828.0,2,85800.0
-117.1,32.96,7.0,3619.0,770.0,1134.0,482.0,4,167600.0
-117.1,32.9,16.0,2994.0,445.0,1047.0,437.0,5,184300.0
-117.1,32.83,16.0,4214.0,744.0,1820.0,699.0,4,179500.0
-117.1,32.77,49.0,4449.0,711.0,1606.0,709.0,6,281600.0
-117.1,32.76,52.0,2606.0,426.0,883.0,380.0,4,270800.0
-117.1,32.76,31.0,987.0,267.0,619.0,250.0,3,151800.0
-117.1,32.76,30.0,1835.0,474.0,934.0,415.0,3,139600.0
-117.1,32.75,23.0,1858.0,551.0,1506.0,492.0,2,85200.0
-117.1,32.75,21.0,2063.0,609.0,1686.0,558.0,1,94800.0
-117.1,32.75,20.0,2355.0,722.0,1848.0,576.0,2,99200.0
-117.1,32.75,16.0,2426.0,799.0,1505.0,754.0,2,103400.0
-117.1,32.75,15.0,2422.0,774.0,2120.0,715.0,1,92400.0
-117.1,32.75,11.0,1976.0,548.0,1528.0,512.0,1,89800.0
-117.1,32.74,30.0,1772.0,500.0,1389.0,447.0,2,94100.0
-117.1,32.74,14.0,2361.0,601.0,1831.0,526.0,2,93400.0
-117.1,32.73,24.0,2927.0,704.0,2005.0,668.0,2,102900.0
-117.1,32.72,5.0,1615.0,387.0,1094.0,394.0,2,137200.0
-117.1,32.71,9.0,1931.0,472.0,1628.0,445.0,2,92600.0
-117.1,32.71,25.0,939.0,247.0,1003.0,240.0,2,87900.0
-117.1,32.7,42.0,2002.0,488.0,1505.0,464.0,2,86300.0
-117.1,32.7,28.0,633.0,137.0,525.0,170.0,4,95600.0
-117.1,32.69,37.0,1269.0,340.0,1369.0,302.0,2,87200.0
-117.1,32.69,35.0,1292.0,272.0,1183.0,272.0,2,98000.0
-117.1,32.69,29.0,4174.0,1195.0,3675.0,1124.0,2,103600.0
-117.1,32.69,11.0,3071.0,911.0,2812.0,774.0,1,83100.0
-117.1,32.68,49.0,1412.0,350.0,1200.0,332.0,2,93600.0
-117.1,32.68,47.0,771.0,224.0,637.0,212.0,2,90300.0
-117.1,32.68,47.0,1044.0,274.0,1003.0,280.0,2,97800.0
-117.1,32.68,20.0,1012.0,269.0,837.0,240.0,2,88900.0
-117.1,32.67,26.0,2629.0,763.0,2721.0,767.0,2,109100.0
-117.1,32.67,22.0,1690.0,541.0,1669.0,494.0,2,110600.0
-117.1,32.67,15.0,1635.0,553.0,1347.0,597.0,1,92900.0
-117.1,32.66,27.0,1782.0,560.0,1785.0,560.0,2,106300.0
-117.1,32.64,29.0,1578.0,460.0,1236.0,461.0,3,134700.0
-117.1,32.59,21.0,2350.0,667.0,1621.0,613.0,2,87500.0
-117.1,32.58,29.0,1061.0,202.0,759.0,206.0,5,136800.0
-117.1,32.58,27.0,2616.0,591.0,1889.0,577.0,2,127600.0
-117.1,32.58,23.0,1662.0,377.0,1318.0,386.0,2,120800.0
-117.1,32.58,17.0,2046.0,559.0,1585.0,530.0,2,132800.0
-117.1,32.57,26.0,2343.0,371.0,1221.0,372.0,4,144900.0
-117.1,32.57,14.0,5058.0,1299.0,3662.0,1193.0,2,133700.0
-117.1,32.56,16.0,2687.0,501.0,1502.0,480.0,4,146800.0
-117.11,34.43,14.0,3026.0,556.0,1349.0,485.0,3,111200.0
-117.11,33.98,25.0,1254.0,312.0,715.0,301.0,3,149000.0
-117.11,33.83,14.0,2715.0,500.0,1540.0,464.0,4,139600.0
-117.11,33.78,13.0,1914.0,339.0,930.0,304.0,4,161200.0
-117.11,33.75,17.0,4174.0,851.0,1845.0,780.0,2,96100.0
-117.11,33.74,18.0,4799.0,1035.0,1966.0,944.0,2,71300.0
-117.11,33.23,13.0,5819.0,919.0,2228.0,866.0,5,298100.0
-117.11,33.19,15.0,3154.0,488.0,1656.0,429.0,5,222400.0
-117.11,33.15,14.0,8374.0,1407.0,2916.0,1295.0,5,191100.0
-117.11,33.14,10.0,3208.0,636.0,1395.0,582.0,3,190500.0
-117.11,33.12,46.0,52.0,13.0,59.0,13.0,4,200000.0
-117.11,33.11,17.0,2641.0,627.0,1167.0,647.0,2,132400.0
-117.11,32.97,9.0,1531.0,242.0,850.0,240.0,6,263600.0
-117.11,32.95,11.0,4694.0,824.0,2223.0,783.0,5,231800.0
-117.11,32.91,15.0,1840.0,235.0,855.0,241.0,8,310600.0
-117.11,32.9,16.0,2043.0,388.0,705.0,352.0,4,161500.0
-117.11,32.84,16.0,4608.0,629.0,2020.0,636.0,6,243000.0
-117.11,32.82,16.0,4241.0,892.0,1771.0,864.0,4,166500.0
-117.11,32.82,16.0,3980.0,682.0,3174.0,647.0,3,175000.0
-117.11,32.81,15.0,3428.0,491.0,2303.0,486.0,3,67500.0
-117.11,32.8,17.0,3890.0,586.0,2791.0,595.0,3,67500.0
-117.11,32.79,16.0,2574.0,771.0,1129.0,721.0,3,96900.0
-117.11,32.79,16.0,1791.0,518.0,1006.0,491.0,4,129300.0
-117.11,32.78,16.0,2470.0,830.0,1170.0,724.0,4,73500.0
-117.11,32.78,16.0,2220.0,512.0,930.0,527.0,4,133200.0
-117.11,32.77,52.0,1506.0,233.0,478.0,240.0,4,300000.0
-117.11,32.77,52.0,1484.0,224.0,498.0,223.0,7,331400.0
-117.11,32.77,50.0,1729.0,355.0,617.0,337.0,4,167000.0
-117.11,32.77,48.0,1502.0,272.0,590.0,265.0,3,190300.0
-117.11,32.76,29.0,2030.0,545.0,1014.0,518.0,2,114200.0
-117.11,32.76,28.0,1457.0,397.0,672.0,342.0,2,122700.0
-117.11,32.76,21.0,2226.0,600.0,1085.0,533.0,2,126300.0
-117.11,32.76,19.0,2188.0,616.0,1304.0,607.0,2,114400.0
-117.11,32.75,46.0,695.0,182.0,601.0,195.0,2,90600.0
-117.11,32.75,34.0,2131.0,594.0,1373.0,562.0,2,102100.0
-117.11,32.75,21.0,2127.0,658.0,1812.0,603.0,2,100000.0
-117.11,32.75,20.0,1667.0,469.0,1292.0,445.0,2,101100.0
-117.11,32.75,11.0,1607.0,478.0,1384.0,450.0,2,100000.0
-117.11,32.74,33.0,1126.0,267.0,621.0,241.0,3,123100.0
-117.11,32.74,25.0,684.0,190.0,665.0,187.0,2,90300.0
-117.11,32.74,25.0,2846.0,644.0,2272.0,632.0,2,98700.0
-117.11,32.73,35.0,1689.0,397.0,1135.0,366.0,2,97300.0
-117.11,32.73,34.0,1096.0,221.0,574.0,223.0,4,126700.0
-117.11,32.72,25.0,1491.0,348.0,1183.0,316.0,2,88600.0
-117.11,32.71,30.0,1729.0,457.0,1673.0,460.0,2,85900.0
-117.11,32.71,29.0,1040.0,291.0,1054.0,297.0,1,83200.0
-117.11,32.7,37.0,2045.0,502.0,1920.0,472.0,2,83300.0
-117.11,32.7,34.0,2028.0,522.0,1797.0,464.0,2,79400.0
-117.11,32.7,33.0,1980.0,488.0,1626.0,428.0,1,86400.0
-117.11,32.69,39.0,395.0,159.0,620.0,162.0,3,86500.0
-117.11,32.69,37.0,2395.0,627.0,2489.0,599.0,2,86300.0
-117.11,32.69,36.0,1421.0,367.0,1418.0,355.0,2,93400.0
-117.11,32.69,34.0,1144.0,295.0,1271.0,302.0,2,91800.0
-117.11,32.68,36.0,26.0,14.0,58.0,23.0,2,125000.0
-117.11,32.67,52.0,280.0,71.0,217.0,71.0,1,83300.0
-117.11,32.67,52.0,204.0,74.0,248.0,57.0,2,47500.0
-117.11,32.67,46.0,928.0,236.0,790.0,235.0,2,92500.0
-117.11,32.67,43.0,515.0,146.0,445.0,140.0,2,93000.0
-117.11,32.64,23.0,1619.0,447.0,1025.0,415.0,2,67500.0
-117.11,32.62,27.0,1846.0,509.0,1078.0,482.0,2,131500.0
-117.11,32.59,18.0,2329.0,580.0,1538.0,567.0,2,153100.0
-117.11,32.59,17.0,2020.0,534.0,1529.0,500.0,2,143200.0
-117.11,32.58,28.0,1869.0,407.0,1074.0,344.0,3,135600.0
-117.11,32.58,21.0,2894.0,685.0,2109.0,712.0,2,125000.0
-117.12,34.46,17.0,1613.0,326.0,765.0,300.0,3,110400.0
-117.12,34.06,38.0,281.0,55.0,151.0,52.0,1,120800.0
-117.12,34.04,25.0,2495.0,438.0,1071.0,405.0,5,146600.0
-117.12,33.52,4.0,30401.0,4957.0,13251.0,4339.0,5,212300.0
-117.12,33.27,11.0,3016.0,601.0,1727.0,541.0,5,232800.0
-117.12,33.15,7.0,2810.0,464.0,1564.0,457.0,4,182800.0
-117.12,33.14,16.0,1710.0,272.0,1025.0,267.0,4,163600.0
-117.12,33.14,12.0,2363.0,408.0,1211.0,396.0,4,172600.0
-117.12,33.07,45.0,1032.0,235.0,363.0,177.0,4,186600.0
-117.12,32.96,16.0,3050.0,559.0,1444.0,512.0,5,156300.0
-117.12,32.96,15.0,2869.0,405.0,1526.0,402.0,6,238300.0
-117.12,32.95,8.0,3670.0,536.0,1723.0,592.0,6,218100.0
-117.12,32.95,4.0,9018.0,1572.0,4438.0,1498.0,5,263700.0
-117.12,32.93,7.0,1427.0,243.0,927.0,239.0,5,218900.0
-117.12,32.91,8.0,3405.0,961.0,1742.0,918.0,3,114600.0
-117.12,32.9,14.0,3249.0,937.0,1929.0,838.0,3,92500.0
-117.12,32.9,13.0,1743.0,363.0,854.0,353.0,5,138200.0
-117.12,32.8,31.0,1727.0,342.0,879.0,345.0,4,166300.0
-117.12,32.8,29.0,2863.0,534.0,1392.0,522.0,4,174200.0
-117.12,32.78,4.0,2782.0,817.0,1309.0,787.0,4,124200.0
-117.12,32.77,48.0,2012.0,422.0,893.0,394.0,3,175000.0
-117.12,32.77,43.0,2167.0,464.0,977.0,461.0,3,192200.0
-117.12,32.76,33.0,2279.0,591.0,1250.0,576.0,2,139000.0
-117.12,32.76,28.0,2160.0,608.0,1339.0,571.0,2,128100.0
-117.12,32.76,28.0,1605.0,501.0,936.0,460.0,3,147500.0
-117.12,32.76,27.0,1426.0,364.0,792.0,353.0,2,118800.0
-117.12,32.76,23.0,2681.0,717.0,1279.0,648.0,2,116100.0
-117.12,32.76,17.0,1559.0,462.0,821.0,428.0,2,150000.0
-117.12,32.75,37.0,2344.0,546.0,1134.0,513.0,2,118300.0
-117.12,32.75,20.0,1406.0,413.0,850.0,412.0,2,114600.0
-117.12,32.75,17.0,2060.0,633.0,1251.0,602.0,2,119200.0
-117.12,32.75,15.0,2671.0,724.0,1800.0,646.0,2,106700.0
-117.12,32.75,13.0,2795.0,773.0,1869.0,690.0,2,101800.0
-117.12,32.74,52.0,1969.0,389.0,877.0,424.0,4,163400.0
-117.12,32.74,46.0,1898.0,441.0,978.0,439.0,3,155200.0
-117.12,32.73,50.0,2307.0,424.0,887.0,356.0,4,168800.0
-117.12,32.72,36.0,6096.0,1285.0,3093.0,1229.0,3,159100.0
-117.12,32.71,33.0,1256.0,331.0,1315.0,321.0,2,78500.0
-117.12,32.71,24.0,421.0,101.0,396.0,113.0,1,111300.0
-117.12,32.7,38.0,818.0,217.0,953.0,231.0,1,65700.0
-117.12,32.7,37.0,1361.0,348.0,1398.0,328.0,1,78100.0
-117.12,32.7,36.0,1011.0,253.0,763.0,226.0,2,84100.0
-117.12,32.7,14.0,819.0,237.0,827.0,237.0,1,90500.0
-117.12,32.69,46.0,200.0,77.0,180.0,65.0,1,93800.0
-117.12,32.69,37.0,1082.0,294.0,1146.0,265.0,2,88500.0
-117.12,32.58,34.0,2003.0,466.0,1226.0,443.0,3,136700.0
-117.12,32.58,26.0,1360.0,309.0,869.0,328.0,3,131600.0
-117.12,32.57,21.0,1738.0,295.0,983.0,298.0,5,174100.0
-117.12,32.56,20.0,2524.0,682.0,1819.0,560.0,3,257700.0
-117.13,34.88,21.0,3254.0,669.0,1548.0,545.0,2,57100.0
-117.13,34.39,29.0,2251.0,464.0,855.0,315.0,3,104100.0
-117.13,34.24,17.0,2828.0,506.0,673.0,274.0,5,144100.0
-117.13,34.17,17.0,1181.0,271.0,248.0,114.0,6,150000.0
-117.13,34.06,4.0,3078.0,510.0,1341.0,486.0,5,163200.0
-117.13,33.89,4.0,1611.0,239.0,275.0,84.0,4,244400.0
-117.13,33.15,15.0,2241.0,381.0,997.0,390.0,3,193200.0
-117.13,33.14,5.0,2618.0,539.0,1320.0,512.0,4,171400.0
-117.13,33.14,16.0,1649.0,278.0,993.0,277.0,5,170700.0
-117.13,33.14,12.0,2258.0,456.0,1147.0,433.0,4,153900.0
-117.13,33.13,17.0,3164.0,652.0,1123.0,699.0,2,80000.0
-117.13,32.97,10.0,3486.0,469.0,1700.0,483.0,6,249500.0
-117.13,32.96,15.0,2267.0,292.0,1180.0,289.0,7,240200.0
-117.13,32.94,15.0,4846.0,825.0,2797.0,823.0,5,180400.0
-117.13,32.93,16.0,2918.0,444.0,1697.0,444.0,5,195500.0
-117.13,32.92,17.0,1481.0,315.0,1002.0,300.0,4,163400.0
-117.13,32.92,16.0,2173.0,399.0,1460.0,393.0,4,169600.0
-117.13,32.92,16.0,1580.0,241.0,917.0,261.0,5,191100.0
-117.13,32.92,16.0,1565.0,257.0,893.0,239.0,6,192300.0
-117.13,32.91,16.0,3230.0,579.0,1825.0,576.0,4,151200.0
-117.13,32.91,15.0,1450.0,266.0,747.0,290.0,4,196300.0
-117.13,32.9,15.0,2785.0,644.0,1798.0,630.0,4,175200.0
-117.13,32.81,26.0,2119.0,444.0,1202.0,440.0,3,166500.0
-117.13,32.81,19.0,2157.0,554.0,1349.0,535.0,3,177400.0
-117.13,32.8,35.0,2129.0,382.0,1044.0,350.0,4,174900.0
-117.13,32.8,33.0,2731.0,456.0,1263.0,445.0,5,175300.0
-117.13,32.8,15.0,1606.0,375.0,784.0,342.0,4,108300.0
-117.13,32.79,35.0,1458.0,262.0,723.0,257.0,4,174100.0
-117.13,32.77,30.0,2582.0,650.0,1098.0,603.0,3,171700.0
-117.13,32.76,33.0,1591.0,461.0,794.0,425.0,3,140000.0
-117.13,32.76,29.0,2568.0,682.0,1191.0,642.0,2,162500.0
-117.13,32.76,27.0,2280.0,695.0,1235.0,664.0,2,142900.0
-117.13,32.76,22.0,2623.0,732.0,1283.0,718.0,2,127100.0
-117.13,32.75,50.0,1476.0,354.0,698.0,354.0,3,168800.0
-117.13,32.75,37.0,4142.0,1031.0,1936.0,968.0,3,174100.0
-117.13,32.75,31.0,2336.0,656.0,1186.0,609.0,3,130600.0
-117.13,32.75,28.0,2279.0,671.0,1166.0,623.0,2,150000.0
-117.13,32.75,24.0,1877.0,519.0,898.0,483.0,2,112500.0
-117.13,32.75,23.0,3999.0,1182.0,2051.0,1130.0,2,135000.0
-117.13,32.75,20.0,2271.0,602.0,992.0,520.0,2,157600.0
-117.13,32.74,52.0,1512.0,321.0,651.0,321.0,4,185300.0
-117.13,32.74,50.0,1527.0,338.0,728.0,322.0,3,203200.0
-117.13,32.74,46.0,3355.0,768.0,1457.0,708.0,3,170100.0
-117.13,32.73,52.0,2676.0,557.0,1181.0,537.0,4,213100.0
-117.13,32.73,52.0,1911.0,415.0,777.0,412.0,2,221100.0
-117.13,32.73,52.0,1148.0,214.0,481.0,215.0,5,240900.0
-117.13,32.73,43.0,2706.0,667.0,1531.0,614.0,2,145000.0
-117.13,32.72,9.0,2436.0,720.0,1780.0,653.0,2,137500.0
-117.13,32.72,52.0,1560.0,307.0,757.0,315.0,3,199100.0
-117.13,32.72,43.0,2160.0,504.0,1221.0,452.0,2,140600.0
-117.13,32.72,32.0,2197.0,623.0,1784.0,599.0,2,120300.0
-117.13,32.72,19.0,1341.0,435.0,1048.0,360.0,2,117900.0
-117.13,32.72,17.0,1285.0,423.0,1208.0,409.0,2,126600.0
-117.13,32.71,44.0,1697.0,413.0,1396.0,363.0,2,83300.0
-117.13,32.71,42.0,1145.0,314.0,1114.0,307.0,1,87500.0
-117.13,32.71,38.0,993.0,246.0,760.0,205.0,1,82700.0
-117.13,32.71,37.0,1220.0,325.0,1472.0,323.0,2,81500.0
-117.13,32.71,35.0,614.0,180.0,691.0,164.0,2,81300.0
-117.13,32.7,48.0,786.0,230.0,917.0,231.0,2,75600.0
-117.13,32.7,42.0,1210.0,292.0,945.0,258.0,1,78900.0
-117.13,32.7,38.0,1445.0,392.0,1286.0,357.0,1,80200.0
-117.13,32.7,35.0,1179.0,344.0,1372.0,330.0,2,70200.0
-117.13,32.63,10.0,7374.0,1157.0,1900.0,794.0,9,478500.0
-117.13,32.58,32.0,1870.0,437.0,1142.0,426.0,2,159400.0
-117.13,32.58,27.0,1417.0,373.0,814.0,348.0,2,195300.0
-117.14,34.75,33.0,552.0,120.0,347.0,97.0,2,100000.0
-117.14,34.07,3.0,5542.0,828.0,2506.0,806.0,6,162000.0
-117.14,34.05,5.0,2634.0,359.0,1173.0,372.0,7,204100.0
-117.14,34.01,26.0,7561.0,1051.0,2909.0,1012.0,7,269600.0
-117.14,33.94,5.0,4873.0,639.0,1947.0,568.0,6,223200.0
-117.14,33.39,17.0,2889.0,587.0,1931.0,510.0,4,208300.0
-117.14,33.23,11.0,4068.0,829.0,918.0,500.0,3,281300.0
-117.14,33.18,11.0,5546.0,974.0,2300.0,970.0,4,199800.0
-117.14,33.16,16.0,1660.0,236.0,733.0,214.0,6,202700.0
-117.14,33.15,17.0,1149.0,182.0,702.0,192.0,6,168400.0
-117.14,33.15,16.0,1129.0,198.0,758.0,178.0,5,174600.0
-117.14,33.12,7.0,6126.0,1032.0,2662.0,923.0,5,264000.0
-117.14,33.07,12.0,9302.0,1603.0,4074.0,1504.0,4,199600.0
-117.14,32.96,12.0,5949.0,799.0,2936.0,781.0,6,241500.0
-117.14,32.93,16.0,2412.0,419.0,1612.0,422.0,5,171100.0
-117.14,32.93,14.0,1946.0,463.0,1205.0,390.0,4,171200.0
-117.14,32.93,12.0,1474.0,364.0,1009.0,372.0,4,166700.0
-117.14,32.92,7.0,1308.0,418.0,766.0,390.0,3,106300.0
-117.14,32.92,6.0,3069.0,750.0,1541.0,736.0,4,132500.0
-117.14,32.92,15.0,3242.0,595.0,1936.0,593.0,5,184700.0
-117.14,32.91,14.0,3014.0,710.0,2165.0,705.0,4,160300.0
-117.14,32.83,25.0,2161.0,462.0,896.0,468.0,2,177500.0
-117.14,32.81,34.0,1748.0,294.0,800.0,294.0,4,179100.0
-117.14,32.8,41.0,2423.0,469.0,1813.0,466.0,2,156900.0
-117.14,32.8,35.0,1267.0,212.0,710.0,204.0,3,169600.0
-117.14,32.79,35.0,3578.0,582.0,1568.0,553.0,5,188600.0
-117.14,32.79,31.0,984.0,161.0,422.0,158.0,5,183000.0
-117.14,32.76,35.0,1785.0,493.0,965.0,506.0,2,160000.0
-117.14,32.76,32.0,2587.0,681.0,1246.0,650.0,2,145500.0
-117.14,32.76,28.0,3025.0,756.0,1328.0,695.0,3,164100.0
-117.14,32.76,24.0,3523.0,991.0,1775.0,873.0,2,142300.0
-117.14,32.75,37.0,1832.0,525.0,955.0,488.0,3,129200.0
-117.14,32.75,35.0,1391.0,329.0,726.0,317.0,3,159400.0
-117.14,32.75,29.0,1961.0,565.0,1002.0,569.0,2,118100.0
-117.14,32.75,27.0,1551.0,464.0,880.0,400.0,2,131300.0
-117.14,32.74,47.0,1494.0,327.0,689.0,304.0,3,172700.0
-117.14,32.74,16.0,6075.0,1816.0,2592.0,1634.0,3,178100.0
-117.14,32.73,26.0,450.0,132.0,317.0,109.0,4,137500.0
-117.14,32.72,43.0,1073.0,344.0,660.0,279.0,2,168800.0
-117.14,32.72,42.0,1558.0,458.0,1227.0,407.0,2,139100.0
-117.14,32.72,34.0,2533.0,862.0,2011.0,778.0,2,160400.0
-117.14,32.71,52.0,979.0,314.0,975.0,297.0,1,100000.0
-117.14,32.71,52.0,800.0,313.0,1337.0,282.0,2,87500.0
-117.14,32.71,52.0,1225.0,332.0,955.0,321.0,2,106300.0
-117.14,32.71,43.0,966.0,255.0,857.0,208.0,1,72000.0
-117.14,32.71,39.0,1647.0,478.0,2176.0,479.0,2,82900.0
-117.14,32.71,34.0,1694.0,455.0,1467.0,425.0,2,139400.0
-117.14,32.7,48.0,510.0,180.0,545.0,132.0,2,86500.0
-117.14,32.7,44.0,658.0,218.0,869.0,212.0,2,89400.0
-117.14,32.7,43.0,1126.0,289.0,1132.0,294.0,2,87000.0
-117.14,32.7,40.0,1227.0,330.0,1199.0,316.0,1,92500.0
-117.14,32.7,36.0,633.0,148.0,557.0,139.0,2,82700.0
-117.14,32.7,32.0,1280.0,353.0,1335.0,330.0,2,77300.0
-117.15,34.83,30.0,5370.0,1062.0,2778.0,944.0,3,66800.0
-117.15,34.48,31.0,265.0,55.0,186.0,55.0,2,64800.0
-117.15,34.22,10.0,1039.0,174.0,317.0,109.0,7,171900.0
-117.15,34.07,15.0,1852.0,316.0,906.0,298.0,5,129800.0
-117.15,34.06,25.0,3670.0,644.0,1815.0,634.0,4,127400.0
-117.15,34.05,9.0,1442.0,219.0,633.0,230.0,5,162300.0
-117.15,34.03,32.0,2832.0,393.0,1033.0,385.0,7,237200.0
-117.15,34.03,26.0,5305.0,701.0,1818.0,676.0,6,217100.0
-117.15,33.7,2.0,6305.0,1265.0,2489.0,1152.0,3,111500.0
-117.15,33.45,4.0,9089.0,1413.0,3886.0,1243.0,5,174200.0
-117.15,33.2,16.0,2690.0,459.0,1253.0,393.0,4,294600.0
-117.15,33.16,5.0,4750.0,962.0,2726.0,905.0,4,158500.0
-117.15,33.14,15.0,1070.0,208.0,470.0,217.0,2,158900.0
-117.15,33.02,4.0,15029.0,2279.0,5613.0,1696.0,7,450400.0
-117.15,32.92,16.0,2969.0,514.0,1594.0,465.0,5,168300.0
-117.15,32.92,16.0,1972.0,402.0,1377.0,413.0,4,168300.0
-117.15,32.91,15.0,1613.0,303.0,702.0,240.0,5,169300.0
-117.15,32.91,10.0,2349.0,431.0,1598.0,435.0,5,183200.0
-117.15,32.8,41.0,1413.0,261.0,1070.0,259.0,2,166700.0
-117.15,32.8,23.0,2395.0,476.0,2284.0,488.0,4,146300.0
-117.15,32.78,25.0,1577.0,266.0,611.0,284.0,5,205100.0
-117.15,32.77,16.0,2056.0,631.0,847.0,569.0,3,92200.0
-117.15,32.76,43.0,2361.0,489.0,824.0,470.0,3,302200.0
-117.15,32.76,40.0,1809.0,474.0,826.0,456.0,3,179800.0
-117.15,32.76,37.0,1921.0,502.0,811.0,472.0,3,175000.0
-117.15,32.76,36.0,2644.0,674.0,1211.0,654.0,3,214800.0
-117.15,32.75,9.0,2818.0,821.0,851.0,555.0,3,204200.0
-117.15,32.75,27.0,3166.0,867.0,1332.0,817.0,3,171400.0
-117.15,32.74,43.0,2383.0,607.0,962.0,587.0,2,263600.0
-117.15,32.72,52.0,344.0,177.0,460.0,147.0,1,137500.0
-117.15,32.72,51.0,1321.0,550.0,781.0,499.0,1,250000.0
-117.15,32.71,52.0,402.0,183.0,557.0,172.0,1,87500.0
-117.15,32.71,52.0,217.0,82.0,531.0,93.0,2,137500.0
-117.15,32.7,52.0,458.0,148.0,1283.0,166.0,1,86300.0
-117.15,32.7,50.0,475.0,172.0,483.0,120.0,1,162500.0
-117.16,34.9,16.0,1579.0,327.0,934.0,298.0,3,73800.0
-117.16,34.26,27.0,9285.0,1621.0,1135.0,410.0,3,135200.0
-117.16,34.08,9.0,5306.0,993.0,2630.0,925.0,5,135800.0
-117.16,34.06,17.0,2285.0,554.0,1412.0,541.0,2,94300.0
-117.16,34.05,23.0,3215.0,462.0,1411.0,435.0,6,149900.0
-117.16,33.61,3.0,2744.0,428.0,1223.0,366.0,5,215300.0
-117.16,33.57,2.0,20391.0,3245.0,7132.0,2716.0,4,187300.0
-117.16,33.54,4.0,4952.0,1000.0,2912.0,943.0,4,147500.0
-117.16,33.06,16.0,1988.0,279.0,770.0,252.0,6,404500.0
-117.16,32.91,5.0,1619.0,272.0,1063.0,296.0,6,214600.0
-117.16,32.89,5.0,8576.0,1952.0,5006.0,1827.0,4,189100.0
-117.16,32.82,28.0,2291.0,371.0,1098.0,382.0,5,188000.0
-117.16,32.81,34.0,2275.0,375.0,1021.0,379.0,4,176300.0
-117.16,32.81,14.0,4328.0,1100.0,2046.0,1044.0,2,159000.0
-117.16,32.8,37.0,422.0,79.0,211.0,80.0,3,159700.0
-117.16,32.8,25.0,1399.0,329.0,1308.0,355.0,3,187500.0
-117.16,32.8,22.0,2259.0,634.0,1213.0,601.0,2,177800.0
-117.16,32.79,32.0,1731.0,413.0,1569.0,427.0,3,154300.0
-117.16,32.78,24.0,3566.0,765.0,1697.0,722.0,4,178600.0
-117.16,32.75,49.0,1566.0,494.0,643.0,419.0,2,137500.0
-117.16,32.75,34.0,1785.0,558.0,804.0,490.0,2,200000.0
-117.16,32.75,23.0,2474.0,594.0,1107.0,536.0,3,245500.0
-117.16,32.75,19.0,5430.0,1593.0,2496.0,1484.0,3,199100.0
-117.16,32.74,52.0,852.0,262.0,389.0,249.0,3,225000.0
-117.16,32.74,49.0,1815.0,495.0,601.0,410.0,3,418800.0
-117.16,32.74,43.0,1437.0,406.0,692.0,379.0,3,466700.0
-117.16,32.74,27.0,2335.0,604.0,982.0,590.0,3,261500.0
-117.16,32.74,21.0,1882.0,486.0,903.0,482.0,3,243800.0
-117.16,32.73,52.0,1682.0,617.0,873.0,534.0,2,112500.0
-117.16,32.73,52.0,1218.0,471.0,821.0,429.0,2,200000.0
-117.16,32.72,27.0,1245.0,471.0,653.0,451.0,1,225000.0
-117.16,32.72,24.0,1232.0,663.0,1184.0,626.0,1,162500.0
-117.16,32.71,5.0,2508.0,827.0,2066.0,761.0,1,325000.0
-117.16,32.58,36.0,1940.0,399.0,1076.0,382.0,3,147800.0
-117.17,34.51,15.0,5151.0,942.0,2896.0,897.0,3,90800.0
-117.17,34.49,13.0,4460.0,925.0,2225.0,840.0,2,94100.0
-117.17,34.25,15.0,4236.0,753.0,703.0,255.0,4,165500.0
-117.17,34.12,3.0,15695.0,2248.0,6080.0,1920.0,6,173900.0
-117.17,34.12,2.0,3867.0,573.0,1275.0,433.0,5,164400.0
-117.17,34.08,5.0,1473.0,228.0,842.0,257.0,5,138100.0
-117.17,34.07,24.0,6573.0,1235.0,2904.0,1202.0,3,108000.0
-117.17,34.05,29.0,4007.0,700.0,1576.0,696.0,3,149300.0
-117.17,34.05,24.0,2877.0,507.0,1141.0,474.0,4,121500.0
-117.17,34.03,33.0,4583.0,648.0,1760.0,638.0,6,230600.0
-117.17,33.83,7.0,77.0,12.0,64.0,15.0,5,187500.0
-117.17,33.66,2.0,7401.0,1187.0,2826.0,839.0,4,177300.0
-117.17,33.34,15.0,3313.0,679.0,1022.0,564.0,3,189900.0
-117.17,33.18,25.0,596.0,115.0,426.0,137.0,3,214300.0
-117.17,32.83,24.0,3541.0,530.0,1591.0,530.0,5,212500.0
-117.17,32.82,24.0,1623.0,417.0,911.0,397.0,3,198100.0
-117.17,32.82,24.0,1569.0,377.0,715.0,321.0,3,187500.0
-117.17,32.81,33.0,3064.0,506.0,1355.0,488.0,4,178700.0
-117.17,32.81,26.0,2424.0,388.0,974.0,375.0,5,184100.0
-117.17,32.8,20.0,2827.0,554.0,1822.0,536.0,3,157600.0
-117.17,32.79,44.0,2262.0,647.0,3009.0,657.0,2,123600.0
-117.17,32.79,43.0,1269.0,297.0,946.0,285.0,2,133300.0
-117.17,32.78,42.0,1104.0,305.0,892.0,270.0,2,145200.0
-117.17,32.78,17.0,3845.0,1051.0,3102.0,944.0,2,164100.0
-117.17,32.77,6.0,3856.0,875.0,1547.0,816.0,5,164800.0
-117.17,32.77,35.0,1399.0,274.0,695.0,281.0,4,166800.0
-117.17,32.75,52.0,1052.0,239.0,381.0,201.0,3,289600.0
-117.17,32.75,38.0,5430.0,1176.0,2357.0,1100.0,4,249000.0
-117.17,32.75,28.0,1514.0,384.0,540.0,352.0,2,240000.0
-117.17,32.74,39.0,3803.0,806.0,1567.0,775.0,4,361500.0
-117.17,32.74,38.0,5054.0,1168.0,2366.0,1103.0,3,289400.0
-117.17,32.73,52.0,55.0,18.0,65.0,22.0,2,112500.0
-117.17,32.73,52.0,408.0,143.0,313.0,143.0,2,116700.0
-117.17,32.73,52.0,1578.0,487.0,879.0,446.0,2,215000.0
-117.17,32.72,44.0,626.0,256.0,572.0,229.0,2,262500.0
-117.17,32.71,7.0,2493.0,693.0,951.0,641.0,4,205000.0
-117.17,32.71,39.0,311.0,181.0,206.0,113.0,1,187500.0
-117.17,32.7,33.0,4084.0,897.0,1804.0,833.0,4,409700.0
-117.17,32.69,45.0,3168.0,598.0,1341.0,562.0,5,422200.0
-117.17,32.69,40.0,2236.0,331.0,767.0,316.0,5,500001.0
-117.17,32.69,19.0,2802.0,802.0,1159.0,597.0,5,334600.0
-117.17,32.68,16.0,5895.0,1424.0,873.0,522.0,7,187500.0
-117.17,32.63,26.0,1617.0,279.0,2745.0,250.0,4,67500.0
-117.18,34.54,5.0,3772.0,619.0,2097.0,635.0,4,98500.0
-117.18,34.3,33.0,399.0,87.0,71.0,27.0,2,71300.0
-117.18,34.08,28.0,2243.0,399.0,1464.0,379.0,3,90300.0
-117.18,34.07,7.0,1347.0,301.0,799.0,276.0,3,112500.0
-117.18,34.07,28.0,1306.0,279.0,885.0,255.0,2,75300.0
-117.18,34.07,14.0,1258.0,245.0,752.0,264.0,3,97400.0
-117.18,34.06,28.0,699.0,180.0,432.0,168.0,2,81900.0
-117.18,34.06,26.0,1953.0,446.0,1284.0,414.0,1,85100.0
-117.18,34.05,52.0,1820.0,342.0,601.0,315.0,3,137000.0
-117.18,34.05,29.0,3436.0,731.0,1323.0,676.0,2,122300.0
-117.18,34.04,38.0,2492.0,381.0,1003.0,369.0,4,152800.0
-117.18,33.78,7.0,1697.0,424.0,808.0,354.0,1,169300.0
-117.18,33.51,13.0,270.0,42.0,120.0,42.0,7,500001.0
-117.18,33.16,15.0,5923.0,1206.0,3943.0,1006.0,3,159900.0
-117.18,33.15,7.0,6225.0,1683.0,5410.0,1580.0,2,117500.0
-117.18,33.11,16.0,3470.0,601.0,1197.0,552.0,5,279900.0
-117.18,32.95,4.0,19001.0,2688.0,8980.0,2441.0,6,260900.0
-117.18,32.84,31.0,3064.0,575.0,1476.0,549.0,4,175900.0
-117.18,32.84,30.0,2290.0,523.0,1272.0,472.0,4,165100.0
-117.18,32.83,31.0,1772.0,353.0,1090.0,350.0,4,162000.0
-117.18,32.83,27.0,2346.0,399.0,1105.0,373.0,4,182800.0
-117.18,32.82,25.0,1756.0,301.0,722.0,312.0,5,162300.0
-117.18,32.81,28.0,3436.0,537.0,1503.0,498.0,5,204000.0
-117.18,32.81,19.0,6823.0,1509.0,3784.0,1509.0,3,179500.0
-117.18,32.8,30.0,2456.0,390.0,1022.0,393.0,4,198500.0
-117.18,32.8,10.0,3821.0,631.0,1605.0,609.0,6,217100.0
-117.18,32.79,30.0,5201.0,1104.0,2961.0,1064.0,3,140400.0
-117.18,32.78,21.0,4185.0,1018.0,3122.0,993.0,3,210000.0
-117.18,32.77,23.0,1215.0,225.0,592.0,224.0,3,200600.0
-117.18,32.77,16.0,2374.0,780.0,913.0,705.0,3,87500.0
-117.18,32.76,8.0,3694.0,997.0,1297.0,807.0,4,158900.0
-117.18,32.76,17.0,711.0,254.0,327.0,227.0,3,67500.0
-117.18,32.75,52.0,1539.0,212.0,535.0,224.0,5,408500.0
-117.18,32.75,52.0,1504.0,208.0,518.0,196.0,9,459600.0
-117.18,32.75,36.0,2282.0,534.0,918.0,531.0,3,284700.0
-117.18,32.74,39.0,3132.0,738.0,1200.0,690.0,3,274000.0
-117.18,32.69,52.0,1837.0,313.0,668.0,300.0,5,500001.0
-117.18,32.69,48.0,2764.0,491.0,978.0,449.0,5,432400.0
-117.18,32.69,44.0,2819.0,514.0,1258.0,503.0,4,452800.0
-117.18,32.69,37.0,3112.0,716.0,1304.0,674.0,3,320800.0
-117.19,34.27,16.0,7961.0,1147.0,879.0,280.0,5,255200.0
-117.19,34.1,5.0,2167.0,384.0,1174.0,358.0,4,97700.0
-117.19,34.08,5.0,4458.0,751.0,2392.0,773.0,5,126500.0
-117.19,34.08,22.0,2467.0,555.0,1567.0,494.0,3,84700.0
-117.19,34.07,40.0,2374.0,500.0,1772.0,455.0,2,72500.0
-117.19,34.06,37.0,1467.0,348.0,1316.0,339.0,1,72800.0
-117.19,34.06,21.0,6107.0,1559.0,2805.0,1444.0,3,102700.0
-117.19,34.05,52.0,1949.0,432.0,767.0,392.0,3,117600.0
-117.19,34.05,33.0,3007.0,498.0,1252.0,488.0,4,134600.0
-117.19,34.05,33.0,1688.0,313.0,808.0,298.0,3,117800.0
-117.19,34.03,36.0,2223.0,361.0,942.0,331.0,5,152400.0
-117.19,34.03,20.0,856.0,124.0,395.0,145.0,11,381800.0
-117.19,33.9,3.0,21060.0,3366.0,9623.0,2812.0,4,143000.0
-117.19,33.7,24.0,5783.0,1256.0,1990.0,1151.0,2,83500.0
-117.19,33.69,3.0,6484.0,1037.0,3295.0,1074.0,5,136400.0
-117.19,33.53,6.0,108.0,18.0,43.0,17.0,3,187500.0
-117.19,33.41,16.0,3031.0,554.0,1301.0,518.0,4,296100.0
-117.19,33.34,15.0,3310.0,488.0,1104.0,460.0,6,314400.0
-117.19,33.18,7.0,3561.0,722.0,1921.0,657.0,4,209700.0
-117.19,32.86,19.0,3716.0,563.0,1788.0,587.0,5,267400.0
-117.19,32.86,18.0,4231.0,728.0,2030.0,720.0,6,272400.0
-117.19,32.85,15.0,2895.0,498.0,1164.0,443.0,5,417500.0
-117.19,32.84,35.0,2263.0,427.0,1001.0,408.0,4,172000.0
-117.19,32.84,30.0,2492.0,406.0,1250.0,431.0,6,197100.0
-117.19,32.83,30.0,2288.0,448.0,1240.0,469.0,4,169800.0
-117.19,32.82,35.0,2197.0,353.0,945.0,357.0,5,192900.0
-117.19,32.82,35.0,1074.0,180.0,442.0,173.0,5,204000.0
-117.19,32.82,34.0,3850.0,608.0,1619.0,602.0,5,208200.0
-117.19,32.81,33.0,5226.0,833.0,2221.0,839.0,5,207000.0
-117.19,32.8,16.0,2593.0,794.0,1235.0,684.0,3,166300.0
-117.19,32.79,36.0,1514.0,258.0,665.0,278.0,4,235100.0
-117.19,32.79,35.0,1788.0,378.0,777.0,374.0,3,238400.0
-117.19,32.77,14.0,3575.0,992.0,1645.0,839.0,2,140600.0
-117.19,32.76,52.0,1294.0,175.0,434.0,180.0,6,500001.0
-117.19,32.75,52.0,25.0,5.0,13.0,5.0,1,162500.0
-117.19,32.75,52.0,1495.0,230.0,459.0,190.0,8,500001.0
-117.19,32.75,52.0,1388.0,213.0,513.0,211.0,6,411600.0
-117.19,32.75,33.0,1115.0,316.0,583.0,269.0,3,258300.0
-117.19,32.69,35.0,2921.0,438.0,1042.0,415.0,6,482700.0
-117.2,34.52,12.0,4476.0,761.0,2255.0,735.0,4,118500.0
-117.2,34.5,10.0,4201.0,850.0,2378.0,808.0,2,92200.0
-117.2,34.48,7.0,4998.0,953.0,2764.0,891.0,3,101900.0
-117.2,34.46,7.0,8414.0,1584.0,5146.0,1517.0,3,92500.0
-117.2,34.26,17.0,9419.0,1455.0,1382.0,459.0,6,230900.0
-117.2,34.24,22.0,8106.0,1665.0,1062.0,423.0,3,137200.0
-117.2,34.15,18.0,1859.0,251.0,747.0,256.0,8,173200.0
-117.2,34.14,18.0,1920.0,333.0,890.0,323.0,5,144800.0
-117.2,34.14,14.0,2647.0,524.0,989.0,479.0,3,160000.0
-117.2,34.13,14.0,3998.0,711.0,1509.0,665.0,3,126700.0
-117.2,34.12,24.0,3532.0,618.0,1681.0,590.0,4,113900.0
-117.2,34.04,24.0,1587.0,222.0,676.0,234.0,6,173400.0
-117.2,34.04,23.0,1762.0,267.0,1132.0,279.0,6,153200.0
-117.2,33.83,14.0,1265.0,230.0,621.0,173.0,4,161300.0
-117.2,33.72,8.0,5528.0,1073.0,1674.0,918.0,3,110100.0
-117.2,33.72,16.0,5373.0,1079.0,1573.0,933.0,2,98600.0
-117.2,33.71,24.0,4210.0,920.0,1283.0,829.0,2,83300.0
-117.2,33.7,23.0,6323.0,1196.0,1984.0,1124.0,2,92400.0
-117.2,33.38,14.0,5392.0,821.0,2350.0,810.0,5,291500.0
-117.2,33.24,12.0,4992.0,780.0,2106.0,801.0,6,307300.0
-117.2,33.2,16.0,4409.0,629.0,1875.0,609.0,6,286400.0
-117.2,33.15,11.0,4091.0,864.0,1927.0,765.0,3,199000.0
-117.2,33.14,19.0,2025.0,414.0,1663.0,403.0,4,139200.0
-117.2,33.07,5.0,10394.0,1617.0,4496.0,1553.0,6,411300.0
-117.2,32.86,4.0,4308.0,1095.0,1923.0,932.0,4,267000.0
-117.2,32.84,32.0,2033.0,394.0,989.0,389.0,3,181400.0
-117.2,32.83,35.0,1377.0,350.0,792.0,313.0,3,161400.0
-117.2,32.82,35.0,1217.0,220.0,643.0,237.0,4,171600.0
-117.2,32.8,34.0,4854.0,912.0,2089.0,854.0,4,200000.0
-117.2,32.79,34.0,757.0,212.0,409.0,222.0,3,192200.0
-117.2,32.79,16.0,2079.0,394.0,746.0,383.0,5,300000.0
-117.2,32.78,38.0,2662.0,498.0,1132.0,496.0,4,241600.0
-117.2,32.77,31.0,1952.0,471.0,936.0,462.0,3,196900.0
-117.21,34.51,17.0,4379.0,629.0,1720.0,595.0,5,148400.0
-117.21,34.28,16.0,3326.0,569.0,527.0,192.0,6,167600.0
-117.21,34.14,16.0,1613.0,245.0,811.0,267.0,5,140700.0
-117.21,34.13,31.0,3037.0,565.0,1834.0,575.0,3,92900.0
-117.21,34.12,32.0,1677.0,354.0,1021.0,339.0,4,90900.0
-117.21,34.11,27.0,1245.0,229.0,692.0,234.0,3,89400.0
-117.21,34.11,26.0,1757.0,304.0,905.0,281.0,3,90900.0
-117.21,34.08,5.0,5749.0,1385.0,2382.0,1088.0,3,143100.0
-117.21,34.05,4.0,2904.0,764.0,1250.0,664.0,3,137500.0
-117.21,34.04,14.0,3063.0,426.0,1570.0,419.0,6,224700.0
-117.21,33.97,3.0,18356.0,2537.0,8437.0,2342.0,6,197700.0
-117.21,33.95,5.0,8403.0,1240.0,3962.0,1150.0,5,155500.0
-117.21,33.93,4.0,10002.0,1468.0,5439.0,1397.0,5,152600.0
-117.21,33.82,2.0,4198.0,805.0,1943.0,673.0,4,122100.0
-117.21,33.71,16.0,8476.0,1758.0,2711.0,1427.0,2,97900.0
-117.21,33.61,7.0,7722.0,1324.0,2975.0,1161.0,4,150900.0
-117.21,33.34,10.0,5294.0,817.0,2312.0,810.0,5,325700.0
-117.21,33.2,22.0,3337.0,518.0,1288.0,466.0,5,253700.0
-117.21,33.17,16.0,1787.0,361.0,1446.0,362.0,4,163800.0
-117.21,33.16,13.0,2937.0,698.0,1246.0,579.0,3,196000.0
-117.21,33.14,12.0,4839.0,954.0,1708.0,952.0,3,163300.0
-117.21,33.13,19.0,3068.0,596.0,912.0,554.0,4,168000.0
-117.21,33.13,15.0,1889.0,368.0,754.0,409.0,2,132800.0
-117.21,33.12,4.0,3261.0,689.0,926.0,561.0,4,258900.0
-117.21,33.03,20.0,3370.0,433.0,1020.0,408.0,11,500001.0
-117.21,33.02,26.0,3194.0,454.0,1032.0,406.0,10,500001.0
-117.21,32.96,3.0,6251.0,988.0,2330.0,893.0,8,467600.0
-117.21,32.89,14.0,3114.0,773.0,1592.0,776.0,3,156100.0
-117.21,32.87,12.0,1428.0,303.0,528.0,269.0,4,254400.0
-117.21,32.86,26.0,1352.0,202.0,654.0,217.0,5,260700.0
-117.21,32.86,24.0,3596.0,494.0,1573.0,492.0,7,326000.0
-117.21,32.86,16.0,2800.0,566.0,1267.0,518.0,3,148600.0
-117.21,32.85,26.0,2012.0,315.0,872.0,335.0,5,277500.0
-117.21,32.84,34.0,2158.0,366.0,1046.0,335.0,5,182100.0
-117.21,32.83,36.0,1475.0,328.0,806.0,327.0,4,166000.0
-117.21,32.83,35.0,2259.0,501.0,1340.0,511.0,3,162500.0
-117.21,32.83,28.0,3241.0,533.0,1334.0,513.0,4,199600.0
-117.21,32.81,33.0,4773.0,873.0,1954.0,845.0,4,184800.0
-117.21,32.81,27.0,1318.0,216.0,495.0,191.0,5,283800.0
-117.21,32.81,26.0,2496.0,407.0,1062.0,380.0,6,302100.0
-117.21,32.8,34.0,1398.0,222.0,532.0,244.0,4,289600.0
-117.21,32.75,27.0,2072.0,534.0,1118.0,510.0,3,262100.0
-117.21,32.75,15.0,1716.0,702.0,914.0,672.0,1,300000.0
-117.21,32.74,52.0,1245.0,174.0,468.0,193.0,7,334500.0
-117.22,34.54,8.0,12526.0,2495.0,6133.0,2324.0,3,119200.0
-117.22,34.48,7.0,2449.0,447.0,1217.0,408.0,4,109900.0
-117.22,34.44,5.0,4787.0,910.0,1944.0,806.0,3,98500.0
-117.22,34.13,10.0,5951.0,1330.0,3204.0,1159.0,3,110200.0
-117.22,34.12,34.0,2457.0,499.0,1538.0,507.0,3,82500.0
-117.22,34.12,30.0,2512.0,597.0,1390.0,523.0,2,77200.0
-117.22,34.11,26.0,2972.0,603.0,1972.0,532.0,2,80400.0
-117.22,34.07,8.0,3065.0,692.0,1440.0,666.0,3,129200.0
-117.22,33.93,14.0,5104.0,1026.0,3513.0,972.0,3,117000.0
-117.22,33.92,5.0,16884.0,2865.0,9509.0,2688.0,4,130900.0
-117.22,33.9,8.0,8302.0,1461.0,5155.0,1370.0,4,121500.0
-117.22,33.87,16.0,56.0,7.0,39.0,14.0,3,500001.0
-117.22,33.81,4.0,9911.0,1946.0,5145.0,1661.0,3,113700.0
-117.22,33.8,3.0,5284.0,920.0,2703.0,729.0,4,126500.0
-117.22,33.74,7.0,1810.0,386.0,931.0,355.0,3,109200.0
-117.22,33.66,12.0,1869.0,356.0,1007.0,323.0,3,117200.0
-117.22,33.48,5.0,1585.0,247.0,510.0,181.0,7,493300.0
-117.22,33.36,16.0,3165.0,482.0,1351.0,452.0,5,263300.0
-117.22,33.22,17.0,3675.0,672.0,1693.0,597.0,3,190800.0
-117.22,33.22,15.0,1430.0,343.0,704.0,322.0,2,162500.0
-117.22,33.21,19.0,4400.0,828.0,1901.0,735.0,4,198800.0
-117.22,33.2,31.0,1736.0,277.0,801.0,292.0,4,205500.0
-117.22,33.19,16.0,3004.0,656.0,1948.0,606.0,3,216900.0
-117.22,33.18,13.0,4273.0,886.0,2328.0,801.0,3,183900.0
-117.22,33.17,6.0,1487.0,362.0,810.0,322.0,4,135700.0
-117.22,33.14,5.0,4576.0,848.0,2314.0,705.0,5,210400.0
-117.22,32.87,5.0,3511.0,1008.0,1599.0,918.0,4,176600.0
-117.22,32.87,14.0,3512.0,807.0,1835.0,792.0,3,171000.0
-117.22,32.85,26.0,1647.0,261.0,694.0,259.0,5,274400.0
-117.22,32.84,19.0,2691.0,347.0,1154.0,366.0,8,363600.0
-117.22,32.83,34.0,2936.0,597.0,1512.0,571.0,4,176900.0
-117.22,32.83,31.0,3958.0,727.0,1924.0,728.0,5,190200.0
-117.22,32.83,31.0,2558.0,512.0,1164.0,492.0,3,200400.0
-117.22,32.83,17.0,1124.0,187.0,553.0,205.0,6,237300.0
-117.22,32.82,35.0,756.0,135.0,423.0,136.0,4,183900.0
-117.22,32.82,22.0,3738.0,795.0,1476.0,728.0,4,303100.0
-117.22,32.81,24.0,730.0,196.0,335.0,203.0,4,362500.0
-117.22,32.81,21.0,1703.0,335.0,902.0,369.0,4,362500.0
-117.22,32.8,23.0,1906.0,525.0,1029.0,491.0,3,183300.0
-117.22,32.75,34.0,6001.0,1111.0,2654.0,1072.0,5,291000.0
-117.22,32.75,26.0,696.0,185.0,384.0,184.0,3,125000.0
-117.22,32.75,26.0,617.0,112.0,251.0,110.0,4,162000.0
-117.22,32.75,24.0,3914.0,985.0,2147.0,874.0,3,225000.0
-117.22,32.74,52.0,1283.0,173.0,436.0,190.0,7,345700.0
-117.22,32.74,52.0,1260.0,202.0,555.0,209.0,7,345200.0
-117.22,32.74,41.0,2621.0,542.0,1074.0,471.0,2,287500.0
-117.23,34.51,9.0,5756.0,807.0,2158.0,758.0,6,167800.0
-117.23,34.49,9.0,4055.0,536.0,1458.0,478.0,5,170600.0
-117.23,34.15,17.0,5036.0,817.0,2084.0,833.0,5,137200.0
-117.23,34.14,16.0,2577.0,521.0,956.0,472.0,3,129400.0
-117.23,34.13,10.0,1145.0,293.0,726.0,251.0,2,68700.0
-117.23,34.12,6.0,4464.0,1093.0,2364.0,952.0,2,81600.0
-117.23,34.12,18.0,1439.0,319.0,699.0,310.0,2,73500.0
-117.23,34.11,33.0,2170.0,500.0,1425.0,472.0,2,78300.0
-117.23,34.11,22.0,1162.0,221.0,995.0,244.0,3,81300.0
-117.23,33.96,5.0,9179.0,1361.0,4573.0,1294.0,5,163300.0
-117.23,33.94,8.0,2405.0,537.0,1594.0,517.0,3,114200.0
-117.23,33.94,7.0,13195.0,2696.0,6763.0,2437.0,4,142000.0
-117.23,33.89,5.0,11775.0,2031.0,6686.0,1911.0,4,136600.0
-117.23,33.83,2.0,1424.0,251.0,681.0,192.0,4,100000.0
-117.23,33.79,17.0,3318.0,759.0,2016.0,673.0,2,89300.0
-117.23,33.78,23.0,3465.0,703.0,2672.0,607.0,2,81500.0
-117.23,33.77,5.0,2108.0,496.0,1666.0,461.0,2,83000.0
-117.23,33.68,10.0,3659.0,650.0,1476.0,515.0,4,125900.0
-117.23,33.57,6.0,13724.0,2269.0,5860.0,1986.0,4,183000.0
-117.23,33.38,18.0,3339.0,704.0,1727.0,652.0,3,173200.0
-117.23,33.24,26.0,1991.0,330.0,1014.0,304.0,4,240100.0
-117.23,33.23,13.0,2899.0,657.0,1946.0,579.0,3,172000.0
-117.23,33.22,18.0,2334.0,573.0,962.0,557.0,2,97000.0
-117.23,33.22,16.0,3224.0,729.0,1036.0,608.0,2,148800.0
-117.23,33.21,34.0,544.0,108.0,348.0,127.0,4,164600.0
-117.23,33.21,21.0,1934.0,386.0,861.0,381.0,4,213800.0
-117.23,33.2,29.0,3372.0,720.0,1770.0,693.0,4,166000.0
-117.23,33.19,22.0,2554.0,447.0,1147.0,422.0,4,192500.0
-117.23,33.16,2.0,4624.0,946.0,2091.0,808.0,4,214500.0
-117.23,33.09,7.0,5320.0,855.0,2015.0,768.0,6,279600.0
-117.23,33.01,18.0,3961.0,511.0,1541.0,470.0,11,500001.0
-117.23,32.99,17.0,2718.0,326.0,1011.0,319.0,15,500001.0
-117.23,32.86,16.0,1675.0,354.0,604.0,332.0,5,188300.0
-117.23,32.86,15.0,1703.0,320.0,587.0,282.0,5,209800.0
-117.23,32.86,15.0,1199.0,301.0,510.0,296.0,4,180100.0
-117.23,32.85,25.0,4229.0,601.0,1634.0,574.0,6,316700.0
-117.23,32.81,24.0,3271.0,508.0,1496.0,482.0,6,422200.0
-117.23,32.81,22.0,3205.0,429.0,1083.0,410.0,8,406300.0
-117.23,32.8,28.0,3379.0,918.0,1849.0,849.0,3,241700.0
-117.23,32.8,27.0,1297.0,355.0,776.0,337.0,2,244400.0
-117.23,32.8,22.0,2981.0,873.0,1751.0,745.0,2,190600.0
-117.23,32.8,21.0,2429.0,579.0,1011.0,538.0,3,229400.0
-117.23,32.79,28.0,2453.0,648.0,1082.0,617.0,4,266700.0
-117.23,32.75,5.0,1824.0,509.0,892.0,426.0,3,137500.0
-117.23,32.75,21.0,2050.0,608.0,1131.0,550.0,2,165000.0
-117.23,32.75,11.0,4304.0,1245.0,1960.0,1105.0,3,159800.0
-117.23,32.74,44.0,1404.0,229.0,513.0,217.0,4,263800.0
-117.23,32.74,35.0,2615.0,525.0,1312.0,547.0,4,238200.0
-117.23,32.73,35.0,2914.0,683.0,1562.0,638.0,3,240200.0
-117.23,32.72,38.0,2827.0,581.0,972.0,558.0,3,500001.0
-117.24,34.59,4.0,5027.0,797.0,1869.0,686.0,4,186100.0
-117.24,34.15,26.0,2041.0,293.0,936.0,375.0,6,140200.0
-117.24,34.15,23.0,3847.0,608.0,1621.0,630.0,5,128400.0
-117.24,34.14,6.0,2383.0,606.0,1301.0,488.0,3,107500.0
-117.24,34.13,26.0,3774.0,716.0,1913.0,620.0,3,98900.0
-117.24,34.13,24.0,1203.0,310.0,594.0,187.0,1,87500.0
-117.24,34.12,29.0,2654.0,667.0,1822.0,593.0,2,72300.0
-117.24,34.11,23.0,1920.0,454.0,1161.0,358.0,2,73200.0
-117.24,34.06,9.0,3603.0,786.0,1782.0,718.0,3,93300.0
-117.24,34.04,5.0,1775.0,234.0,726.0,222.0,8,223900.0
-117.24,34.04,17.0,3362.0,507.0,1520.0,496.0,6,214500.0
-117.24,33.95,11.0,6617.0,1118.0,3710.0,1087.0,5,132600.0
-117.24,33.94,15.0,1569.0,423.0,1123.0,369.0,2,113900.0
-117.24,33.85,8.0,1031.0,201.0,606.0,179.0,3,136300.0
-117.24,33.77,9.0,6907.0,1379.0,3665.0,1290.0,3,104200.0
-117.24,33.4,16.0,2704.0,463.0,1322.0,424.0,4,227000.0
-117.24,33.38,16.0,2792.0,525.0,1696.0,516.0,4,171200.0
-117.24,33.37,14.0,4687.0,793.0,2436.0,779.0,5,180900.0
-117.24,33.36,11.0,2786.0,480.0,1250.0,450.0,4,222600.0
-117.24,33.34,17.0,2866.0,442.0,1354.0,431.0,5,257300.0
-117.24,33.23,21.0,1718.0,308.0,1194.0,312.0,3,150900.0
-117.24,33.23,13.0,3756.0,648.0,1767.0,614.0,4,196000.0
-117.24,33.22,20.0,1962.0,334.0,1173.0,349.0,4,162500.0
-117.24,33.21,9.0,2486.0,626.0,1938.0,525.0,2,151400.0
-117.24,33.21,19.0,1872.0,489.0,1859.0,446.0,2,121700.0
-117.24,33.21,18.0,1846.0,419.0,1581.0,387.0,3,111300.0
-117.24,33.2,25.0,1631.0,415.0,1045.0,386.0,2,147500.0
-117.24,33.19,19.0,1569.0,351.0,1035.0,352.0,3,159400.0
-117.24,33.05,15.0,3029.0,555.0,1559.0,546.0,5,169200.0
-117.24,33.05,11.0,5827.0,882.0,2588.0,842.0,6,344200.0
-117.24,33.04,13.0,3498.0,663.0,1412.0,618.0,3,147600.0
-117.24,33.0,16.0,2512.0,356.0,795.0,353.0,8,369100.0
-117.24,32.98,4.0,6423.0,1042.0,2607.0,983.0,8,337000.0
-117.24,32.95,18.0,1591.0,268.0,547.0,243.0,6,329300.0
-117.24,32.94,12.0,2165.0,437.0,792.0,386.0,5,294400.0
-117.24,32.85,22.0,3479.0,448.0,1252.0,440.0,10,500001.0
-117.24,32.81,34.0,2420.0,391.0,917.0,392.0,7,394400.0
-117.24,32.81,33.0,1588.0,289.0,683.0,301.0,5,332400.0
-117.24,32.8,30.0,1917.0,462.0,828.0,437.0,2,276300.0
-117.24,32.8,26.0,3433.0,873.0,1492.0,798.0,3,234800.0
-117.24,32.8,19.0,1863.0,497.0,868.0,503.0,2,210000.0
-117.24,32.8,18.0,2205.0,661.0,874.0,580.0,4,112500.0
-117.24,32.79,25.0,2135.0,691.0,566.0,320.0,3,212500.0
-117.24,32.79,20.0,961.0,278.0,525.0,254.0,3,245800.0
-117.24,32.79,18.0,2539.0,616.0,964.0,526.0,3,275000.0
-117.24,32.79,18.0,1741.0,602.0,508.0,283.0,3,193800.0
-117.24,32.79,17.0,1149.0,266.0,403.0,228.0,4,241700.0
-117.24,32.78,44.0,2172.0,431.0,892.0,420.0,4,342200.0
-117.24,32.75,41.0,1989.0,514.0,1015.0,489.0,3,226000.0
-117.24,32.75,36.0,2831.0,669.0,1279.0,660.0,3,252700.0
-117.24,32.75,36.0,1856.0,475.0,822.0,416.0,2,220600.0
-117.24,32.75,33.0,1980.0,614.0,1057.0,567.0,2,231300.0
-117.24,32.74,45.0,1718.0,293.0,757.0,329.0,4,284900.0
-117.24,32.74,44.0,1686.0,285.0,712.0,298.0,4,298600.0
-117.24,32.74,44.0,1488.0,259.0,667.0,281.0,4,321800.0
-117.24,32.74,43.0,2216.0,375.0,918.0,388.0,6,297700.0
-117.24,32.73,37.0,2260.0,354.0,809.0,351.0,6,388300.0
-117.24,32.72,39.0,3819.0,594.0,1361.0,583.0,7,396400.0
-117.24,32.72,39.0,3089.0,431.0,1175.0,432.0,8,466700.0
-117.24,32.71,32.0,4164.0,701.0,1277.0,607.0,7,500001.0
-117.25,34.53,13.0,5841.0,955.0,2455.0,915.0,4,158200.0
-117.25,34.51,7.0,3200.0,477.0,1522.0,470.0,5,142200.0
-117.25,34.16,37.0,1709.0,278.0,744.0,274.0,4,116600.0
-117.25,34.16,35.0,2707.0,481.0,1595.0,479.0,4,91500.0
-117.25,34.16,31.0,1516.0,238.0,596.0,255.0,4,159400.0
-117.25,34.15,30.0,1770.0,380.0,990.0,348.0,3,97600.0
-117.25,34.14,19.0,5163.0,1229.0,2680.0,1141.0,2,114500.0
-117.25,34.13,37.0,2498.0,472.0,1291.0,487.0,3,83400.0
-117.25,34.13,33.0,2898.0,503.0,1374.0,487.0,4,90000.0
-117.25,34.12,17.0,3107.0,752.0,2160.0,643.0,2,72600.0
-117.25,34.11,32.0,2910.0,641.0,2011.0,614.0,3,70800.0
-117.25,34.11,30.0,2173.0,560.0,1509.0,486.0,1,67700.0
-117.25,34.08,30.0,2981.0,605.0,1784.0,573.0,2,85800.0
-117.25,34.07,21.0,3067.0,706.0,2140.0,687.0,2,78800.0
-117.25,34.06,23.0,4503.0,1156.0,3264.0,937.0,2,93000.0
-117.25,34.06,18.0,5009.0,1108.0,2948.0,963.0,3,106500.0
-117.25,34.04,18.0,5761.0,1063.0,2763.0,1058.0,4,161100.0
-117.25,33.95,5.0,13096.0,2208.0,6780.0,2180.0,4,138700.0
-117.25,33.92,7.0,9812.0,1914.0,5595.0,1729.0,4,124600.0
-117.25,33.65,10.0,1652.0,316.0,725.0,233.0,4,155600.0
-117.25,33.39,22.0,2699.0,543.0,1425.0,491.0,2,137300.0
-117.25,33.38,17.0,1614.0,431.0,1031.0,389.0,2,134400.0
-117.25,33.38,16.0,3536.0,765.0,2007.0,687.0,3,146700.0
-117.25,33.37,8.0,1755.0,530.0,1687.0,511.0,2,146900.0
-117.25,33.36,6.0,3725.0,960.0,2833.0,915.0,2,247000.0
-117.25,33.3,14.0,2513.0,351.0,1151.0,357.0,6,359000.0
-117.25,33.25,6.0,6160.0,993.0,2997.0,1029.0,5,205000.0
-117.25,33.22,26.0,2010.0,347.0,1160.0,331.0,4,142600.0
-117.25,33.21,9.0,1944.0,488.0,1992.0,453.0,2,127200.0
-117.25,33.21,13.0,1203.0,292.0,1035.0,293.0,3,117000.0
-117.25,33.2,22.0,2361.0,618.0,1472.0,596.0,2,124500.0
-117.25,33.2,10.0,2050.0,473.0,1302.0,471.0,3,131300.0
-117.25,33.19,18.0,1891.0,306.0,830.0,279.0,5,207000.0
-117.25,33.12,8.0,8552.0,1437.0,3335.0,1323.0,5,255800.0
-117.25,33.1,14.0,3676.0,720.0,1176.0,614.0,4,171900.0
-117.25,33.08,13.0,3651.0,465.0,1311.0,435.0,8,340300.0
-117.25,33.06,6.0,9859.0,1448.0,4194.0,1401.0,6,296200.0
-117.25,33.05,16.0,2794.0,476.0,1387.0,442.0,4,213400.0
-117.25,33.03,6.0,3416.0,493.0,1319.0,467.0,7,324600.0
-117.25,33.01,16.0,3892.0,520.0,1454.0,524.0,8,396000.0
-117.25,33.0,14.0,2518.0,458.0,931.0,414.0,6,485300.0
-117.25,32.99,10.0,4926.0,749.0,1478.0,634.0,7,439900.0
-117.25,32.96,18.0,4773.0,743.0,1970.0,716.0,7,406200.0
-117.25,32.94,16.0,4755.0,807.0,1829.0,756.0,7,425900.0
-117.25,32.94,15.0,1804.0,339.0,673.0,296.0,6,370500.0
-117.25,32.86,30.0,1670.0,219.0,606.0,202.0,12,500001.0
-117.25,32.86,27.0,2530.0,469.0,594.0,326.0,7,500001.0
-117.25,32.86,25.0,2911.0,533.0,1137.0,499.0,5,500001.0
-117.25,32.84,19.0,1759.0,214.0,659.0,195.0,11,500001.0
-117.25,32.82,23.0,6139.0,826.0,2036.0,807.0,10,500001.0
-117.25,32.81,39.0,1846.0,350.0,765.0,329.0,4,311900.0
-117.25,32.81,32.0,2402.0,551.0,1020.0,532.0,3,307400.0
-117.25,32.8,32.0,1601.0,468.0,731.0,429.0,3,258300.0
-117.25,32.8,31.0,2182.0,630.0,1069.0,599.0,3,212500.0
-117.25,32.8,26.0,2442.0,659.0,1134.0,624.0,3,295500.0
-117.25,32.79,37.0,1467.0,442.0,651.0,354.0,2,340400.0
-117.25,32.79,27.0,848.0,300.0,455.0,298.0,3,275000.0
-117.25,32.79,25.0,1627.0,375.0,735.0,378.0,4,317100.0
-117.25,32.78,36.0,1527.0,427.0,710.0,312.0,3,291700.0
-117.25,32.78,21.0,1479.0,484.0,658.0,384.0,2,350000.0
-117.25,32.77,35.0,2494.0,690.0,1126.0,624.0,4,385300.0
-117.25,32.77,32.0,2021.0,524.0,973.0,485.0,3,362500.0
-117.25,32.75,37.0,1189.0,377.0,645.0,377.0,2,216700.0
-117.25,32.75,36.0,1929.0,526.0,974.0,491.0,2,205800.0
-117.25,32.75,32.0,3551.0,1037.0,1731.0,935.0,2,208300.0
-117.25,32.74,40.0,2186.0,549.0,953.0,515.0,3,257100.0
-117.25,32.74,36.0,1830.0,430.0,755.0,419.0,3,286800.0
-117.25,32.74,36.0,1240.0,310.0,577.0,319.0,3,248200.0
-117.25,32.73,39.0,1688.0,256.0,635.0,272.0,5,367400.0
-117.25,32.73,38.0,1840.0,291.0,633.0,283.0,5,383600.0
-117.25,32.73,37.0,2224.0,331.0,821.0,341.0,6,400000.0
-117.25,32.72,36.0,2632.0,450.0,2038.0,419.0,7,345800.0
-117.25,32.72,33.0,1677.0,228.0,629.0,239.0,7,496400.0
-117.26,34.53,10.0,3103.0,520.0,1283.0,464.0,3,151600.0
-117.26,34.48,6.0,4632.0,753.0,1851.0,694.0,4,163100.0
-117.26,34.43,11.0,4597.0,782.0,2534.0,776.0,3,99300.0
-117.26,34.24,10.0,4750.0,844.0,1220.0,428.0,5,132400.0
-117.26,34.17,30.0,1937.0,351.0,945.0,344.0,4,123700.0
-117.26,34.15,33.0,2271.0,389.0,1100.0,380.0,4,88300.0
-117.26,34.13,39.0,3521.0,747.0,2256.0,721.0,2,87500.0
-117.26,34.13,37.0,2403.0,550.0,1234.0,493.0,2,72100.0
-117.26,34.11,33.0,1210.0,288.0,850.0,238.0,1,59300.0
-117.26,33.81,22.0,4249.0,922.0,2405.0,846.0,2,146500.0
-117.26,33.37,7.0,2221.0,548.0,1440.0,501.0,2,154600.0
-117.26,33.21,26.0,1906.0,408.0,1325.0,427.0,3,136000.0
-117.26,33.2,13.0,3163.0,725.0,1675.0,629.0,3,121900.0
-117.26,33.19,2.0,2629.0,509.0,1044.0,522.0,4,158500.0
-117.26,33.18,9.0,4540.0,793.0,2235.0,746.0,5,225600.0
-117.26,33.09,22.0,2398.0,407.0,349.0,169.0,7,500001.0
-117.26,33.09,13.0,3730.0,761.0,1335.0,603.0,4,227100.0
-117.26,33.08,12.0,5080.0,814.0,1958.0,716.0,5,299600.0
-117.26,33.06,11.0,2660.0,352.0,1226.0,366.0,8,319800.0
-117.26,33.05,14.0,2323.0,373.0,1057.0,372.0,6,240900.0
-117.26,33.04,18.0,2229.0,346.0,1088.0,352.0,6,278300.0
-117.26,33.04,16.0,3109.0,450.0,1433.0,453.0,7,269600.0
-117.26,33.02,9.0,4632.0,759.0,1724.0,685.0,6,369800.0
-117.26,33.0,31.0,2695.0,491.0,1059.0,451.0,5,393500.0
-117.26,32.98,12.0,3900.0,977.0,1690.0,892.0,4,226900.0
-117.26,32.97,25.0,2582.0,495.0,1088.0,471.0,6,500001.0
-117.26,32.96,36.0,1721.0,264.0,710.0,282.0,10,500001.0
-117.26,32.95,34.0,1651.0,273.0,650.0,271.0,6,500001.0
-117.26,32.95,22.0,5484.0,1227.0,1947.0,1012.0,4,500001.0
-117.26,32.95,15.0,1882.0,233.0,704.0,219.0,7,500001.0
-117.26,32.95,15.0,1036.0,149.0,395.0,157.0,6,500001.0
-117.26,32.85,42.0,1761.0,329.0,480.0,255.0,5,500001.0
-117.26,32.83,24.0,1663.0,199.0,578.0,187.0,11,500001.0
-117.26,32.81,37.0,1616.0,421.0,650.0,395.0,3,326500.0
-117.26,32.81,30.0,1328.0,346.0,577.0,328.0,2,290600.0
-117.26,32.81,25.0,2076.0,586.0,1060.0,554.0,3,227800.0
-117.26,32.8,30.0,1446.0,385.0,650.0,344.0,4,450000.0
-117.27,34.48,8.0,1794.0,276.0,690.0,271.0,4,165300.0
-117.27,34.42,9.0,5643.0,1005.0,3166.0,957.0,3,93300.0
-117.27,34.4,8.0,6042.0,979.0,3031.0,991.0,3,124400.0
-117.27,34.39,6.0,6988.0,1121.0,3660.0,1092.0,4,125700.0
-117.27,34.24,34.0,3687.0,756.0,941.0,367.0,3,117600.0
-117.27,34.23,26.0,6339.0,1244.0,1177.0,466.0,4,110400.0
-117.27,34.17,16.0,30.0,3.0,49.0,8.0,5,250000.0
-117.27,34.15,35.0,1490.0,253.0,705.0,253.0,3,95300.0
-117.27,34.14,36.0,3795.0,676.0,1742.0,585.0,4,96400.0
-117.27,34.14,35.0,1517.0,257.0,658.0,245.0,4,97600.0
-117.27,34.13,40.0,1298.0,254.0,793.0,268.0,3,83800.0
-117.27,34.13,36.0,3337.0,687.0,2388.0,589.0,3,87800.0
-117.27,34.12,52.0,954.0,246.0,943.0,256.0,1,87500.0
-117.27,34.12,31.0,2209.0,636.0,1314.0,562.0,2,78800.0
-117.27,34.12,27.0,2896.0,684.0,1514.0,668.0,1,70200.0
-117.27,34.11,44.0,567.0,134.0,565.0,150.0,2,62900.0
-117.27,34.08,38.0,1093.0,256.0,856.0,212.0,1,73000.0
-117.27,34.07,21.0,418.0,132.0,401.0,120.0,2,82100.0
-117.27,34.06,20.0,5258.0,1514.0,3780.0,1404.0,2,85700.0
-117.27,34.05,34.0,1703.0,395.0,849.0,359.0,3,138200.0
-117.27,33.93,2.0,337.0,55.0,115.0,49.0,3,164800.0
-117.27,33.92,13.0,8443.0,1744.0,4885.0,1470.0,3,127200.0
-117.27,33.68,8.0,26322.0,4072.0,9360.0,3361.0,5,228900.0
-117.27,33.55,4.0,6112.0,890.0,2088.0,712.0,6,429000.0
-117.27,33.23,5.0,20908.0,3933.0,9690.0,3510.0,4,198500.0
-117.27,33.22,5.0,2283.0,337.0,999.0,325.0,5,196700.0
-117.27,33.22,16.0,1420.0,311.0,470.0,313.0,2,90800.0
-117.27,33.21,5.0,5764.0,996.0,3161.0,1012.0,4,177500.0
-117.27,33.2,34.0,1852.0,322.0,978.0,332.0,4,156900.0
-117.27,33.2,23.0,2145.0,379.0,1360.0,404.0,4,150700.0
-117.27,33.19,8.0,973.0,289.0,663.0,209.0,3,139300.0
-117.27,33.18,4.0,3371.0,773.0,1481.0,627.0,3,215700.0
-117.27,33.08,7.0,2949.0,447.0,1335.0,426.0,6,342400.0
-117.27,33.06,7.0,3686.0,733.0,1612.0,672.0,3,367100.0
-117.27,33.05,15.0,3333.0,808.0,1371.0,737.0,3,122400.0
-117.27,33.04,27.0,1839.0,392.0,1302.0,404.0,4,214600.0
-117.27,33.03,25.0,1787.0,311.0,1108.0,311.0,4,215800.0
-117.27,33.03,19.0,2899.0,499.0,1356.0,512.0,5,220900.0
-117.27,33.03,16.0,2240.0,443.0,1104.0,416.0,4,148700.0
-117.27,33.02,21.0,2144.0,340.0,928.0,344.0,6,286100.0
-117.27,33.0,36.0,2426.0,454.0,1085.0,420.0,5,387800.0
-117.27,32.99,21.0,3318.0,578.0,1273.0,538.0,6,382100.0
-117.27,32.98,17.0,1853.0,392.0,351.0,208.0,5,230700.0
-117.27,32.85,34.0,2105.0,444.0,780.0,406.0,2,488900.0
-117.27,32.84,26.0,3940.0,657.0,1180.0,600.0,6,500001.0
-117.27,32.83,39.0,1877.0,426.0,805.0,409.0,4,410000.0
-117.27,32.83,35.0,1420.0,193.0,469.0,177.0,8,500001.0
-117.27,32.82,42.0,2820.0,488.0,1175.0,500.0,5,405200.0
-117.27,32.82,35.0,2908.0,595.0,1068.0,529.0,4,500001.0
-117.28,35.13,32.0,671.0,166.0,856.0,114.0,3,53300.0
-117.28,34.68,28.0,1932.0,421.0,1156.0,404.0,2,55600.0
-117.28,34.51,10.0,4676.0,884.0,2845.0,812.0,3,100400.0
-117.28,34.24,16.0,3474.0,633.0,853.0,315.0,5,128600.0
-117.28,34.17,26.0,3728.0,888.0,1765.0,727.0,2,86800.0
-117.28,34.17,26.0,3106.0,603.0,1396.0,576.0,3,122200.0
-117.28,34.16,35.0,2028.0,456.0,972.0,398.0,2,90700.0
-117.28,34.16,26.0,2469.0,532.0,1068.0,501.0,2,122100.0
-117.28,34.15,38.0,1981.0,343.0,796.0,344.0,4,97400.0
-117.28,34.15,36.0,1734.0,280.0,604.0,259.0,4,122200.0
-117.28,34.14,40.0,2364.0,438.0,968.0,416.0,3,93300.0
-117.28,34.14,40.0,2190.0,496.0,1214.0,493.0,2,81900.0
-117.28,34.13,29.0,2077.0,577.0,1418.0,524.0,2,76800.0
-117.28,34.12,47.0,2456.0,611.0,1653.0,512.0,1,66100.0
-117.28,34.12,36.0,2991.0,822.0,2378.0,751.0,1,70600.0
-117.28,34.11,39.0,1573.0,418.0,1258.0,359.0,1,69500.0
-117.28,34.09,44.0,376.0,87.0,273.0,107.0,2,90800.0
-117.28,34.06,2.0,1658.0,290.0,868.0,304.0,5,136700.0
-117.28,33.94,10.0,972.0,212.0,773.0,219.0,1,135700.0
-117.28,33.92,35.0,3623.0,841.0,2721.0,766.0,2,86900.0
-117.28,33.89,33.0,6982.0,1371.0,5650.0,1195.0,3,152700.0
-117.28,33.85,16.0,3498.0,702.0,2372.0,672.0,2,118000.0
-117.28,33.72,11.0,1161.0,235.0,640.0,210.0,2,114600.0
-117.28,33.66,15.0,4573.0,928.0,2513.0,832.0,3,163600.0
-117.28,33.22,13.0,2832.0,542.0,1065.0,531.0,2,98600.0
-117.28,33.2,11.0,1472.0,261.0,1012.0,285.0,4,175600.0
-117.28,33.19,5.0,2697.0,639.0,1633.0,580.0,3,165800.0
-117.28,33.18,16.0,3002.0,591.0,842.0,538.0,2,157300.0
-117.28,33.18,14.0,676.0,118.0,384.0,126.0,6,178100.0
-117.28,33.1,13.0,2644.0,422.0,1197.0,399.0,7,267900.0
-117.28,33.04,12.0,4459.0,928.0,2471.0,888.0,4,252700.0
-117.28,32.84,41.0,1420.0,338.0,640.0,314.0,3,360300.0
-117.28,32.84,21.0,2455.0,660.0,1015.0,597.0,4,381300.0
-117.28,32.83,34.0,2392.0,653.0,933.0,619.0,4,500000.0
-117.28,32.8,20.0,1838.0,540.0,615.0,325.0,4,193800.0
-117.28,32.77,38.0,1267.0,340.0,442.0,250.0,4,500000.0
-117.28,32.75,34.0,981.0,313.0,508.0,304.0,2,266700.0
-117.28,32.74,33.0,4168.0,1112.0,1785.0,984.0,3,247700.0
-117.28,32.73,44.0,1934.0,325.0,783.0,316.0,5,358600.0
-117.29,35.54,35.0,7922.0,1636.0,3431.0,1329.0,3,40400.0
-117.29,34.57,22.0,1054.0,239.0,428.0,239.0,1,68300.0
-117.29,34.41,11.0,5934.0,1380.0,2756.0,1239.0,2,108300.0
-117.29,34.17,35.0,4174.0,847.0,2127.0,778.0,3,88300.0
-117.29,34.15,49.0,1820.0,321.0,757.0,324.0,3,102600.0
-117.29,34.15,42.0,1811.0,345.0,856.0,352.0,3,97000.0
-117.29,34.14,52.0,1683.0,266.0,646.0,256.0,4,97300.0
-117.29,34.14,48.0,1717.0,307.0,610.0,267.0,3,97600.0
-117.29,34.14,45.0,1598.0,314.0,771.0,319.0,3,82900.0
-117.29,34.14,39.0,1989.0,401.0,805.0,341.0,2,90000.0
-117.29,34.13,52.0,2424.0,528.0,1171.0,455.0,1,77900.0
-117.29,34.13,44.0,2337.0,563.0,1238.0,467.0,2,75800.0
-117.29,34.12,47.0,1648.0,432.0,1308.0,385.0,1,68200.0
-117.29,34.12,45.0,1369.0,351.0,1046.0,274.0,2,72100.0
-117.29,34.12,40.0,2198.0,612.0,1517.0,531.0,1,65800.0
-117.29,34.11,35.0,2426.0,715.0,1920.0,586.0,2,68000.0
-117.29,34.11,35.0,2014.0,677.0,1714.0,612.0,1,78800.0
-117.29,34.03,9.0,8185.0,1525.0,3630.0,1466.0,4,197700.0
-117.29,33.97,4.0,18767.0,3032.0,8805.0,2723.0,5,160600.0
-117.29,33.83,15.0,4173.0,804.0,2393.0,713.0,2,118300.0
-117.29,33.72,19.0,2248.0,427.0,1207.0,368.0,3,110000.0
-117.29,33.63,7.0,16010.0,2726.0,7139.0,2426.0,4,162200.0
-117.29,33.24,5.0,3109.0,634.0,1823.0,578.0,3,153800.0
-117.29,33.2,16.0,2150.0,461.0,1428.0,407.0,2,157300.0
-117.29,33.18,17.0,821.0,176.0,436.0,168.0,3,160600.0
-117.29,33.18,15.0,3780.0,792.0,1632.0,721.0,3,111400.0
-117.29,33.15,11.0,2560.0,445.0,952.0,448.0,4,87500.0
-117.29,33.13,4.0,617.0,105.0,224.0,105.0,4,183000.0
-117.29,33.12,4.0,1380.0,322.0,755.0,286.0,5,168800.0
-117.29,33.1,6.0,6091.0,1018.0,2064.0,957.0,5,259800.0
-117.29,33.08,18.0,3225.0,515.0,1463.0,476.0,6,346700.0
-117.29,33.06,20.0,2110.0,335.0,1008.0,325.0,6,338700.0
-117.29,33.05,28.0,1146.0,338.0,672.0,292.0,3,300000.0
-117.29,33.04,30.0,2750.0,555.0,1281.0,520.0,5,286900.0
-117.29,32.92,25.0,2355.0,381.0,823.0,358.0,7,500001.0
-117.29,32.81,35.0,1878.0,308.0,598.0,257.0,7,500001.0
-117.3,34.54,31.0,1174.0,360.0,1161.0,328.0,1,56500.0
-117.3,34.54,25.0,2546.0,488.0,1338.0,487.0,3,85400.0
-117.3,34.52,34.0,4493.0,838.0,2335.0,779.0,3,74300.0
-117.3,34.46,8.0,6246.0,1273.0,3883.0,1264.0,3,98200.0
-117.3,34.39,11.0,3572.0,592.0,1876.0,507.0,4,105100.0
-117.3,34.24,38.0,4116.0,949.0,1196.0,422.0,4,96500.0
-117.3,34.18,28.0,2685.0,425.0,1304.0,420.0,4,111100.0
-117.3,34.18,19.0,2526.0,381.0,1176.0,381.0,6,137100.0
-117.3,34.17,30.0,2483.0,573.0,1172.0,438.0,2,89700.0
-117.3,34.15,38.0,740.0,163.0,332.0,138.0,2,88000.0
-117.3,34.15,33.0,1607.0,282.0,608.0,260.0,4,115000.0
-117.3,34.14,39.0,1781.0,335.0,841.0,320.0,2,89000.0
-117.3,34.13,42.0,2115.0,557.0,1532.0,494.0,1,71500.0
-117.3,34.12,50.0,1629.0,437.0,1581.0,394.0,2,63500.0
-117.3,34.11,42.0,525.0,111.0,444.0,120.0,3,67000.0
-117.3,34.07,34.0,567.0,143.0,387.0,138.0,2,73300.0
-117.3,34.05,7.0,4672.0,1121.0,2534.0,1046.0,3,115700.0
-117.3,33.26,23.0,1678.0,275.0,1227.0,264.0,4,133800.0
-117.3,33.25,22.0,2329.0,419.0,1456.0,381.0,4,131000.0
-117.3,33.23,13.0,3619.0,791.0,1759.0,806.0,3,98500.0
-117.3,33.22,4.0,14960.0,2988.0,6666.0,2612.0,4,184100.0
-117.3,33.17,6.0,7880.0,1533.0,3760.0,1460.0,4,182600.0
-117.3,33.08,24.0,2628.0,527.0,1389.0,520.0,4,343200.0
-117.3,33.07,16.0,3147.0,765.0,2165.0,690.0,4,284800.0
-117.3,33.07,14.0,2670.0,426.0,1034.0,407.0,6,295100.0
-117.3,33.05,34.0,1797.0,458.0,775.0,391.0,3,331300.0
-117.3,32.96,30.0,1226.0,205.0,380.0,151.0,4,500001.0
-117.31,34.53,26.0,2299.0,496.0,1259.0,441.0,3,79900.0
-117.31,34.51,18.0,2704.0,698.0,1611.0,597.0,2,82300.0
-117.31,34.5,14.0,2443.0,447.0,883.0,465.0,2,116700.0
-117.31,34.44,10.0,1731.0,299.0,1056.0,312.0,4,104000.0
-117.31,34.43,16.0,5130.0,1172.0,3126.0,1046.0,2,71900.0
-117.31,34.39,15.0,1703.0,273.0,847.0,266.0,4,123400.0
-117.31,34.35,9.0,2404.0,390.0,1074.0,359.0,5,151900.0
-117.31,34.25,29.0,4610.0,1043.0,1569.0,592.0,3,97900.0
-117.31,34.17,25.0,2795.0,596.0,1650.0,569.0,3,87100.0
-117.31,34.15,7.0,5747.0,1307.0,2578.0,1147.0,3,122200.0
-117.31,34.15,34.0,2037.0,385.0,1195.0,391.0,4,96000.0
-117.31,34.14,44.0,1487.0,273.0,972.0,281.0,3,86100.0
-117.31,34.14,38.0,2011.0,448.0,1190.0,403.0,2,89400.0
-117.31,34.13,38.0,1287.0,284.0,1047.0,269.0,2,65500.0
-117.31,34.13,36.0,1076.0,283.0,773.0,224.0,3,66400.0
-117.31,34.13,35.0,1622.0,393.0,1296.0,362.0,2,68500.0
-117.31,34.12,37.0,1412.0,343.0,1127.0,351.0,1,70900.0
-117.31,34.11,52.0,851.0,190.0,731.0,190.0,2,64900.0
-117.31,34.11,41.0,1105.0,257.0,816.0,197.0,2,64100.0
-117.31,34.1,52.0,1457.0,415.0,1238.0,341.0,2,68100.0
-117.31,34.09,34.0,1336.0,345.0,1009.0,311.0,2,73700.0
-117.31,34.08,43.0,1697.0,387.0,1181.0,352.0,2,74600.0
-117.31,34.08,40.0,2011.0,495.0,1528.0,469.0,2,69900.0
-117.31,34.08,37.0,953.0,231.0,611.0,230.0,2,81500.0
-117.31,34.07,40.0,2936.0,732.0,2024.0,676.0,2,70900.0
-117.31,34.05,6.0,7423.0,2111.0,4092.0,1789.0,3,88300.0
-117.31,34.04,5.0,2785.0,577.0,1310.0,536.0,3,149500.0
-117.31,34.04,29.0,2481.0,383.0,1188.0,385.0,5,134600.0
-117.31,34.03,9.0,1199.0,187.0,629.0,207.0,6,151600.0
-117.31,34.03,24.0,1966.0,299.0,786.0,302.0,5,134500.0
-117.31,34.02,18.0,1634.0,274.0,899.0,285.0,5,129300.0
-117.31,33.97,28.0,3420.0,691.0,1502.0,656.0,3,140300.0
-117.31,33.75,19.0,3173.0,678.0,2204.0,606.0,2,129200.0
-117.31,33.67,9.0,981.0,169.0,596.0,156.0,3,157400.0
-117.31,33.25,14.0,3483.0,764.0,2140.0,687.0,3,102300.0
-117.31,33.25,13.0,3075.0,630.0,1843.0,674.0,3,97100.0
-117.31,33.19,11.0,20944.0,3753.0,8738.0,3441.0,4,215500.0
-117.31,33.18,16.0,1835.0,430.0,599.0,399.0,2,87700.0
-117.31,33.16,17.0,1704.0,263.0,781.0,281.0,6,224400.0
-117.31,33.11,7.0,7974.0,1703.0,2904.0,1550.0,4,188100.0
-117.31,33.1,15.0,2392.0,446.0,747.0,421.0,4,500001.0
-117.31,33.07,21.0,2035.0,534.0,948.0,467.0,3,369400.0
-117.31,33.0,30.0,1631.0,310.0,665.0,297.0,7,492500.0
-117.31,32.83,38.0,2367.0,480.0,891.0,428.0,4,500001.0
-117.31,32.82,42.0,2785.0,389.0,833.0,333.0,11,500001.0
-117.32,34.55,18.0,279.0,59.0,188.0,60.0,1,91700.0
-117.32,34.54,9.0,5904.0,1165.0,3489.0,1063.0,3,92800.0
-117.32,34.51,16.0,3072.0,612.0,1283.0,604.0,3,115600.0
-117.32,34.49,7.0,4584.0,1051.0,2049.0,918.0,2,93400.0
-117.32,34.48,8.0,4627.0,887.0,2739.0,846.0,3,93100.0
-117.32,34.41,13.0,2032.0,348.0,1038.0,344.0,4,120100.0
-117.32,34.24,29.0,1290.0,263.0,323.0,113.0,2,103300.0
-117.32,34.19,6.0,1068.0,182.0,999.0,188.0,5,109000.0
-117.32,34.17,6.0,5661.0,1287.0,2943.0,1162.0,4,106500.0
-117.32,34.16,9.0,711.0,139.0,316.0,152.0,4,131000.0
-117.32,34.14,32.0,1691.0,353.0,1457.0,329.0,2,66600.0
-117.32,34.13,41.0,1837.0,409.0,1430.0,344.0,2,70400.0
-117.32,34.12,39.0,2210.0,498.0,1752.0,477.0,1,66400.0
-117.32,34.12,37.0,2868.0,574.0,2055.0,563.0,2,70500.0
-117.32,34.11,41.0,1229.0,302.0,994.0,270.0,1,67300.0
-117.32,34.1,42.0,801.0,176.0,711.0,183.0,2,59700.0
-117.32,34.1,27.0,2053.0,461.0,1737.0,463.0,3,78800.0
-117.32,34.09,38.0,1585.0,345.0,1347.0,368.0,2,75300.0
-117.32,34.09,30.0,1129.0,251.0,1034.0,237.0,2,78600.0
-117.32,34.08,46.0,1308.0,276.0,576.0,244.0,3,84000.0
-117.32,34.08,41.0,1359.0,264.0,786.0,244.0,3,85500.0
-117.32,34.07,26.0,971.0,245.0,592.0,207.0,2,84000.0
-117.32,34.06,52.0,802.0,160.0,564.0,131.0,2,63500.0
-117.32,34.06,46.0,476.0,102.0,476.0,91.0,1,73100.0
-117.32,34.02,17.0,1779.0,292.0,1006.0,293.0,5,123100.0
-117.32,34.01,23.0,3021.0,527.0,1580.0,533.0,4,129900.0
-117.32,33.99,27.0,5464.0,850.0,2400.0,836.0,5,133500.0
-117.32,33.96,19.0,3216.0,666.0,1363.0,629.0,4,144500.0
-117.32,33.87,15.0,826.0,138.0,440.0,134.0,5,173900.0
-117.32,33.51,4.0,966.0,133.0,311.0,92.0,5,500001.0
-117.32,33.25,7.0,8206.0,1523.0,4399.0,1423.0,4,170900.0
-117.32,33.25,7.0,2499.0,420.0,1314.0,398.0,5,186900.0
-117.32,33.23,24.0,2580.0,604.0,982.0,569.0,2,169300.0
-117.32,33.22,16.0,1057.0,232.0,316.0,221.0,3,91700.0
-117.32,33.22,15.0,4784.0,1039.0,1810.0,986.0,2,108900.0
-117.32,33.15,15.0,13245.0,2212.0,5495.0,2060.0,5,262100.0
-117.32,33.12,25.0,2670.0,527.0,936.0,461.0,3,354000.0
-117.32,33.01,29.0,3584.0,712.0,1619.0,667.0,4,394400.0
-117.33,34.53,10.0,3781.0,712.0,2044.0,685.0,3,97100.0
-117.33,34.41,13.0,3684.0,604.0,1767.0,585.0,4,113500.0
-117.33,34.17,5.0,4718.0,1140.0,2564.0,1056.0,3,119900.0
-117.33,34.17,13.0,3616.0,665.0,2189.0,620.0,4,106300.0
-117.33,34.15,28.0,1473.0,333.0,1196.0,312.0,2,67800.0
-117.33,34.14,29.0,1646.0,391.0,1296.0,351.0,2,69700.0
-117.33,34.13,30.0,2335.0,363.0,1214.0,311.0,2,93200.0
-117.33,34.13,18.0,3009.0,740.0,2317.0,659.0,2,72400.0
-117.33,34.09,29.0,1960.0,415.0,1681.0,435.0,3,84500.0
-117.33,34.08,35.0,2240.0,423.0,1394.0,396.0,3,86700.0
-117.33,34.06,48.0,732.0,149.0,486.0,139.0,3,68200.0
-117.33,34.06,42.0,530.0,123.0,390.0,124.0,1,67000.0
-117.33,34.06,36.0,755.0,157.0,625.0,152.0,2,65000.0
-117.33,34.05,26.0,613.0,149.0,431.0,130.0,1,73100.0
-117.33,34.04,18.0,1837.0,388.0,727.0,336.0,3,116700.0
-117.33,34.03,18.0,2342.0,402.0,1264.0,382.0,5,123700.0
-117.33,34.03,14.0,1582.0,347.0,825.0,259.0,3,106300.0
-117.33,33.97,8.0,152.0,19.0,1275.0,20.0,2,162500.0
-117.33,33.9,2.0,12837.0,1842.0,4636.0,1453.0,5,187800.0
-117.33,33.67,27.0,4376.0,1003.0,2667.0,870.0,2,100600.0
-117.33,33.24,13.0,4543.0,881.0,2298.0,870.0,3,143400.0
-117.33,33.23,15.0,2919.0,592.0,1130.0,579.0,3,155600.0
-117.33,33.23,15.0,1905.0,416.0,1258.0,388.0,3,127900.0
-117.33,33.22,21.0,2868.0,602.0,855.0,559.0,3,91200.0
-117.33,33.21,17.0,1246.0,300.0,424.0,288.0,2,85800.0
-117.33,33.17,11.0,10923.0,2041.0,4773.0,1858.0,4,281300.0
-117.33,33.03,31.0,1171.0,321.0,603.0,267.0,3,314300.0
-117.34,34.39,8.0,3579.0,672.0,2216.0,630.0,3,100500.0
-117.34,34.16,31.0,1606.0,354.0,1049.0,335.0,2,72700.0
-117.34,34.14,37.0,1834.0,393.0,1198.0,348.0,2,81600.0
-117.34,34.13,29.0,331.0,85.0,341.0,107.0,1,70300.0
-117.34,34.13,29.0,1494.0,286.0,991.0,280.0,2,70600.0
-117.34,34.11,29.0,2912.0,566.0,2188.0,518.0,3,90600.0
-117.34,34.1,14.0,11827.0,2445.0,6640.0,2299.0,2,103800.0
-117.34,34.08,35.0,1380.0,248.0,730.0,264.0,3,93700.0
-117.34,34.07,46.0,1851.0,425.0,1100.0,377.0,2,90500.0
-117.34,34.02,28.0,2683.0,708.0,2047.0,636.0,2,85400.0
-117.34,34.0,27.0,321.0,64.0,214.0,67.0,3,101600.0
-117.34,33.98,10.0,17286.0,4952.0,9851.0,4616.0,2,103400.0
-117.34,33.96,15.0,6437.0,1298.0,2805.0,1205.0,4,184500.0
-117.34,33.94,20.0,4589.0,594.0,1660.0,595.0,7,236500.0
-117.34,33.94,13.0,7910.0,1195.0,3382.0,1176.0,6,214500.0
-117.34,33.89,17.0,2678.0,394.0,1225.0,367.0,5,211300.0
-117.34,33.71,10.0,2591.0,486.0,1255.0,425.0,3,154300.0
-117.34,33.46,14.0,1902.0,338.0,848.0,304.0,6,273300.0
-117.34,33.23,11.0,3737.0,757.0,2212.0,727.0,3,141000.0
-117.34,33.21,23.0,2062.0,376.0,1302.0,379.0,4,145700.0
-117.34,33.21,12.0,5963.0,1372.0,3015.0,1124.0,3,216100.0
-117.34,33.19,23.0,3546.0,553.0,1533.0,518.0,5,224500.0
-117.34,33.19,19.0,3575.0,525.0,1654.0,559.0,6,274100.0
-117.34,33.16,31.0,2851.0,458.0,1286.0,467.0,5,243700.0
-117.34,33.16,24.0,1006.0,277.0,610.0,246.0,2,187500.0
-117.34,33.15,19.0,5710.0,1423.0,4163.0,1406.0,3,178500.0
-117.34,33.15,17.0,4505.0,1140.0,2111.0,1062.0,3,283300.0
-117.34,33.06,17.0,2718.0,518.0,815.0,403.0,4,357100.0
-117.35,34.5,10.0,2163.0,392.0,1174.0,362.0,3,98000.0
-117.35,34.44,9.0,11810.0,2181.0,6716.0,2081.0,3,95600.0
-117.35,34.2,5.0,9269.0,1605.0,4916.0,1519.0,4,133200.0
-117.35,34.17,28.0,1905.0,372.0,1480.0,341.0,3,79200.0
-117.35,34.16,36.0,1717.0,348.0,1054.0,279.0,2,73400.0
-117.35,34.15,32.0,2699.0,552.0,2086.0,551.0,2,84500.0
-117.35,34.12,22.0,5640.0,889.0,3157.0,887.0,4,126500.0
-117.35,34.09,14.0,5983.0,1224.0,3255.0,1150.0,3,111500.0
-117.35,34.04,14.0,2991.0,522.0,1729.0,537.0,4,146800.0
-117.35,34.01,23.0,3707.0,769.0,1938.0,658.0,3,95300.0
-117.35,34.0,38.0,1214.0,254.0,723.0,236.0,3,87800.0
-117.35,33.99,45.0,131.0,28.0,89.0,31.0,3,112500.0
-117.35,33.98,31.0,4163.0,1242.0,3928.0,1076.0,2,85900.0
-117.35,33.97,27.0,3960.0,886.0,2807.0,838.0,3,122500.0
-117.35,33.96,25.0,2396.0,316.0,951.0,314.0,8,235200.0
-117.35,33.95,28.0,1650.0,210.0,557.0,211.0,8,204800.0
-117.35,33.69,11.0,1229.0,236.0,581.0,190.0,3,111300.0
-117.35,33.68,10.0,516.0,107.0,282.0,96.0,4,125000.0
-117.35,33.64,23.0,6859.0,1535.0,3405.0,1351.0,3,109200.0
-117.35,33.23,4.0,1837.0,287.0,934.0,277.0,4,189800.0
-117.35,33.21,24.0,1586.0,262.0,912.0,298.0,4,150300.0
-117.35,33.21,18.0,2971.0,606.0,2051.0,493.0,3,117100.0
-117.35,33.2,32.0,1251.0,220.0,700.0,232.0,4,142900.0
-117.35,33.2,23.0,3297.0,728.0,1793.0,622.0,3,169700.0
-117.35,33.19,28.0,2823.0,476.0,1189.0,433.0,5,198100.0
-117.35,33.17,36.0,1977.0,423.0,812.0,387.0,4,198000.0
-117.35,33.17,16.0,4595.0,1341.0,2849.0,1197.0,2,185600.0
-117.35,33.16,10.0,1684.0,515.0,902.0,449.0,4,206300.0
-117.36,34.54,7.0,3940.0,764.0,2140.0,711.0,3,91300.0
-117.36,34.48,3.0,16533.0,2549.0,7588.0,2285.0,4,122100.0
-117.36,34.28,18.0,3903.0,715.0,1388.0,428.0,4,157200.0
-117.36,34.11,35.0,2969.0,521.0,1555.0,503.0,3,107100.0
-117.36,34.1,33.0,1904.0,343.0,1366.0,338.0,4,92800.0
-117.36,34.1,31.0,2587.0,531.0,1227.0,489.0,2,88600.0
-117.36,34.08,4.0,8866.0,1832.0,4775.0,1554.0,4,125800.0
-117.36,34.0,19.0,4592.0,895.0,2769.0,838.0,3,105100.0
-117.36,33.99,42.0,1178.0,261.0,804.0,283.0,3,92900.0
-117.36,33.98,46.0,1680.0,453.0,1570.0,435.0,2,82300.0
-117.36,33.98,33.0,2070.0,469.0,1851.0,467.0,2,80700.0
-117.36,33.97,32.0,1625.0,335.0,1212.0,327.0,3,82200.0
-117.36,33.88,15.0,2857.0,421.0,1361.0,382.0,5,189800.0
-117.36,33.88,10.0,5600.0,848.0,2573.0,788.0,5,240500.0
-117.36,33.6,10.0,4097.0,813.0,2082.0,731.0,3,159300.0
-117.36,33.2,19.0,2129.0,562.0,1323.0,525.0,3,169900.0
-117.36,33.2,19.0,1926.0,557.0,1190.0,483.0,1,166100.0
-117.36,33.18,39.0,1546.0,291.0,833.0,308.0,3,185400.0
-117.36,33.18,26.0,5550.0,1153.0,2372.0,1058.0,3,181800.0
-117.36,33.17,24.0,2046.0,442.0,812.0,367.0,2,500001.0
-117.37,34.59,39.0,8193.0,1747.0,6852.0,1597.0,2,35000.0
-117.37,34.13,18.0,5877.0,1043.0,3114.0,1002.0,4,133200.0
-117.37,34.13,17.0,2681.0,470.0,1621.0,459.0,4,118500.0
-117.37,34.13,12.0,1893.0,493.0,1054.0,389.0,2,140800.0
-117.37,34.12,32.0,3190.0,568.0,1614.0,512.0,4,118200.0
-117.37,34.1,44.0,2087.0,447.0,1270.0,423.0,2,86100.0
-117.37,34.1,10.0,3404.0,855.0,1656.0,675.0,2,91300.0
-117.37,34.08,17.0,2029.0,404.0,1190.0,437.0,3,115000.0
-117.37,34.07,52.0,50.0,9.0,60.0,16.0,4,262500.0
-117.37,34.01,15.0,1386.0,247.0,703.0,185.0,4,124200.0
-117.37,34.0,41.0,1248.0,278.0,770.0,250.0,3,90600.0
-117.37,34.0,36.0,730.0,155.0,476.0,142.0,2,88900.0
-117.37,33.99,44.0,917.0,224.0,666.0,220.0,2,114200.0
-117.37,33.98,52.0,201.0,44.0,130.0,24.0,2,125000.0
-117.37,33.98,27.0,1342.0,547.0,844.0,484.0,1,95800.0
-117.37,33.97,40.0,1166.0,250.0,976.0,244.0,2,84800.0
-117.37,33.97,34.0,3676.0,697.0,2653.0,682.0,3,92400.0
-117.37,33.96,33.0,3974.0,548.0,1398.0,528.0,7,216600.0
-117.37,33.95,32.0,2215.0,351.0,771.0,311.0,4,142600.0
-117.37,33.94,20.0,1682.0,296.0,706.0,291.0,4,140100.0
-117.37,33.94,14.0,9286.0,1269.0,3565.0,1238.0,7,219600.0
-117.37,33.7,8.0,4345.0,865.0,2425.0,785.0,3,123800.0
-117.37,33.22,35.0,2204.0,482.0,1435.0,462.0,4,125600.0
-117.37,33.2,29.0,1315.0,311.0,1425.0,306.0,2,99600.0
-117.37,33.2,19.0,928.0,317.0,845.0,319.0,2,187500.0
-117.37,33.19,33.0,2205.0,453.0,1138.0,439.0,3,208600.0
-117.37,33.19,23.0,4104.0,1274.0,4729.0,1187.0,2,173800.0
-117.37,33.19,18.0,975.0,382.0,650.0,286.0,2,192500.0
-117.37,33.18,19.0,1931.0,509.0,855.0,394.0,3,266700.0
-117.38,34.44,4.0,5083.0,867.0,2541.0,856.0,4,121400.0
-117.38,34.22,16.0,774.0,122.0,489.0,136.0,6,221300.0
-117.38,34.2,16.0,193.0,45.0,312.0,76.0,4,137500.0
-117.38,34.14,11.0,10804.0,1493.0,5221.0,1482.0,5,161400.0
-117.38,34.13,23.0,1326.0,300.0,722.0,263.0,2,107800.0
-117.38,34.13,13.0,2903.0,510.0,1844.0,510.0,4,112900.0
-117.38,34.12,17.0,5959.0,1208.0,4115.0,1088.0,2,105200.0
-117.38,34.11,32.0,3179.0,662.0,1878.0,661.0,3,101200.0
-117.38,34.09,8.0,3955.0,815.0,2184.0,725.0,3,127600.0
-117.38,34.08,11.0,5684.0,1139.0,3095.0,1036.0,4,112600.0
-117.38,34.07,6.0,1156.0,191.0,910.0,234.0,5,122400.0
-117.38,34.06,17.0,3139.0,569.0,1612.0,516.0,3,112300.0
-117.38,34.0,45.0,2881.0,514.0,1470.0,515.0,3,123800.0
-117.38,33.99,52.0,1797.0,332.0,905.0,313.0,3,141700.0
-117.38,33.98,52.0,2274.0,571.0,1167.0,504.0,2,101600.0
-117.38,33.97,30.0,2953.0,703.0,1406.0,580.0,3,150000.0
-117.38,33.97,29.0,1157.0,297.0,2027.0,253.0,2,155000.0
-117.38,33.96,30.0,3153.0,623.0,1544.0,575.0,3,133800.0
-117.38,33.94,21.0,2468.0,380.0,1164.0,385.0,4,136800.0
-117.38,33.89,12.0,3964.0,524.0,1707.0,549.0,5,267900.0
-117.38,33.67,17.0,10145.0,2306.0,4776.0,1749.0,2,132600.0
-117.38,33.2,26.0,1427.0,386.0,974.0,317.0,1,184400.0
-117.38,33.2,17.0,1877.0,581.0,1288.0,426.0,2,106300.0
-117.38,33.19,35.0,928.0,264.0,538.0,248.0,2,197900.0
-117.38,33.19,26.0,4123.0,1145.0,1703.0,895.0,2,500000.0
-117.38,33.14,14.0,5039.0,1373.0,1298.0,696.0,3,313300.0
-117.39,34.38,4.0,7151.0,1295.0,3527.0,1170.0,4,129700.0
-117.39,34.13,9.0,2228.0,398.0,1316.0,370.0,4,119800.0
-117.39,34.12,7.0,5059.0,780.0,3253.0,801.0,5,140500.0
-117.39,34.11,16.0,1140.0,181.0,627.0,206.0,5,132700.0
-117.39,34.1,19.0,1000.0,211.0,572.0,230.0,2,112500.0
-117.39,34.07,26.0,1387.0,277.0,664.0,239.0,3,96800.0
-117.39,34.04,27.0,2919.0,549.0,1841.0,564.0,3,96400.0
-117.39,33.97,48.0,1915.0,348.0,1060.0,376.0,3,117900.0
-117.39,33.96,49.0,2527.0,461.0,1344.0,451.0,4,114400.0
-117.39,33.95,36.0,1380.0,269.0,598.0,262.0,3,122900.0
-117.39,33.95,35.0,1599.0,284.0,721.0,287.0,4,120700.0
-117.39,33.93,26.0,3014.0,494.0,1832.0,485.0,5,127900.0
-117.4,34.58,18.0,755.0,169.0,483.0,165.0,1,64700.0
-117.4,34.18,16.0,1769.0,254.0,1778.0,251.0,5,181800.0
-117.4,34.15,4.0,12156.0,1864.0,5020.0,1524.0,5,149200.0
-117.4,34.11,14.0,1933.0,347.0,1443.0,376.0,4,128100.0
-117.4,34.09,5.0,6190.0,993.0,3615.0,963.0,4,133200.0
-117.4,34.08,21.0,3622.0,667.0,2503.0,720.0,4,105400.0
-117.4,34.07,28.0,2879.0,659.0,1661.0,554.0,2,88100.0
-117.4,34.06,17.0,5451.0,1008.0,3533.0,940.0,4,101600.0
-117.4,34.04,17.0,1906.0,334.0,1550.0,338.0,3,81800.0
-117.4,34.0,31.0,1192.0,307.0,1013.0,283.0,2,76200.0
-117.4,34.0,24.0,2316.0,599.0,1829.0,532.0,2,86800.0
-117.4,33.97,41.0,1707.0,276.0,660.0,269.0,4,134800.0
-117.4,33.97,38.0,1383.0,238.0,649.0,232.0,5,148900.0
-117.4,33.96,51.0,1806.0,322.0,709.0,298.0,4,125500.0
-117.4,33.95,46.0,2189.0,423.0,866.0,389.0,3,111500.0
-117.4,33.95,43.0,633.0,166.0,292.0,135.0,1,121400.0
-117.4,33.95,32.0,1979.0,491.0,954.0,444.0,2,117300.0
-117.4,33.94,42.0,943.0,171.0,466.0,203.0,3,116000.0
-117.4,33.94,37.0,987.0,187.0,551.0,191.0,4,112000.0
-117.4,33.93,35.0,1468.0,298.0,1168.0,261.0,2,81300.0
-117.4,33.85,9.0,7538.0,1125.0,3450.0,1077.0,5,223600.0
-117.4,33.76,8.0,1954.0,330.0,973.0,321.0,4,249100.0
-117.41,34.58,14.0,859.0,212.0,541.0,181.0,2,57900.0
-117.41,34.58,10.0,2964.0,668.0,1853.0,609.0,2,73400.0
-117.41,34.24,20.0,1160.0,181.0,543.0,188.0,5,164300.0
-117.41,34.11,29.0,3999.0,772.0,2602.0,760.0,4,105500.0
-117.41,34.11,12.0,6758.0,1550.0,3204.0,1279.0,3,105500.0
-117.41,34.1,29.0,1362.0,251.0,776.0,253.0,3,102000.0
-117.41,34.09,21.0,3300.0,587.0,1896.0,572.0,4,130600.0
-117.41,34.08,38.0,1541.0,290.0,861.0,299.0,4,95600.0
-117.41,34.01,34.0,1231.0,216.0,841.0,199.0,3,92000.0
-117.41,34.0,38.0,2228.0,571.0,1697.0,530.0,2,83400.0
-117.41,34.0,26.0,2372.0,621.0,1647.0,612.0,1,88600.0
-117.41,33.97,34.0,2316.0,365.0,956.0,389.0,4,157800.0
-117.41,33.97,24.0,950.0,183.0,383.0,182.0,3,125000.0
-117.41,33.96,32.0,2837.0,617.0,1393.0,595.0,2,118800.0
-117.41,33.96,27.0,2341.0,418.0,1272.0,415.0,3,112700.0
-117.41,33.95,37.0,1586.0,283.0,675.0,305.0,3,132100.0
-117.41,33.95,37.0,1462.0,257.0,849.0,287.0,3,123900.0
-117.41,33.94,33.0,2074.0,476.0,911.0,420.0,3,117600.0
-117.41,33.94,22.0,4179.0,1081.0,2096.0,1013.0,2,118500.0
-117.41,33.93,35.0,793.0,150.0,669.0,128.0,4,89300.0
-117.42,34.59,8.0,5445.0,1360.0,3220.0,1214.0,2,69500.0
-117.42,34.13,4.0,11587.0,1796.0,5804.0,1705.0,5,141900.0
-117.42,34.11,25.0,4261.0,893.0,2319.0,702.0,3,111900.0
-117.42,34.09,28.0,3193.0,525.0,1750.0,523.0,4,128300.0
-117.42,34.08,28.0,2300.0,419.0,1312.0,444.0,3,127700.0
-117.42,34.06,27.0,2532.0,495.0,1305.0,436.0,3,143100.0
-117.42,34.02,9.0,5455.0,882.0,3015.0,858.0,4,162800.0
-117.42,34.0,32.0,1617.0,346.0,1153.0,385.0,3,96600.0
-117.42,33.98,16.0,10072.0,2043.0,5913.0,1909.0,3,119500.0
-117.42,33.95,32.0,4251.0,848.0,2494.0,798.0,3,110800.0
-117.42,33.94,35.0,1764.0,325.0,1094.0,353.0,4,113900.0
-117.42,33.94,26.0,2420.0,532.0,1383.0,469.0,4,113500.0
-117.42,33.93,32.0,2885.0,595.0,1509.0,590.0,3,125600.0
-117.42,33.89,4.0,80.0,10.0,55.0,13.0,8,193800.0
-117.42,33.35,14.0,25135.0,4819.0,35682.0,4769.0,3,134400.0
-117.43,34.12,7.0,5954.0,1071.0,3567.0,1070.0,3,134100.0
-117.43,34.1,43.0,1898.0,418.0,971.0,366.0,2,89900.0
-117.43,34.1,34.0,1345.0,265.0,834.0,290.0,4,99500.0
-117.43,34.09,18.0,3172.0,632.0,1621.0,573.0,3,120200.0
-117.43,34.08,31.0,3207.0,560.0,1582.0,538.0,4,127400.0
-117.43,34.07,18.0,2453.0,537.0,1503.0,500.0,2,95300.0
-117.43,34.02,33.0,3084.0,570.0,1753.0,449.0,3,97800.0
-117.43,34.01,34.0,2101.0,426.0,1150.0,377.0,3,98300.0
-117.43,33.99,18.0,3307.0,547.0,1738.0,457.0,5,116900.0
-117.43,33.98,21.0,2634.0,421.0,1376.0,406.0,4,152200.0
-117.43,33.96,28.0,3747.0,651.0,2399.0,646.0,4,116500.0
-117.43,33.95,36.0,2284.0,444.0,1425.0,405.0,4,104500.0
-117.43,33.93,31.0,1273.0,262.0,686.0,254.0,2,109400.0
-117.43,33.93,15.0,4836.0,1368.0,3012.0,1240.0,2,129300.0
-117.43,33.91,15.0,14281.0,2511.0,7540.0,2245.0,4,138000.0
-117.43,33.81,13.0,4770.0,718.0,1985.0,662.0,4,295200.0
-117.44,34.45,6.0,6068.0,1137.0,3094.0,947.0,4,130900.0
-117.44,34.1,43.0,1614.0,400.0,926.0,349.0,2,95100.0
-117.44,34.09,24.0,3477.0,831.0,2541.0,753.0,2,97400.0
-117.44,34.09,12.0,3598.0,828.0,2588.0,781.0,2,113800.0
-117.44,34.08,15.0,5024.0,992.0,3208.0,981.0,4,116400.0
-117.44,33.99,12.0,9966.0,1517.0,5008.0,1492.0,5,171300.0
-117.44,33.96,29.0,124.0,22.0,50.0,18.0,13,112500.0
-117.44,33.94,32.0,2349.0,452.0,1479.0,425.0,4,114100.0
-117.44,33.94,30.0,2992.0,516.0,1521.0,507.0,4,126900.0
-117.44,33.93,34.0,1577.0,272.0,880.0,284.0,5,116000.0
-117.44,33.92,33.0,2433.0,525.0,1466.0,517.0,3,110800.0
-117.44,33.9,23.0,4487.0,754.0,2609.0,778.0,4,148700.0
-117.44,33.88,5.0,2589.0,351.0,1109.0,360.0,7,334100.0
-117.45,34.11,7.0,6356.0,1244.0,4052.0,1164.0,3,121700.0
-117.45,34.1,9.0,4288.0,1017.0,3156.0,900.0,3,105800.0
-117.45,34.1,6.0,5571.0,1316.0,4048.0,1154.0,2,91100.0
-117.45,34.07,21.0,3465.0,639.0,2292.0,628.0,3,113500.0
-117.45,34.01,26.0,3042.0,598.0,1720.0,551.0,3,95200.0
-117.45,33.94,12.0,3539.0,869.0,1987.0,859.0,2,103700.0
-117.45,33.93,20.0,5998.0,1320.0,3185.0,1199.0,3,113900.0
-117.45,33.92,35.0,2552.0,588.0,1840.0,551.0,2,113300.0
-117.45,33.91,29.0,2320.0,422.0,1358.0,415.0,4,121400.0
-117.46,34.85,7.0,9759.0,1816.0,2933.0,1168.0,3,157700.0
-117.46,34.14,10.0,714.0,131.0,381.0,119.0,1,116100.0
-117.46,34.1,7.0,1759.0,473.0,1064.0,328.0,2,108800.0
-117.46,34.1,35.0,908.0,226.0,667.0,203.0,3,93500.0
-117.46,34.09,8.0,4711.0,963.0,3310.0,988.0,4,101600.0
-117.46,34.07,19.0,3155.0,572.0,2482.0,642.0,3,113400.0
-117.46,34.06,24.0,2831.0,478.0,1582.0,435.0,4,195600.0
-117.46,34.04,3.0,12870.0,2315.0,5820.0,1759.0,4,147300.0
-117.46,33.95,34.0,1565.0,296.0,1142.0,328.0,4,99600.0
-117.46,33.94,35.0,1566.0,294.0,1056.0,279.0,4,105400.0
-117.46,33.94,26.0,2481.0,620.0,2411.0,552.0,2,85800.0
-117.46,33.93,19.0,4780.0,861.0,3043.0,766.0,4,132800.0
-117.46,33.93,16.0,4112.0,880.0,2821.0,857.0,3,114700.0
-117.46,33.92,21.0,713.0,142.0,476.0,142.0,4,121100.0
-117.47,34.12,6.0,10565.0,1767.0,5690.0,1555.0,4,141000.0
-117.47,34.07,24.0,1017.0,227.0,568.0,187.0,2,112500.0
-117.47,34.06,33.0,1379.0,273.0,884.0,229.0,3,125000.0
-117.47,33.98,8.0,12106.0,1913.0,5810.0,1717.0,5,158100.0
-117.47,33.95,15.0,6248.0,1249.0,3795.0,1128.0,4,124600.0
-117.47,33.94,34.0,2086.0,417.0,1501.0,395.0,3,105600.0
-117.47,33.93,33.0,919.0,208.0,724.0,235.0,3,110500.0
-117.47,33.92,18.0,3869.0,773.0,2500.0,726.0,4,126100.0
-117.47,33.91,21.0,3491.0,760.0,1920.0,669.0,2,127300.0
-117.48,34.09,32.0,3170.0,630.0,2612.0,580.0,4,99200.0
-117.48,34.09,32.0,1650.0,328.0,1124.0,290.0,3,98600.0
-117.48,34.08,28.0,1922.0,382.0,1565.0,340.0,4,117400.0
-117.48,34.01,23.0,2000.0,376.0,1361.0,388.0,4,121100.0
-117.48,34.0,12.0,6751.0,1153.0,3266.0,1134.0,4,145500.0
-117.48,33.94,29.0,1625.0,336.0,1046.0,320.0,3,117300.0
-117.48,33.94,19.0,1891.0,465.0,1693.0,416.0,3,112900.0
-117.48,33.93,31.0,2191.0,459.0,1564.0,450.0,3,122000.0
-117.48,33.91,22.0,3611.0,666.0,1869.0,649.0,4,141100.0
-117.48,33.89,14.0,10395.0,1799.0,6295.0,1855.0,5,149900.0
-117.49,34.04,4.0,6034.0,1170.0,3527.0,1098.0,4,143700.0
-117.49,34.02,35.0,2051.0,427.0,1466.0,425.0,4,108200.0
-117.49,34.02,21.0,3736.0,738.0,2021.0,640.0,4,142400.0
-117.49,33.99,21.0,2050.0,392.0,1153.0,336.0,5,116400.0
-117.49,33.98,17.0,2727.0,462.0,1691.0,448.0,5,160600.0
-117.49,33.94,28.0,2787.0,490.0,1684.0,467.0,4,127100.0
-117.49,33.93,26.0,2970.0,576.0,2156.0,558.0,4,124600.0
-117.49,33.9,7.0,10235.0,2238.0,5271.0,2094.0,4,159100.0
-117.5,34.66,20.0,1319.0,309.0,486.0,196.0,2,84900.0
-117.5,34.12,2.0,11965.0,1802.0,4436.0,1296.0,5,191700.0
-117.5,34.04,5.0,3958.0,665.0,2456.0,666.0,5,154700.0
-117.5,34.04,4.0,3428.0,649.0,2158.0,632.0,5,143400.0
-117.5,34.0,15.0,1929.0,317.0,1237.0,316.0,4,128500.0
-117.5,33.98,21.0,2394.0,416.0,1291.0,381.0,4,138700.0
-117.5,33.96,12.0,7923.0,1470.0,4861.0,1385.0,4,139200.0
-117.5,33.95,29.0,932.0,153.0,711.0,172.0,5,143400.0
-117.5,33.93,19.0,4741.0,835.0,2903.0,796.0,4,135600.0
-117.5,33.92,31.0,2529.0,513.0,1504.0,426.0,3,115600.0
-117.51,34.41,5.0,2884.0,567.0,1396.0,465.0,4,119600.0
-117.51,34.14,21.0,2455.0,381.0,1094.0,327.0,5,191700.0
-117.51,34.0,36.0,3791.0,746.0,2258.0,672.0,3,124700.0
-117.51,33.97,35.0,352.0,62.0,184.0,57.0,4,137500.0
-117.51,33.95,12.0,9016.0,1486.0,4285.0,1457.0,5,169100.0
-117.51,33.89,16.0,5418.0,1005.0,2690.0,1088.0,4,158000.0
-117.51,33.88,24.0,3044.0,602.0,2541.0,564.0,4,123800.0
-117.52,33.99,14.0,13562.0,2057.0,7600.0,2086.0,5,182900.0
-117.52,33.89,2.0,17978.0,3217.0,7305.0,2463.0,5,220800.0
-117.52,33.84,20.0,688.0,146.0,575.0,144.0,4,111000.0
-117.52,33.83,22.0,2397.0,400.0,1347.0,403.0,4,189800.0
-117.52,33.82,14.0,3776.0,580.0,1877.0,559.0,5,215000.0
-117.53,34.28,35.0,1529.0,338.0,688.0,256.0,4,108000.0
-117.53,34.1,5.0,2185.0,488.0,1379.0,458.0,4,103000.0
-117.53,34.06,18.0,5605.0,1303.0,4028.0,1145.0,3,116400.0
-117.53,34.02,19.0,256.0,34.0,101.0,28.0,5,375000.0
-117.53,33.97,34.0,1293.0,215.0,774.0,217.0,4,141000.0
-117.53,33.88,22.0,2855.0,667.0,2453.0,624.0,3,91000.0
-117.53,33.83,7.0,2191.0,324.0,1156.0,310.0,6,195600.0
-117.53,33.69,6.0,454.0,102.0,213.0,43.0,11,483300.0
-117.54,34.55,5.0,2949.0,671.0,1620.0,530.0,3,83300.0
-117.54,34.47,4.0,6712.0,1200.0,3126.0,1026.0,3,126500.0
-117.54,34.12,4.0,17577.0,2819.0,7766.0,2473.0,5,181800.0
-117.54,34.11,16.0,2114.0,374.0,1463.0,399.0,4,131500.0
-117.54,33.82,6.0,202.0,29.0,75.0,28.0,4,216700.0
-117.55,34.25,39.0,1578.0,317.0,872.0,322.0,5,153100.0
-117.55,34.14,3.0,5710.0,919.0,2874.0,886.0,5,206300.0
-117.55,34.0,17.0,3583.0,700.0,1587.0,719.0,3,75000.0
-117.55,33.95,17.0,3196.0,444.0,1581.0,462.0,6,229400.0
-117.55,33.94,30.0,5398.0,926.0,2672.0,864.0,4,163900.0
-117.55,33.93,25.0,5187.0,934.0,2725.0,860.0,4,154300.0
-117.55,33.92,24.0,2807.0,501.0,1653.0,509.0,5,163300.0
-117.55,33.9,21.0,1839.0,324.0,871.0,307.0,3,198800.0
-117.55,33.89,25.0,2999.0,439.0,1396.0,458.0,6,164800.0
-117.55,33.88,19.0,2472.0,618.0,2143.0,610.0,2,108800.0
-117.55,33.87,18.0,8136.0,1584.0,4976.0,1516.0,4,137100.0
-117.55,33.85,4.0,8207.0,1373.0,3887.0,1304.0,5,195300.0
-117.55,33.83,6.0,502.0,76.0,228.0,65.0,4,500001.0
-117.55,33.52,15.0,426.0,62.0,133.0,45.0,5,447400.0
-117.56,34.12,4.0,6956.0,1271.0,3455.0,1228.0,5,178700.0
-117.56,34.12,4.0,5351.0,1210.0,2988.0,1101.0,4,181300.0
-117.56,33.94,6.0,575.0,73.0,318.0,88.0,7,257100.0
-117.56,33.94,29.0,266.0,42.0,136.0,40.0,2,164300.0
-117.56,33.89,16.0,693.0,185.0,365.0,176.0,2,191700.0
-117.56,33.88,40.0,1196.0,294.0,1052.0,258.0,2,113000.0
-117.56,33.86,25.0,6964.0,1066.0,3240.0,1036.0,5,177100.0
-117.56,33.83,28.0,895.0,127.0,346.0,115.0,5,339300.0
-117.57,34.07,4.0,2152.0,580.0,1083.0,441.0,3,118800.0
-117.57,34.02,5.0,6933.0,1311.0,3845.0,1285.0,5,158900.0
-117.57,33.91,22.0,2620.0,396.0,1324.0,362.0,5,214600.0
-117.57,33.9,7.0,3797.0,850.0,2369.0,720.0,4,137600.0
-117.57,33.88,39.0,679.0,164.0,769.0,179.0,2,110600.0
-117.57,33.88,35.0,1755.0,446.0,1453.0,428.0,2,119400.0
-117.57,33.87,37.0,621.0,156.0,443.0,135.0,2,122800.0
-117.57,33.87,33.0,2076.0,517.0,1374.0,480.0,2,138200.0
-117.57,33.87,27.0,1786.0,287.0,939.0,278.0,5,165000.0
-117.58,34.14,7.0,11818.0,1745.0,5499.0,1600.0,5,231700.0
-117.58,34.1,4.0,6360.0,1584.0,3359.0,1396.0,4,127800.0
-117.58,34.02,4.0,5998.0,1092.0,3182.0,1042.0,5,174800.0
-117.58,34.0,2.0,7544.0,1516.0,2801.0,1001.0,4,245200.0
-117.58,33.92,16.0,4157.0,586.0,2036.0,594.0,6,246400.0
-117.58,33.89,14.0,1731.0,404.0,1269.0,351.0,2,107900.0
-117.58,33.87,42.0,765.0,171.0,590.0,177.0,2,113500.0
-117.58,33.87,17.0,2772.0,449.0,1685.0,461.0,5,163900.0
-117.58,33.85,6.0,16431.0,2640.0,8222.0,2553.0,5,195100.0
-117.58,33.66,4.0,3305.0,644.0,1693.0,597.0,5,215000.0
-117.58,33.65,4.0,2000.0,422.0,833.0,386.0,6,190300.0
-117.58,33.65,4.0,1606.0,498.0,815.0,426.0,3,500001.0
-117.58,33.6,5.0,5348.0,659.0,1862.0,555.0,11,495400.0
-117.59,34.16,10.0,9467.0,1181.0,3819.0,1122.0,8,361400.0
-117.59,34.13,10.0,20263.0,3915.0,9716.0,3744.0,4,169600.0
-117.59,34.1,17.0,3646.0,1035.0,1987.0,895.0,2,139300.0
-117.59,34.09,16.0,2401.0,465.0,1757.0,500.0,4,120400.0
-117.59,34.03,16.0,3443.0,562.0,2130.0,564.0,5,161400.0
-117.59,34.02,14.0,1463.0,261.0,881.0,245.0,5,152500.0
-117.59,33.93,17.0,338.0,47.0,200.0,46.0,8,244200.0
-117.59,33.91,7.0,10223.0,1491.0,5205.0,1509.0,5,203400.0
-117.59,33.88,7.0,3586.0,959.0,2695.0,877.0,2,117000.0
-117.59,33.67,29.0,1223.0,215.0,633.0,204.0,7,279800.0
-117.59,33.66,4.0,1318.0,218.0,673.0,225.0,6,260800.0
-117.59,33.65,2.0,4860.0,1193.0,2332.0,1073.0,5,151900.0
-117.59,33.61,3.0,2993.0,429.0,991.0,390.0,10,378200.0
-117.59,33.43,14.0,3223.0,484.0,1230.0,488.0,7,358800.0
-117.59,33.41,17.0,2248.0,448.0,878.0,423.0,5,246000.0
-117.59,33.4,22.0,3167.0,743.0,1797.0,642.0,4,252100.0
-117.6,34.08,15.0,2700.0,460.0,1432.0,449.0,5,159800.0
-117.6,34.02,16.0,2103.0,348.0,1305.0,356.0,5,160400.0
-117.6,33.98,26.0,1225.0,199.0,717.0,204.0,3,225000.0
-117.6,33.94,26.0,2925.0,575.0,1921.0,501.0,3,153100.0
-117.6,33.87,18.0,6450.0,1165.0,3716.0,1113.0,4,150300.0
-117.6,33.86,23.0,2949.0,473.0,1671.0,477.0,5,161000.0
-117.6,33.85,9.0,6538.0,955.0,2928.0,892.0,5,221400.0
-117.6,33.72,36.0,1317.0,228.0,531.0,214.0,6,272500.0
-117.6,33.65,4.0,3134.0,504.0,1599.0,485.0,6,233900.0
-117.6,33.45,4.0,2369.0,566.0,996.0,435.0,5,243800.0
-117.6,33.43,21.0,3951.0,562.0,1392.0,543.0,5,414000.0
-117.6,33.42,23.0,2482.0,461.0,1048.0,425.0,5,280600.0
-117.6,33.41,29.0,2193.0,389.0,922.0,387.0,5,309200.0
-117.61,34.14,14.0,15809.0,2485.0,7363.0,2410.0,6,245600.0
-117.61,34.13,21.0,8416.0,1386.0,4308.0,1341.0,4,164600.0
-117.61,34.1,9.0,18956.0,4095.0,10323.0,3832.0,4,132600.0
-117.61,34.09,23.0,1945.0,362.0,1483.0,383.0,4,135500.0
-117.61,34.09,11.0,2000.0,391.0,1503.0,426.0,5,144000.0
-117.61,34.08,12.0,4427.0,822.0,2400.0,843.0,5,158700.0
-117.61,34.04,8.0,4116.0,766.0,1785.0,745.0,3,150200.0
-117.61,34.02,8.0,63.0,9.0,25.0,7.0,8,275000.0
-117.61,34.02,15.0,1791.0,346.0,1219.0,328.0,4,170300.0
-117.61,34.01,25.0,352.0,41.0,99.0,34.0,4,500000.0
-117.61,33.67,3.0,4541.0,720.0,1600.0,583.0,7,284900.0
-117.61,33.63,2.0,4678.0,817.0,1970.0,712.0,6,219000.0
-117.61,33.45,6.0,950.0,184.0,426.0,186.0,5,220700.0
-117.61,33.44,17.0,2036.0,272.0,713.0,265.0,7,346200.0
-117.61,33.43,33.0,1150.0,383.0,604.0,317.0,2,187500.0
-117.61,33.43,24.0,2303.0,399.0,851.0,379.0,4,346500.0
-117.61,33.42,31.0,3959.0,856.0,1919.0,775.0,4,282000.0
-117.61,33.41,35.0,2556.0,404.0,946.0,399.0,6,402900.0
-117.62,34.44,6.0,8884.0,1687.0,3767.0,1334.0,4,140200.0
-117.62,34.15,16.0,13556.0,1704.0,5669.0,1668.0,7,311500.0
-117.62,34.13,20.0,3216.0,516.0,1655.0,524.0,5,158800.0
-117.62,34.11,31.0,2561.0,414.0,1204.0,435.0,4,192800.0
-117.62,34.09,26.0,3271.0,595.0,2259.0,566.0,4,132000.0
-117.62,34.08,24.0,2801.0,554.0,2064.0,529.0,4,136000.0
-117.62,34.07,16.0,6009.0,1599.0,5110.0,1389.0,3,128900.0
-117.62,34.07,15.0,4061.0,811.0,2884.0,734.0,3,127000.0
-117.62,34.05,33.0,883.0,211.0,1007.0,210.0,3,103600.0
-117.62,34.03,15.0,3942.0,661.0,2240.0,621.0,5,176000.0
-117.62,34.02,9.0,4265.0,587.0,2280.0,589.0,6,195100.0
-117.62,34.02,16.0,2040.0,325.0,1207.0,324.0,5,164100.0
-117.62,33.77,43.0,1911.0,439.0,930.0,433.0,5,186400.0
-117.62,33.64,2.0,7826.0,893.0,2985.0,790.0,10,484100.0
-117.62,33.47,4.0,1812.0,255.0,661.0,211.0,6,294200.0
-117.62,33.43,27.0,1835.0,413.0,1221.0,377.0,3,247100.0
-117.62,33.43,24.0,1296.0,384.0,850.0,367.0,3,231300.0
-117.62,33.43,23.0,4052.0,955.0,1950.0,859.0,4,240600.0
-117.62,33.42,27.0,1444.0,412.0,597.0,311.0,3,310000.0
-117.62,33.42,23.0,2656.0,515.0,998.0,435.0,4,500001.0
-117.63,34.37,20.0,7052.0,1306.0,2197.0,810.0,4,167100.0
-117.63,34.12,4.0,4323.0,775.0,1479.0,663.0,6,226800.0
-117.63,34.1,15.0,4799.0,1209.0,2554.0,1057.0,3,122800.0
-117.63,34.09,19.0,3490.0,816.0,2818.0,688.0,3,126200.0
-117.63,34.08,38.0,1810.0,371.0,1257.0,354.0,4,111700.0
-117.63,34.07,39.0,2650.0,511.0,1537.0,495.0,3,106700.0
-117.63,34.06,39.0,1210.0,310.0,1294.0,303.0,2,88300.0
-117.63,34.02,13.0,4864.0,729.0,2780.0,723.0,6,175400.0
-117.63,33.94,36.0,447.0,95.0,2886.0,85.0,4,183300.0
-117.63,33.65,10.0,3580.0,491.0,1688.0,467.0,8,288700.0
-117.63,33.63,6.0,3068.0,549.0,985.0,536.0,4,238000.0
-117.63,33.62,9.0,4257.0,785.0,1293.0,745.0,4,196700.0
-117.63,33.5,12.0,3619.0,536.0,1506.0,492.0,7,353600.0
-117.63,33.47,4.0,2320.0,405.0,1408.0,477.0,6,256000.0
-117.63,33.47,4.0,1969.0,280.0,805.0,271.0,8,310800.0
-117.63,33.46,7.0,7684.0,1088.0,2812.0,1057.0,6,387300.0
-117.63,33.45,5.0,3549.0,604.0,1571.0,534.0,5,363500.0
-117.63,33.38,12.0,5744.0,1054.0,2104.0,847.0,5,500001.0
-117.64,35.61,10.0,2656.0,506.0,1349.0,501.0,4,83200.0
-117.64,34.15,16.0,2896.0,404.0,1165.0,379.0,6,392900.0
-117.64,34.12,18.0,3605.0,534.0,1682.0,480.0,6,202900.0
-117.64,34.11,16.0,2129.0,420.0,932.0,379.0,3,146900.0
-117.64,34.08,37.0,2576.0,468.0,1284.0,428.0,3,130400.0
-117.64,34.08,35.0,1254.0,241.0,729.0,253.0,3,118000.0
-117.64,34.08,33.0,1987.0,455.0,1369.0,475.0,2,122600.0
-117.64,34.07,52.0,1644.0,372.0,1269.0,355.0,3,108300.0
-117.64,34.07,43.0,1970.0,379.0,1036.0,391.0,3,122800.0
-117.64,34.07,38.0,2450.0,544.0,1823.0,536.0,3,111200.0
-117.64,34.07,30.0,2787.0,713.0,2647.0,693.0,2,98100.0
-117.64,34.06,50.0,637.0,143.0,590.0,147.0,2,85700.0
-117.64,34.06,43.0,763.0,219.0,851.0,198.0,2,79200.0
-117.64,34.05,32.0,1129.0,251.0,1378.0,268.0,3,96900.0
-117.64,34.05,27.0,1407.0,362.0,1684.0,350.0,2,95700.0
-117.64,34.04,21.0,1801.0,507.0,2556.0,484.0,2,102500.0
-117.64,34.03,11.0,2050.0,382.0,1044.0,371.0,5,137000.0
-117.64,34.03,10.0,3194.0,579.0,2088.0,549.0,4,159100.0
-117.64,34.02,6.0,248.0,47.0,119.0,42.0,2,416700.0
-117.64,34.02,10.0,4887.0,930.0,2637.0,831.0,4,158000.0
-117.64,33.99,29.0,1005.0,152.0,513.0,149.0,2,181300.0
-117.64,33.88,13.0,8010.0,1366.0,3920.0,1309.0,6,204800.0
-117.64,33.68,4.0,5687.0,970.0,2677.0,938.0,7,243400.0
-117.64,33.64,11.0,2422.0,429.0,810.0,395.0,6,293200.0
-117.64,33.63,10.0,4814.0,643.0,1808.0,588.0,9,436600.0
-117.64,33.62,16.0,3970.0,771.0,1202.0,734.0,3,184800.0
-117.64,33.61,14.0,5232.0,810.0,3041.0,839.0,6,247900.0
-117.64,33.59,4.0,3274.0,383.0,1312.0,390.0,8,348000.0
-117.64,33.51,15.0,1743.0,254.0,943.0,274.0,6,286000.0
-117.64,33.51,14.0,1343.0,175.0,650.0,184.0,7,363200.0
-117.64,33.49,3.0,2516.0,429.0,781.0,337.0,6,271600.0
-117.64,33.48,12.0,2007.0,397.0,1033.0,373.0,6,275900.0
-117.64,33.45,27.0,334.0,56.0,130.0,46.0,5,284100.0
-117.65,34.14,9.0,3877.0,490.0,1815.0,490.0,8,406700.0
-117.65,34.14,16.0,2196.0,287.0,949.0,289.0,9,354000.0
-117.65,34.13,24.0,2121.0,296.0,913.0,302.0,6,255900.0
-117.65,34.12,27.0,2298.0,340.0,1071.0,369.0,7,239000.0
-117.65,34.12,17.0,3006.0,427.0,1291.0,406.0,6,242700.0
-117.65,34.11,29.0,2927.0,634.0,1710.0,623.0,4,176600.0
-117.65,34.11,28.0,2788.0,370.0,1140.0,385.0,5,233500.0
-117.65,34.1,44.0,1526.0,337.0,831.0,326.0,3,115800.0
-117.65,34.1,30.0,1461.0,341.0,1014.0,345.0,2,106000.0
-117.65,34.1,19.0,1688.0,365.0,622.0,322.0,4,136400.0
-117.65,34.09,46.0,1214.0,281.0,701.0,294.0,3,116300.0
-117.65,34.09,33.0,2446.0,396.0,1209.0,412.0,4,145600.0
-117.65,34.08,52.0,2264.0,439.0,1031.0,437.0,3,144300.0
-117.65,34.08,40.0,1609.0,258.0,624.0,242.0,5,158200.0
-117.65,34.08,38.0,2750.0,572.0,1410.0,483.0,3,144900.0
-117.65,34.08,35.0,2621.0,391.0,1074.0,391.0,5,166400.0
-117.65,34.07,52.0,1041.0,252.0,558.0,231.0,2,117200.0
-117.65,34.07,35.0,2501.0,651.0,1182.0,591.0,1,113200.0
-117.65,34.06,41.0,465.0,130.0,349.0,138.0,2,112500.0
-117.65,34.06,41.0,1171.0,334.0,1479.0,334.0,2,90500.0
-117.65,34.04,28.0,2360.0,607.0,2623.0,592.0,3,100000.0
-117.65,34.04,15.0,3393.0,653.0,2039.0,611.0,4,151000.0
-117.65,34.03,15.0,4420.0,903.0,2373.0,858.0,3,149100.0
-117.65,34.02,9.0,2107.0,411.0,1138.0,389.0,4,159100.0
-117.65,33.65,16.0,1538.0,260.0,835.0,259.0,6,234800.0
-117.65,33.65,15.0,4713.0,671.0,2197.0,673.0,8,294800.0
-117.65,33.65,15.0,3485.0,519.0,1740.0,485.0,7,251900.0
-117.65,33.63,16.0,3388.0,425.0,1395.0,427.0,8,351300.0
-117.65,33.62,15.0,2708.0,410.0,1140.0,389.0,6,275000.0
-117.65,33.6,15.0,5736.0,800.0,2529.0,762.0,6,278700.0
-117.65,33.6,13.0,2319.0,430.0,1004.0,380.0,5,316100.0
-117.65,33.59,8.0,2649.0,340.0,1238.0,354.0,8,337900.0
-117.65,33.58,2.0,2411.0,354.0,703.0,217.0,8,331400.0
-117.65,33.53,7.0,6814.0,785.0,2175.0,681.0,10,500001.0
-117.65,33.49,16.0,2223.0,454.0,628.0,382.0,4,248800.0
-117.65,33.48,6.0,1638.0,188.0,572.0,174.0,13,500001.0
-117.65,33.48,10.0,3484.0,582.0,1469.0,556.0,5,402200.0
-117.65,33.45,15.0,7468.0,1275.0,3033.0,1217.0,5,239300.0
-117.65,33.42,25.0,2174.0,428.0,603.0,352.0,3,249400.0
-117.65,33.4,17.0,2737.0,654.0,910.0,492.0,4,370800.0
-117.66,35.63,33.0,2579.0,564.0,1155.0,431.0,2,42100.0
-117.66,35.62,11.0,5897.0,1138.0,2728.0,1072.0,4,85700.0
-117.66,35.61,5.0,5735.0,932.0,2623.0,862.0,5,87200.0
-117.66,35.6,14.0,1740.0,391.0,850.0,317.0,3,91700.0
-117.66,34.15,25.0,3430.0,485.0,1284.0,438.0,9,360100.0
-117.66,34.15,20.0,2524.0,311.0,965.0,285.0,8,395500.0
-117.66,34.14,8.0,1692.0,253.0,857.0,251.0,7,310500.0
-117.66,34.14,11.0,3628.0,469.0,1488.0,463.0,7,325000.0
-117.66,34.13,19.0,3995.0,554.0,1523.0,509.0,6,254100.0
-117.66,34.13,17.0,3229.0,405.0,1289.0,407.0,6,307100.0
-117.66,34.12,22.0,2272.0,278.0,933.0,305.0,9,390500.0
-117.66,34.1,37.0,1971.0,345.0,939.0,358.0,3,145300.0
-117.66,34.1,26.0,1855.0,553.0,1109.0,536.0,2,150000.0
-117.66,34.09,26.0,1151.0,200.0,593.0,188.0,4,166300.0
-117.66,34.09,23.0,1426.0,313.0,954.0,319.0,3,151500.0
-117.66,34.09,20.0,2462.0,496.0,1117.0,458.0,3,162500.0
-117.66,34.08,33.0,3659.0,590.0,1773.0,615.0,4,157200.0
-117.66,34.07,37.0,2454.0,511.0,1165.0,504.0,3,139600.0
-117.66,34.07,36.0,2072.0,408.0,964.0,395.0,3,137000.0
-117.66,34.07,33.0,2081.0,409.0,1008.0,375.0,3,138100.0
-117.66,34.06,24.0,4043.0,952.0,2174.0,859.0,2,114900.0
-117.66,34.05,6.0,5129.0,1119.0,2533.0,949.0,4,113600.0
-117.66,34.05,36.0,2341.0,520.0,2138.0,523.0,2,104000.0
-117.66,34.05,33.0,960.0,216.0,831.0,222.0,3,108600.0
-117.66,34.04,16.0,2081.0,348.0,1332.0,356.0,5,147600.0
-117.66,34.04,10.0,3657.0,695.0,2079.0,663.0,4,159900.0
-117.66,34.03,14.0,2137.0,345.0,1151.0,352.0,6,185500.0
-117.66,34.02,12.0,5616.0,871.0,3019.0,782.0,6,202300.0
-117.66,34.02,11.0,3358.0,504.0,1690.0,482.0,7,207900.0
-117.66,34.0,5.0,1387.0,236.0,855.0,270.0,5,201100.0
-117.66,33.65,13.0,8527.0,1364.0,4597.0,1393.0,6,237900.0
-117.66,33.64,17.0,3173.0,501.0,1555.0,520.0,7,250800.0
-117.66,33.63,16.0,3299.0,610.0,1967.0,604.0,6,223300.0
-117.66,33.62,16.0,5175.0,799.0,2717.0,813.0,6,257800.0
-117.66,33.62,16.0,4065.0,661.0,1962.0,636.0,6,256600.0
-117.66,33.61,21.0,1932.0,266.0,860.0,286.0,7,274000.0
-117.66,33.6,25.0,3745.0,522.0,1648.0,496.0,8,278100.0
-117.66,33.6,24.0,1684.0,232.0,781.0,230.0,7,279600.0
-117.66,33.59,18.0,4552.0,706.0,1918.0,671.0,8,288100.0
-117.66,33.58,6.0,4186.0,515.0,1794.0,541.0,10,357600.0
-117.66,33.58,16.0,3016.0,394.0,1172.0,382.0,8,315600.0
-117.66,33.57,16.0,4277.0,565.0,1642.0,549.0,8,286600.0
-117.66,33.57,16.0,2483.0,443.0,1357.0,400.0,6,214200.0
-117.66,33.51,18.0,2626.0,530.0,1302.0,522.0,4,189600.0
-117.66,33.48,22.0,809.0,180.0,334.0,157.0,2,500001.0
-117.66,33.46,28.0,1261.0,233.0,609.0,242.0,5,312700.0
-117.66,33.46,26.0,2073.0,370.0,952.0,340.0,5,288100.0
-117.67,35.65,18.0,2737.0,589.0,1128.0,533.0,3,72000.0
-117.67,35.64,6.0,2115.0,342.0,927.0,337.0,6,115700.0
-117.67,35.63,32.0,3661.0,787.0,1613.0,706.0,3,63500.0
-117.67,34.13,10.0,2846.0,362.0,1221.0,355.0,8,304100.0
-117.67,34.12,15.0,3162.0,495.0,1145.0,473.0,5,191700.0
-117.67,34.1,28.0,1263.0,248.0,601.0,219.0,4,174000.0
-117.67,34.1,19.0,2969.0,605.0,1326.0,573.0,4,155700.0
-117.67,34.09,17.0,4418.0,1256.0,2417.0,1094.0,3,101000.0
-117.67,34.07,29.0,1840.0,388.0,1278.0,368.0,4,123400.0
-117.67,34.06,26.0,1592.0,429.0,1182.0,365.0,2,110400.0
-117.67,34.05,6.0,2833.0,628.0,1717.0,589.0,3,167500.0
-117.67,34.04,16.0,3260.0,501.0,1973.0,535.0,5,162000.0
-117.67,34.04,13.0,2295.0,374.0,1284.0,378.0,5,194300.0
-117.67,34.04,13.0,1543.0,383.0,776.0,358.0,3,99700.0
-117.67,33.67,5.0,10534.0,2035.0,4656.0,1863.0,6,309200.0
-117.67,33.66,4.0,10175.0,2181.0,4762.0,1929.0,5,237400.0
-117.67,33.63,9.0,5774.0,1320.0,3086.0,1265.0,4,202200.0
-117.67,33.61,24.0,3859.0,661.0,1972.0,624.0,6,227400.0
-117.67,33.61,23.0,3588.0,577.0,1695.0,569.0,6,243200.0
-117.67,33.6,25.0,3164.0,449.0,1517.0,453.0,7,266000.0
-117.67,33.6,20.0,1213.0,171.0,565.0,170.0,7,314800.0
-117.67,33.57,18.0,1614.0,210.0,692.0,209.0,8,280300.0
-117.67,33.56,4.0,3289.0,728.0,1345.0,632.0,5,184400.0
-117.67,33.55,6.0,3157.0,721.0,1695.0,710.0,4,222300.0
-117.67,33.54,16.0,2102.0,350.0,1003.0,328.0,5,170800.0
-117.67,33.54,15.0,2423.0,435.0,1366.0,423.0,5,181800.0
-117.67,33.51,19.0,1258.0,246.0,545.0,227.0,3,184400.0
-117.67,33.51,18.0,1645.0,393.0,1490.0,355.0,3,126400.0
-117.67,33.49,15.0,2782.0,579.0,983.0,525.0,2,183300.0
-117.67,33.49,10.0,366.0,61.0,128.0,61.0,8,250000.0
-117.67,33.47,22.0,2728.0,616.0,1081.0,566.0,2,500001.0
-117.67,33.46,24.0,3571.0,722.0,1409.0,543.0,5,277800.0
-117.67,33.46,18.0,1679.0,271.0,783.0,257.0,5,300000.0
-117.67,33.44,25.0,2994.0,519.0,903.0,410.0,7,500001.0
-117.68,35.64,15.0,3253.0,573.0,1408.0,586.0,5,95700.0
-117.68,35.55,9.0,3811.0,605.0,1518.0,568.0,6,142500.0
-117.68,35.03,28.0,2969.0,648.0,1644.0,570.0,3,54900.0
-117.68,34.99,33.0,1589.0,307.0,853.0,272.0,4,64400.0
-117.68,34.15,4.0,4082.0,578.0,1996.0,580.0,7,286300.0
-117.68,34.15,24.0,1033.0,189.0,486.0,204.0,4,213500.0
-117.68,34.14,4.0,4791.0,695.0,1871.0,659.0,7,277000.0
-117.68,34.12,16.0,2181.0,321.0,1133.0,350.0,6,259400.0
-117.68,34.11,16.0,3190.0,471.0,1414.0,464.0,6,208600.0
-117.68,34.1,11.0,7392.0,1796.0,3841.0,1621.0,3,163000.0
-117.68,34.09,22.0,1547.0,334.0,773.0,316.0,3,148800.0
-117.68,34.08,28.0,2459.0,492.0,1230.0,498.0,3,137200.0
-117.68,34.08,21.0,5662.0,1185.0,3067.0,1055.0,3,137300.0
-117.68,34.07,32.0,1775.0,314.0,1067.0,302.0,4,121300.0
-117.68,34.07,24.0,2626.0,692.0,2204.0,647.0,2,135000.0
-117.68,34.05,25.0,1859.0,463.0,1070.0,374.0,3,187500.0
-117.68,34.04,27.0,574.0,103.0,321.0,103.0,4,186500.0
-117.68,34.03,16.0,2859.0,668.0,1946.0,591.0,3,124300.0
-117.68,34.01,20.0,7326.0,1555.0,5718.0,1538.0,3,123500.0
-117.68,33.63,16.0,5218.0,1187.0,2701.0,1125.0,4,143100.0
-117.68,33.63,13.0,5830.0,921.0,2897.0,891.0,6,257400.0
-117.68,33.61,19.0,2962.0,405.0,1295.0,440.0,6,248000.0
-117.68,33.6,24.0,1956.0,262.0,969.0,256.0,7,265900.0
-117.68,33.6,19.0,3913.0,460.0,1646.0,454.0,7,303900.0
-117.68,33.59,8.0,2327.0,263.0,899.0,236.0,15,500001.0
-117.68,33.59,12.0,3473.0,466.0,1569.0,450.0,9,314000.0
-117.68,33.57,2.0,10008.0,1453.0,3550.0,1139.0,10,500001.0
-117.68,33.55,5.0,2262.0,427.0,1016.0,402.0,6,315500.0
-117.68,33.54,5.0,2840.0,403.0,1363.0,403.0,8,341400.0
-117.68,33.52,5.0,3621.0,632.0,1546.0,567.0,6,322800.0
-117.68,33.51,4.0,2428.0,401.0,959.0,386.0,6,268500.0
-117.68,33.51,19.0,2930.0,428.0,1481.0,430.0,6,480800.0
-117.68,33.49,18.0,4173.0,625.0,1649.0,634.0,6,294300.0
-117.68,33.49,17.0,2232.0,372.0,1072.0,385.0,4,214500.0
-117.68,33.49,16.0,3084.0,724.0,2557.0,690.0,3,106300.0
-117.68,33.48,15.0,1786.0,299.0,727.0,293.0,5,231400.0
-117.68,33.47,7.0,4458.0,731.0,1731.0,704.0,6,285600.0
-117.69,36.13,25.0,1709.0,439.0,632.0,292.0,2,45500.0
-117.69,35.65,5.0,1131.0,276.0,520.0,232.0,4,87500.0
-117.69,35.63,5.0,3151.0,482.0,1335.0,428.0,6,109000.0
-117.69,34.13,8.0,2915.0,371.0,1271.0,354.0,8,345400.0
-117.69,34.11,16.0,2427.0,522.0,794.0,491.0,3,119300.0
-117.69,34.1,17.0,3759.0,1035.0,1722.0,847.0,3,137500.0
-117.69,34.09,28.0,1437.0,295.0,724.0,262.0,3,140200.0
-117.69,34.08,30.0,4255.0,773.0,2129.0,730.0,5,142500.0
-117.69,34.08,14.0,4136.0,886.0,2026.0,788.0,3,128200.0
-117.69,34.06,29.0,873.0,226.0,649.0,198.0,3,114400.0
-117.69,34.06,25.0,1881.0,433.0,1337.0,417.0,3,144000.0
-117.69,34.05,10.0,1875.0,366.0,1055.0,363.0,4,128900.0
-117.69,34.0,28.0,707.0,154.0,561.0,129.0,3,111600.0
-117.69,33.8,5.0,3178.0,631.0,1467.0,581.0,5,237100.0
-117.69,33.66,5.0,4246.0,689.0,1933.0,722.0,7,225700.0
-117.69,33.66,11.0,2630.0,327.0,1256.0,352.0,8,350500.0
-117.69,33.64,18.0,3783.0,654.0,1843.0,623.0,6,215800.0
-117.69,33.64,16.0,2592.0,372.0,1279.0,383.0,7,262000.0
-117.69,33.62,18.0,4265.0,581.0,2025.0,544.0,6,282700.0
-117.69,33.61,16.0,3010.0,580.0,1649.0,538.0,4,236200.0
-117.69,33.6,17.0,2150.0,361.0,1194.0,335.0,5,227000.0
-117.69,33.6,16.0,2205.0,393.0,1333.0,402.0,3,279500.0
-117.69,33.6,12.0,3258.0,421.0,1464.0,435.0,7,332000.0
-117.69,33.59,13.0,3320.0,426.0,1432.0,431.0,8,348100.0
-117.69,33.58,5.0,6678.0,1011.0,2877.0,982.0,8,330000.0
-117.69,33.55,9.0,3856.0,571.0,1646.0,576.0,7,318300.0
-117.69,33.55,4.0,1764.0,220.0,705.0,224.0,8,384200.0
-117.69,33.54,20.0,1767.0,280.0,801.0,284.0,7,272000.0
-117.69,33.53,17.0,5041.0,778.0,2396.0,801.0,6,282900.0
-117.69,33.52,4.0,2142.0,625.0,1176.0,483.0,3,325000.0
-117.69,33.52,3.0,7374.0,1444.0,3214.0,1279.0,5,278200.0
-117.69,33.51,4.0,1223.0,275.0,505.0,244.0,5,173000.0
-117.69,33.47,23.0,3499.0,722.0,1480.0,634.0,4,300000.0
-117.69,33.47,19.0,2595.0,621.0,1728.0,571.0,4,243800.0
-117.69,33.47,13.0,2020.0,378.0,679.0,290.0,6,305600.0
-117.7,35.64,8.0,2683.0,416.0,1154.0,399.0,6,109400.0
-117.7,35.62,18.0,2657.0,496.0,1426.0,483.0,4,71900.0
-117.7,35.6,16.0,2678.0,483.0,1473.0,487.0,4,70200.0
-117.7,34.09,25.0,1719.0,331.0,1098.0,324.0,4,121800.0
-117.7,34.08,33.0,4674.0,791.0,2769.0,784.0,4,137300.0
-117.7,34.08,10.0,1979.0,454.0,1117.0,389.0,4,107300.0
-117.7,34.07,33.0,1552.0,288.0,1326.0,303.0,4,128400.0
-117.7,34.06,7.0,732.0,145.0,431.0,132.0,3,95300.0
-117.7,34.06,25.0,2054.0,609.0,2271.0,564.0,2,150000.0
-117.7,34.05,24.0,2834.0,470.0,1815.0,471.0,5,162500.0
-117.7,34.04,13.0,5301.0,1025.0,2870.0,984.0,4,163000.0
-117.7,34.0,15.0,4905.0,711.0,2711.0,762.0,6,193100.0
-117.7,33.92,4.0,8301.0,1333.0,3941.0,1236.0,6,252200.0
-117.7,33.72,6.0,211.0,51.0,125.0,44.0,2,500001.0
-117.7,33.65,16.0,3388.0,492.0,1249.0,463.0,6,355600.0
-117.7,33.63,23.0,3038.0,473.0,1501.0,436.0,6,241700.0
-117.7,33.63,16.0,4428.0,745.0,1525.0,682.0,5,286800.0
-117.7,33.62,19.0,2957.0,492.0,1639.0,495.0,5,225600.0
-117.7,33.62,16.0,9653.0,2000.0,4732.0,1922.0,4,197200.0
-117.7,33.6,26.0,1021.0,230.0,301.0,208.0,3,80600.0
-117.7,33.6,16.0,2092.0,489.0,877.0,392.0,3,216900.0
-117.7,33.59,11.0,8039.0,1717.0,3445.0,1571.0,4,190900.0
-117.7,33.57,9.0,1204.0,355.0,469.0,293.0,4,119900.0
-117.7,33.57,4.0,3283.0,911.0,1512.0,782.0,3,138500.0
-117.7,33.56,3.0,2443.0,637.0,1033.0,548.0,4,183300.0
-117.7,33.56,2.0,2112.0,305.0,703.0,261.0,7,298500.0
-117.7,33.55,12.0,2459.0,390.0,1054.0,391.0,7,262100.0
-117.7,33.51,2.0,5261.0,763.0,1460.0,599.0,7,279000.0
-117.7,33.5,4.0,7474.0,1037.0,2969.0,1007.0,9,434700.0
-117.7,33.5,4.0,2351.0,445.0,834.0,397.0,6,245400.0
-117.7,33.48,10.0,3458.0,638.0,1156.0,470.0,6,336700.0
-117.7,33.47,21.0,2208.0,534.0,1423.0,482.0,4,305600.0
-117.7,33.47,21.0,1857.0,399.0,881.0,380.0,4,350000.0
-117.7,33.47,20.0,1577.0,363.0,764.0,333.0,4,320800.0
-117.71,34.15,17.0,17715.0,2370.0,7665.0,2312.0,8,349100.0
-117.71,34.12,20.0,11250.0,1893.0,4952.0,1859.0,6,239500.0
-117.71,34.1,52.0,567.0,152.0,2688.0,126.0,2,212500.0
-117.71,34.1,41.0,555.0,130.0,1492.0,123.0,2,125000.0
-117.71,34.09,36.0,2637.0,476.0,1385.0,483.0,4,158700.0
-117.71,34.08,29.0,1276.0,283.0,1216.0,316.0,3,134300.0
-117.71,34.08,26.0,2744.0,494.0,1411.0,465.0,4,154200.0
-117.71,34.07,31.0,1840.0,380.0,1187.0,357.0,4,129200.0
-117.71,34.07,24.0,1948.0,362.0,1286.0,364.0,4,139300.0
-117.71,34.06,16.0,1458.0,295.0,912.0,331.0,4,160400.0
-117.71,34.04,20.0,1950.0,310.0,1054.0,312.0,5,222100.0
-117.71,34.04,17.0,4098.0,733.0,1859.0,713.0,3,231800.0
-117.71,34.03,11.0,3467.0,749.0,2163.0,676.0,3,164400.0
-117.71,33.97,10.0,10856.0,2278.0,6474.0,2199.0,4,137200.0
-117.71,33.64,14.0,2945.0,356.0,1293.0,335.0,8,308900.0
-117.71,33.63,16.0,2497.0,500.0,1357.0,456.0,5,241800.0
-117.71,33.62,22.0,2520.0,387.0,1338.0,391.0,6,242800.0
-117.71,33.61,26.0,3046.0,726.0,888.0,663.0,3,74100.0
-117.71,33.61,26.0,2280.0,550.0,669.0,502.0,2,72300.0
-117.71,33.6,8.0,3329.0,753.0,1312.0,629.0,4,229800.0
-117.71,33.6,25.0,3011.0,714.0,893.0,654.0,2,74800.0
-117.71,33.58,2.0,2530.0,562.0,1066.0,510.0,5,187500.0
-117.71,33.57,6.0,3673.0,881.0,1846.0,768.0,5,144300.0
-117.71,33.57,4.0,3289.0,753.0,1285.0,651.0,4,226000.0
-117.71,33.54,7.0,4907.0,577.0,1883.0,556.0,10,453800.0
-117.71,33.54,15.0,2460.0,368.0,962.0,320.0,7,318300.0
-117.71,33.52,17.0,2486.0,417.0,876.0,361.0,6,340900.0
-117.71,33.51,11.0,2198.0,252.0,883.0,281.0,13,487000.0
-117.71,33.49,5.0,1680.0,254.0,617.0,231.0,9,397700.0
-117.71,33.47,17.0,2681.0,454.0,830.0,410.0,6,345700.0
-117.71,33.47,14.0,3894.0,672.0,1490.0,629.0,7,368500.0
-117.72,34.1,52.0,2867.0,496.0,978.0,513.0,3,291200.0
-117.72,34.1,32.0,3241.0,895.0,1592.0,810.0,2,181800.0
-117.72,34.09,36.0,1473.0,328.0,785.0,299.0,3,151800.0
-117.72,34.08,34.0,2742.0,491.0,1761.0,496.0,3,128800.0
-117.72,34.07,33.0,4100.0,740.0,2580.0,730.0,4,134200.0
-117.72,34.06,32.0,2209.0,654.0,1718.0,569.0,2,113200.0
-117.72,34.05,8.0,1841.0,409.0,1243.0,394.0,4,107000.0
-117.72,34.05,31.0,2220.0,526.0,1662.0,472.0,3,104300.0
-117.72,34.03,17.0,2902.0,476.0,1652.0,479.0,6,161800.0
-117.72,34.02,17.0,1781.0,262.0,860.0,256.0,7,236800.0
-117.72,34.0,15.0,4363.0,690.0,2410.0,666.0,5,179700.0
-117.72,33.99,14.0,5622.0,861.0,3108.0,821.0,6,206700.0
-117.72,33.97,16.0,13290.0,2062.0,6931.0,2023.0,5,187800.0
-117.72,33.64,16.0,1230.0,242.0,380.0,246.0,2,67500.0
-117.72,33.63,15.0,1362.0,255.0,378.0,202.0,2,162500.0
-117.72,33.62,21.0,2322.0,518.0,662.0,457.0,3,110000.0
-117.72,33.62,19.0,5777.0,1261.0,1711.0,1225.0,3,86900.0
-117.72,33.62,19.0,1144.0,268.0,365.0,279.0,3,105800.0
-117.72,33.61,26.0,2653.0,621.0,774.0,584.0,2,81100.0
-117.72,33.61,26.0,2033.0,463.0,618.0,450.0,3,80400.0
-117.72,33.54,13.0,4866.0,812.0,1909.0,733.0,5,244800.0
-117.72,33.53,14.0,1672.0,295.0,704.0,293.0,5,251300.0
-117.72,33.51,17.0,3617.0,597.0,1176.0,571.0,5,324000.0
-117.72,33.49,4.0,3623.0,734.0,1129.0,530.0,6,500001.0
-117.72,33.43,5.0,1889.0,359.0,616.0,246.0,4,500001.0
-117.73,35.73,35.0,2916.0,594.0,1870.0,432.0,4,55000.0
-117.73,34.12,26.0,6459.0,894.0,2487.0,885.0,6,261800.0
-117.73,34.1,37.0,3457.0,544.0,1344.0,530.0,6,226000.0
-117.73,34.09,36.0,1543.0,297.0,1355.0,303.0,4,117800.0
-117.73,34.09,30.0,2345.0,496.0,1897.0,454.0,2,112100.0
-117.73,34.08,33.0,1350.0,265.0,1251.0,257.0,3,115200.0
-117.73,34.08,28.0,5173.0,1069.0,3502.0,954.0,4,130800.0
-117.73,34.07,34.0,4038.0,725.0,2716.0,759.0,4,135000.0
-117.73,34.07,33.0,1921.0,489.0,1430.0,467.0,2,122600.0
-117.73,34.07,33.0,1025.0,261.0,854.0,269.0,2,119400.0
-117.73,34.06,51.0,498.0,115.0,368.0,112.0,1,98800.0
-117.73,34.06,34.0,344.0,108.0,315.0,119.0,3,117800.0
-117.73,34.05,36.0,975.0,243.0,809.0,233.0,3,118100.0
-117.73,34.05,28.0,2758.0,771.0,2877.0,694.0,2,113300.0
-117.73,34.04,26.0,3827.0,814.0,3367.0,810.0,3,129700.0
-117.73,34.03,42.0,1967.0,378.0,1459.0,348.0,3,118100.0
-117.73,34.01,36.0,2340.0,392.0,1213.0,388.0,4,213000.0
-117.73,33.61,17.0,2612.0,582.0,832.0,564.0,3,120600.0
-117.73,33.61,16.0,590.0,130.0,178.0,121.0,5,186800.0
-117.73,33.53,3.0,6388.0,920.0,2129.0,819.0,8,420600.0
-117.73,33.51,5.0,4549.0,786.0,1238.0,632.0,6,295900.0
-117.73,33.49,31.0,5112.0,778.0,1530.0,648.0,10,500001.0
-117.73,33.49,17.0,2168.0,290.0,654.0,279.0,10,500001.0
-117.74,35.65,15.0,2357.0,484.0,1110.0,442.0,3,81700.0
-117.74,34.11,28.0,3494.0,566.0,1391.0,522.0,5,214700.0
-117.74,34.1,29.0,2742.0,488.0,2477.0,532.0,4,121900.0
-117.74,34.1,26.0,2723.0,604.0,1847.0,498.0,3,136000.0
-117.74,34.08,35.0,1613.0,298.0,911.0,293.0,3,134300.0
-117.74,34.07,52.0,1868.0,316.0,947.0,328.0,4,140100.0
-117.74,34.07,42.0,2504.0,553.0,1550.0,509.0,3,135700.0
-117.74,34.06,48.0,2438.0,599.0,1508.0,548.0,3,129200.0
-117.74,34.06,4.0,1391.0,506.0,727.0,369.0,1,137500.0
-117.74,34.05,30.0,1185.0,317.0,1466.0,302.0,3,94300.0
-117.74,34.05,29.0,2452.0,700.0,3029.0,665.0,2,110700.0
-117.74,34.03,27.0,3623.0,809.0,3712.0,754.0,3,123300.0
-117.74,34.02,33.0,2318.0,464.0,1904.0,451.0,4,116400.0
-117.74,33.97,4.0,9755.0,1748.0,4662.0,1583.0,6,254900.0
-117.74,33.89,4.0,37937.0,5471.0,16122.0,5189.0,7,366300.0
-117.74,33.85,4.0,5416.0,820.0,1753.0,583.0,7,314000.0
-117.74,33.73,18.0,328.0,68.0,391.0,60.0,4,87500.0
-117.74,33.62,16.0,4134.0,740.0,2103.0,745.0,6,231400.0
-117.74,33.62,16.0,1889.0,590.0,686.0,537.0,3,241700.0
-117.74,33.61,17.0,2116.0,474.0,662.0,443.0,4,180800.0
-117.74,33.61,16.0,2753.0,576.0,857.0,546.0,4,229800.0
-117.74,33.51,29.0,1720.0,269.0,612.0,258.0,8,500001.0
-117.74,33.46,9.0,6564.0,1316.0,1720.0,904.0,5,454100.0
-117.75,34.12,25.0,5411.0,998.0,2243.0,1019.0,4,240700.0
-117.75,34.1,21.0,8069.0,2174.0,4369.0,2036.0,3,156800.0
-117.75,34.09,36.0,3094.0,556.0,1672.0,545.0,4,146900.0
-117.75,34.08,33.0,2824.0,523.0,1797.0,493.0,4,135100.0
-117.75,34.08,33.0,1067.0,194.0,600.0,201.0,4,139100.0
-117.75,34.07,52.0,2550.0,586.0,1246.0,576.0,2,146200.0
-117.75,34.07,52.0,1548.0,348.0,1131.0,343.0,3,127300.0
-117.75,34.07,52.0,1279.0,213.0,444.0,204.0,5,161000.0
-117.75,34.06,52.0,62.0,9.0,44.0,16.0,0,112500.0
-117.75,34.06,52.0,24.0,6.0,46.0,7.0,2,67500.0
-117.75,34.06,52.0,1171.0,318.0,1126.0,276.0,2,105800.0
-117.75,34.06,44.0,477.0,135.0,502.0,117.0,2,112500.0
-117.75,34.05,46.0,1480.0,358.0,1511.0,348.0,2,110600.0
-117.75,34.05,37.0,378.0,92.0,503.0,103.0,2,94600.0
-117.75,34.05,35.0,1293.0,339.0,1494.0,312.0,2,93300.0
-117.75,34.05,27.0,437.0,108.0,469.0,97.0,2,107500.0
-117.75,34.04,22.0,2948.0,636.0,2600.0,602.0,3,113600.0
-117.75,34.01,4.0,22128.0,3522.0,10450.0,3258.0,6,289600.0
-117.75,33.95,13.0,984.0,127.0,364.0,119.0,8,426900.0
-117.75,33.84,16.0,3491.0,502.0,1496.0,509.0,7,270500.0
-117.75,33.72,10.0,2464.0,347.0,1241.0,366.0,9,362500.0
-117.75,33.71,15.0,2849.0,537.0,878.0,520.0,3,158300.0
-117.75,33.64,9.0,2499.0,492.0,1111.0,542.0,6,182300.0
-117.75,33.61,17.0,2499.0,566.0,781.0,522.0,3,186500.0
-117.75,33.6,5.0,4944.0,1164.0,1727.0,948.0,5,255600.0
-117.75,33.54,21.0,8711.0,1544.0,3173.0,1396.0,5,378200.0
-117.76,35.63,12.0,2014.0,372.0,1027.0,356.0,4,101300.0
-117.76,35.22,4.0,18.0,3.0,8.0,6.0,2,275000.0
-117.76,34.71,15.0,2981.0,625.0,1694.0,540.0,3,106700.0
-117.76,34.13,8.0,16759.0,2274.0,7249.0,2156.0,7,358700.0
-117.76,34.11,22.0,4935.0,954.0,2874.0,938.0,4,180500.0
-117.76,34.1,28.0,4086.0,871.0,1973.0,853.0,3,202200.0
-117.76,34.08,37.0,2263.0,502.0,1677.0,522.0,3,139200.0
-117.76,34.07,51.0,1538.0,394.0,1173.0,388.0,2,109800.0
-117.76,34.07,48.0,1157.0,247.0,677.0,218.0,3,127200.0
-117.76,34.06,47.0,508.0,108.0,384.0,86.0,2,92600.0
-117.76,34.06,33.0,1831.0,486.0,1625.0,472.0,2,103600.0
-117.76,34.05,36.0,3839.0,1004.0,4711.0,942.0,2,116200.0
-117.76,34.04,36.0,2242.0,448.0,2052.0,447.0,3,113000.0
-117.76,34.04,34.0,1914.0,364.0,1564.0,328.0,3,115800.0
-117.76,33.98,3.0,9662.0,1385.0,2497.0,856.0,7,292400.0
-117.76,33.94,40.0,1092.0,213.0,457.0,190.0,5,184200.0
-117.76,33.88,9.0,4838.0,759.0,2090.0,695.0,7,307800.0
-117.76,33.87,16.0,3973.0,595.0,1971.0,575.0,6,263700.0
-117.76,33.87,16.0,3182.0,429.0,1663.0,428.0,7,288200.0
-117.76,33.86,14.0,3666.0,442.0,1400.0,433.0,10,500001.0
-117.76,33.84,15.0,3764.0,510.0,1448.0,468.0,9,410500.0
-117.76,33.83,15.0,3086.0,457.0,1262.0,436.0,6,300700.0
-117.76,33.81,2.0,582.0,70.0,199.0,64.0,7,500001.0
-117.76,33.79,4.0,8974.0,1268.0,3754.0,1241.0,8,374000.0
-117.76,33.72,15.0,941.0,266.0,366.0,248.0,4,148400.0
-117.76,33.72,14.0,3011.0,388.0,1359.0,371.0,8,368700.0
-117.76,33.72,11.0,4508.0,618.0,1993.0,573.0,10,386100.0
-117.76,33.71,14.0,4321.0,582.0,2025.0,578.0,8,355100.0
-117.76,33.7,12.0,4025.0,574.0,2042.0,588.0,8,344900.0
-117.76,33.53,28.0,3085.0,499.0,1176.0,480.0,8,426100.0
-117.76,33.53,24.0,2105.0,346.0,712.0,332.0,11,500001.0
-117.76,33.53,18.0,3224.0,561.0,1310.0,580.0,8,391900.0
-117.76,33.48,38.0,3832.0,809.0,1332.0,636.0,5,381200.0
-117.77,34.11,28.0,1998.0,414.0,1124.0,389.0,4,180900.0
-117.77,34.07,29.0,2976.0,662.0,2452.0,633.0,3,113600.0
-117.77,33.85,13.0,5415.0,827.0,2061.0,714.0,7,353100.0
-117.77,33.84,5.0,4380.0,715.0,1913.0,741.0,7,266400.0
-117.77,33.8,16.0,3973.0,483.0,1373.0,452.0,10,417000.0
-117.77,33.76,19.0,3532.0,402.0,1200.0,426.0,11,500001.0
-117.77,33.72,10.0,2815.0,431.0,1181.0,398.0,7,278700.0
-117.77,33.71,5.0,4050.0,584.0,1986.0,598.0,8,375700.0
-117.77,33.71,4.0,1646.0,321.0,859.0,300.0,6,227800.0
-117.77,33.71,13.0,1939.0,247.0,928.0,244.0,8,379800.0
-117.77,33.7,4.0,2446.0,622.0,1315.0,560.0,4,137500.0
-117.77,33.7,3.0,3636.0,749.0,1486.0,696.0,6,207500.0
-117.77,33.7,15.0,1392.0,267.0,681.0,263.0,5,187200.0
-117.77,33.69,15.0,500.0,113.0,261.0,116.0,5,154000.0
-117.77,33.69,14.0,1413.0,372.0,744.0,338.0,4,184100.0
-117.77,33.67,12.0,4329.0,1068.0,1913.0,978.0,5,160200.0
-117.77,33.6,33.0,247.0,80.0,167.0,70.0,4,237500.0
-117.77,33.55,28.0,2024.0,297.0,617.0,274.0,7,499100.0
-117.77,33.54,47.0,3090.0,652.0,1105.0,582.0,4,373700.0
-117.77,33.54,28.0,3404.0,497.0,1134.0,466.0,7,500001.0
-117.77,33.53,46.0,1033.0,223.0,462.0,224.0,3,384700.0
-117.77,33.53,32.0,3116.0,661.0,1105.0,543.0,5,445600.0
-117.77,33.51,29.0,3590.0,772.0,1070.0,603.0,4,500001.0
-117.78,34.58,6.0,10263.0,1864.0,6163.0,1781.0,4,120000.0
-117.78,34.13,18.0,7798.0,1161.0,3710.0,1227.0,6,260500.0
-117.78,34.11,23.0,7079.0,1381.0,3205.0,1327.0,3,212300.0
-117.78,34.09,32.0,2643.0,516.0,1862.0,478.0,4,177200.0
-117.78,34.07,18.0,3610.0,772.0,2899.0,765.0,4,113500.0
-117.78,34.06,33.0,1056.0,272.0,964.0,300.0,2,128700.0
-117.78,34.05,39.0,2933.0,590.0,1886.0,550.0,4,131300.0
-117.78,34.03,8.0,32054.0,5290.0,15507.0,5050.0,6,253900.0
-117.78,33.97,2.0,556.0,63.0,179.0,54.0,8,500001.0
-117.78,33.9,14.0,6239.0,901.0,2923.0,904.0,7,268200.0
-117.78,33.89,7.0,9729.0,1210.0,4160.0,1214.0,9,415300.0
-117.78,33.88,16.0,1800.0,238.0,871.0,234.0,7,301900.0
-117.78,33.87,16.0,5609.0,952.0,2624.0,934.0,5,169600.0
-117.78,33.86,16.0,4390.0,660.0,2146.0,633.0,6,266000.0
-117.78,33.85,16.0,3781.0,504.0,1665.0,499.0,7,335600.0
-117.78,33.82,12.0,6208.0,750.0,2443.0,739.0,9,413700.0
-117.78,33.81,23.0,1986.0,278.0,826.0,260.0,8,380000.0
-117.78,33.78,6.0,9792.0,1283.0,3744.0,1179.0,10,481500.0
-117.78,33.76,25.0,2260.0,261.0,719.0,254.0,11,500001.0
-117.78,33.71,4.0,974.0,232.0,428.0,203.0,5,195400.0
-117.78,33.71,16.0,2207.0,291.0,1081.0,308.0,7,331200.0
-117.78,33.7,16.0,1663.0,250.0,597.0,204.0,5,233900.0
-117.78,33.69,16.0,4702.0,806.0,2529.0,814.0,5,238900.0
-117.78,33.69,16.0,3400.0,501.0,1575.0,488.0,6,295500.0
-117.78,33.68,19.0,2500.0,331.0,1027.0,327.0,6,315600.0
-117.78,33.68,14.0,1750.0,336.0,852.0,300.0,5,236800.0
-117.78,33.68,11.0,1994.0,477.0,849.0,411.0,4,235600.0
-117.78,33.51,44.0,1833.0,331.0,515.0,268.0,7,500001.0
-117.79,35.21,4.0,2.0,2.0,6.0,2.0,2,137500.0
-117.79,34.45,18.0,2986.0,597.0,1355.0,472.0,3,165000.0
-117.79,34.12,16.0,2426.0,426.0,1319.0,446.0,5,224500.0
-117.79,34.11,18.0,3814.0,721.0,1881.0,692.0,4,215600.0
-117.79,34.1,26.0,1664.0,344.0,1024.0,339.0,4,190500.0
-117.79,34.02,5.0,18690.0,2862.0,9427.0,2777.0,6,315600.0
-117.79,33.88,17.0,8562.0,1351.0,3822.0,1316.0,6,252600.0
-117.79,33.84,9.0,10484.0,1603.0,4005.0,1419.0,8,365300.0
-117.79,33.8,11.0,10535.0,1620.0,4409.0,1622.0,7,283200.0
-117.79,33.77,23.0,3596.0,451.0,1292.0,458.0,9,451300.0
-117.79,33.77,21.0,4349.0,553.0,1680.0,519.0,7,439000.0
-117.79,33.76,25.0,2037.0,252.0,796.0,249.0,11,487200.0
-117.79,33.75,26.0,2955.0,377.0,1074.0,373.0,9,500001.0
-117.79,33.75,26.0,2893.0,345.0,983.0,326.0,13,500001.0
-117.79,33.73,3.0,8240.0,1410.0,3318.0,1270.0,7,291300.0
-117.79,33.71,16.0,6339.0,862.0,3132.0,825.0,7,313400.0
-117.79,33.71,16.0,3114.0,463.0,1641.0,469.0,6,283200.0
-117.79,33.7,6.0,1593.0,371.0,832.0,379.0,4,239500.0
-117.79,33.7,16.0,6259.0,1098.0,3785.0,1114.0,6,247100.0
-117.79,33.7,16.0,1416.0,249.0,636.0,244.0,5,227700.0
-117.79,33.69,16.0,3067.0,396.0,1275.0,372.0,9,340000.0
-117.79,33.69,16.0,1532.0,240.0,679.0,248.0,6,313900.0
-117.79,33.69,15.0,1875.0,316.0,890.0,316.0,7,244800.0
-117.79,33.68,9.0,1633.0,295.0,928.0,297.0,6,265900.0
-117.79,33.68,16.0,1998.0,308.0,818.0,299.0,7,326100.0
-117.79,33.68,13.0,2636.0,416.0,1137.0,404.0,7,311500.0
-117.79,33.68,10.0,2106.0,319.0,1002.0,332.0,9,375300.0
-117.79,33.56,36.0,2057.0,329.0,658.0,309.0,8,500001.0
-117.79,33.55,39.0,5066.0,1292.0,1915.0,1117.0,4,452100.0
-117.8,34.11,25.0,5039.0,821.0,2654.0,802.0,5,211700.0
-117.8,34.1,17.0,5153.0,1164.0,2949.0,1083.0,4,174600.0
-117.8,34.05,5.0,4536.0,1178.0,2485.0,909.0,4,125900.0
-117.8,34.03,25.0,4240.0,643.0,1885.0,637.0,6,247600.0
-117.8,34.02,23.0,3351.0,591.0,1535.0,522.0,5,230600.0
-117.8,33.92,16.0,5819.0,986.0,2306.0,914.0,5,277500.0
-117.8,33.9,22.0,3760.0,482.0,1485.0,461.0,8,354900.0
-117.8,33.87,16.0,5954.0,1281.0,3107.0,1209.0,4,206100.0
-117.8,33.85,23.0,3038.0,470.0,1568.0,438.0,6,233000.0
-117.8,33.83,17.0,2971.0,350.0,1180.0,346.0,11,500001.0
-117.8,33.79,13.0,2021.0,362.0,1081.0,341.0,4,231400.0
-117.8,33.78,18.0,3548.0,474.0,1506.0,449.0,7,290300.0
-117.8,33.78,17.0,4138.0,805.0,2442.0,780.0,5,242000.0
-117.8,33.77,29.0,5436.0,707.0,2046.0,685.0,9,349500.0
-117.8,33.76,27.0,2655.0,345.0,1017.0,335.0,7,366800.0
-117.8,33.75,29.0,3058.0,488.0,1197.0,474.0,5,286600.0
-117.8,33.74,33.0,2890.0,453.0,1300.0,452.0,7,290200.0
-117.8,33.74,30.0,3569.0,551.0,1540.0,537.0,5,247200.0
-117.8,33.72,16.0,2617.0,506.0,1317.0,511.0,5,201400.0
-117.8,33.69,16.0,2745.0,447.0,1429.0,411.0,7,325500.0
-117.8,33.69,15.0,2099.0,322.0,873.0,307.0,8,328000.0
-117.8,33.69,14.0,1800.0,362.0,874.0,373.0,4,251000.0
-117.8,33.69,13.0,1161.0,289.0,630.0,296.0,3,333300.0
-117.8,33.68,8.0,2032.0,349.0,862.0,340.0,7,274100.0
-117.8,33.68,5.0,623.0,146.0,396.0,136.0,4,225000.0
-117.8,33.67,5.0,2638.0,521.0,1179.0,480.0,6,240000.0
-117.8,33.67,5.0,2487.0,388.0,1147.0,397.0,8,302500.0
-117.8,33.67,4.0,3345.0,552.0,1525.0,539.0,7,329100.0
-117.8,33.66,16.0,2542.0,498.0,1022.0,494.0,4,223400.0
-117.8,33.64,8.0,4447.0,713.0,1680.0,705.0,9,450400.0
-117.8,33.63,8.0,32.0,9.0,26.0,11.0,4,270800.0
-117.8,33.63,15.0,3236.0,451.0,1289.0,416.0,11,493000.0
-117.8,33.55,38.0,1757.0,464.0,821.0,426.0,4,433300.0
-117.8,33.53,41.0,2017.0,489.0,783.0,403.0,4,500001.0
-117.8,33.52,50.0,1152.0,341.0,519.0,225.0,3,500001.0
-117.81,35.65,19.0,1124.0,290.0,598.0,261.0,2,54300.0
-117.81,34.12,23.0,7063.0,1176.0,3100.0,1112.0,5,192600.0
-117.81,34.11,21.0,3481.0,808.0,1866.0,746.0,4,150400.0
-117.81,34.1,19.0,1935.0,399.0,1126.0,389.0,4,144600.0
-117.81,34.08,13.0,18448.0,2474.0,7775.0,2397.0,8,348900.0
-117.81,34.01,12.0,9197.0,1642.0,4332.0,1554.0,5,282100.0
-117.81,33.89,13.0,3252.0,583.0,1546.0,557.0,6,297900.0
-117.81,33.88,19.0,2968.0,503.0,1430.0,459.0,5,371700.0
-117.81,33.88,19.0,2265.0,283.0,904.0,279.0,9,461300.0
-117.81,33.87,19.0,4491.0,680.0,2457.0,702.0,6,233500.0
-117.81,33.86,18.0,133.0,29.0,95.0,23.0,4,235000.0
-117.81,33.82,20.0,2819.0,319.0,1019.0,319.0,12,500001.0
-117.81,33.81,19.0,3154.0,390.0,1404.0,384.0,9,431800.0
-117.81,33.8,25.0,2765.0,475.0,1666.0,474.0,6,230700.0
-117.81,33.79,25.0,5950.0,1155.0,4528.0,1064.0,4,204600.0
-117.81,33.79,23.0,3114.0,610.0,2045.0,577.0,4,211900.0
-117.81,33.77,31.0,4624.0,624.0,1852.0,635.0,7,334600.0
-117.81,33.76,32.0,2053.0,339.0,835.0,323.0,6,281800.0
-117.81,33.75,25.0,2365.0,471.0,1197.0,458.0,4,227800.0
-117.81,33.75,23.0,3498.0,636.0,1574.0,642.0,5,252200.0
-117.81,33.74,24.0,2696.0,649.0,1908.0,626.0,3,216900.0
-117.81,33.73,23.0,3056.0,556.0,1508.0,555.0,5,234200.0
-117.81,33.73,19.0,5471.0,1345.0,2828.0,1247.0,4,252800.0
-117.81,33.73,19.0,4022.0,975.0,2334.0,954.0,3,140600.0
-117.81,33.69,5.0,1256.0,256.0,880.0,288.0,2,450000.0
-117.81,33.68,8.0,1964.0,413.0,913.0,406.0,5,192200.0
-117.81,33.68,4.0,1545.0,304.0,788.0,296.0,5,500001.0
-117.81,33.67,9.0,3279.0,530.0,1447.0,510.0,7,296600.0
-117.81,33.67,9.0,2435.0,396.0,1194.0,385.0,7,275000.0
-117.81,33.67,9.0,1567.0,299.0,675.0,294.0,5,199600.0
-117.81,33.67,8.0,2440.0,502.0,1113.0,483.0,5,242500.0
-117.81,33.67,8.0,2098.0,342.0,908.0,329.0,8,342900.0
-117.81,33.67,24.0,3930.0,661.0,1831.0,616.0,6,269000.0
-117.81,33.66,16.0,1414.0,191.0,635.0,230.0,10,383900.0
-117.81,33.64,4.0,1741.0,225.0,811.0,233.0,12,500001.0
-117.81,33.64,16.0,2404.0,349.0,868.0,329.0,11,442100.0
-117.81,33.63,17.0,4477.0,610.0,1798.0,612.0,8,410400.0
-117.81,33.56,24.0,6258.0,1003.0,1730.0,752.0,11,500001.0
-117.82,34.13,27.0,3770.0,573.0,1606.0,562.0,6,309700.0
-117.82,34.12,26.0,3118.0,528.0,1546.0,545.0,5,209400.0
-117.82,34.05,21.0,4031.0,923.0,2558.0,834.0,3,117300.0
-117.82,33.89,24.0,2168.0,421.0,1050.0,397.0,5,238300.0
-117.82,33.89,21.0,3079.0,509.0,1431.0,480.0,4,278900.0
-117.82,33.88,18.0,1982.0,300.0,1027.0,324.0,7,327500.0
-117.82,33.88,15.0,5392.0,895.0,2531.0,827.0,6,280300.0
-117.82,33.85,21.0,2603.0,404.0,1350.0,390.0,6,235900.0
-117.82,33.85,18.0,1810.0,305.0,1189.0,326.0,5,213500.0
-117.82,33.84,25.0,1788.0,203.0,676.0,217.0,10,454300.0
-117.82,33.82,22.0,3173.0,372.0,1181.0,355.0,8,500001.0
-117.82,33.81,30.0,2260.0,345.0,1182.0,341.0,6,236700.0
-117.82,33.81,19.0,2556.0,304.0,822.0,260.0,10,456900.0
-117.82,33.8,15.0,3207.0,647.0,1414.0,595.0,4,165600.0
-117.82,33.78,28.0,4485.0,667.0,2048.0,685.0,5,274700.0
-117.82,33.78,25.0,4977.0,645.0,2061.0,646.0,7,318500.0
-117.82,33.77,32.0,2308.0,301.0,967.0,320.0,7,324600.0
-117.82,33.77,27.0,2578.0,314.0,976.0,340.0,7,359200.0
-117.82,33.76,33.0,2774.0,428.0,1229.0,407.0,6,265600.0
-117.82,33.76,27.0,3230.0,449.0,1193.0,448.0,7,287800.0
-117.82,33.75,30.0,2910.0,535.0,1270.0,489.0,5,236500.0
-117.82,33.75,24.0,893.0,209.0,342.0,197.0,3,146500.0
-117.82,33.73,27.0,1270.0,258.0,809.0,264.0,5,223000.0
-117.82,33.73,24.0,845.0,190.0,482.0,190.0,5,225000.0
-117.82,33.73,23.0,2542.0,772.0,1720.0,675.0,4,137000.0
-117.82,33.72,24.0,3477.0,462.0,1593.0,484.0,7,276500.0
-117.82,33.68,3.0,7105.0,1459.0,3068.0,1241.0,6,358000.0
-117.82,33.68,3.0,3068.0,494.0,1357.0,486.0,8,333600.0
-117.82,33.67,15.0,1010.0,274.0,649.0,261.0,3,350000.0
-117.82,33.66,24.0,4227.0,641.0,1605.0,589.0,6,278400.0
-117.82,33.66,15.0,2460.0,447.0,1049.0,398.0,6,387500.0
-117.82,33.65,18.0,2105.0,302.0,830.0,286.0,6,362500.0
-117.82,33.64,18.0,1974.0,260.0,808.0,278.0,10,500001.0
-117.83,34.15,20.0,2421.0,306.0,1023.0,298.0,8,451500.0
-117.83,34.14,26.0,8254.0,1153.0,3460.0,1131.0,7,349900.0
-117.83,34.11,29.0,2671.0,437.0,1484.0,445.0,5,203000.0
-117.83,34.1,18.0,11026.0,1978.0,5407.0,1923.0,4,231100.0
-117.83,34.01,16.0,9446.0,1650.0,4911.0,1534.0,5,212900.0
-117.83,33.99,14.0,17527.0,2751.0,8380.0,2676.0,6,267000.0
-117.83,33.97,11.0,21533.0,3078.0,9671.0,2890.0,7,368300.0
-117.83,33.93,14.0,1956.0,282.0,671.0,269.0,7,306400.0
-117.83,33.9,23.0,2446.0,360.0,1196.0,359.0,7,272800.0
-117.83,33.89,25.0,1737.0,270.0,840.0,265.0,5,245700.0
-117.83,33.88,18.0,2112.0,340.0,1048.0,315.0,7,231700.0
-117.83,33.87,5.0,6971.0,1449.0,3521.0,1423.0,5,243900.0
-117.83,33.83,23.0,2775.0,547.0,1226.0,510.0,4,231400.0
-117.83,33.82,26.0,3259.0,456.0,1354.0,459.0,6,267600.0
-117.83,33.82,23.0,1100.0,285.0,940.0,267.0,4,150000.0
-117.83,33.81,28.0,1972.0,315.0,970.0,326.0,5,234200.0
-117.83,33.81,24.0,3550.0,895.0,2828.0,834.0,3,225600.0
-117.83,33.8,31.0,2016.0,409.0,1095.0,405.0,4,196000.0
-117.83,33.8,30.0,4713.0,758.0,2271.0,730.0,6,221000.0
-117.83,33.79,25.0,2070.0,513.0,1078.0,460.0,3,220100.0
-117.83,33.77,26.0,4931.0,853.0,2249.0,818.0,4,285400.0
-117.83,33.77,22.0,2956.0,642.0,1342.0,558.0,4,203200.0
-117.83,33.75,34.0,2660.0,601.0,1475.0,567.0,3,210200.0
-117.83,33.75,22.0,6433.0,1174.0,2703.0,1125.0,5,296400.0
-117.83,33.74,23.0,6114.0,1623.0,4088.0,1521.0,3,183600.0
-117.83,33.74,23.0,1818.0,522.0,958.0,485.0,3,131500.0
-117.83,33.73,20.0,5768.0,1597.0,4853.0,1465.0,4,160400.0
-117.83,33.68,4.0,3226.0,838.0,1666.0,800.0,4,184500.0
-117.83,33.67,17.0,2634.0,641.0,1454.0,560.0,4,275000.0
-117.83,33.66,4.0,1011.0,198.0,511.0,198.0,8,296200.0
-117.83,33.66,15.0,2355.0,438.0,747.0,450.0,7,272800.0
-117.83,33.65,9.0,638.0,266.0,426.0,234.0,4,187500.0
-117.83,33.65,8.0,2149.0,426.0,950.0,399.0,4,250400.0
-117.84,35.54,11.0,1751.0,316.0,765.0,296.0,5,98000.0
-117.84,34.63,5.0,6739.0,1251.0,4614.0,1266.0,4,115100.0
-117.84,34.13,26.0,3773.0,694.0,2103.0,688.0,5,198000.0
-117.84,34.12,34.0,2026.0,345.0,1142.0,332.0,4,187600.0
-117.84,34.12,25.0,3465.0,566.0,1722.0,536.0,5,228900.0
-117.84,34.1,17.0,7836.0,1624.0,4419.0,1526.0,4,180700.0
-117.84,33.98,26.0,3638.0,557.0,1993.0,593.0,6,221200.0
-117.84,33.9,24.0,1723.0,223.0,707.0,219.0,7,299600.0
-117.84,33.89,19.0,3544.0,542.0,1787.0,560.0,7,264300.0
-117.84,33.84,23.0,6157.0,1129.0,2817.0,1073.0,5,232600.0
-117.84,33.84,23.0,4388.0,864.0,2526.0,846.0,5,219400.0
-117.84,33.82,24.0,10281.0,1689.0,4926.0,1629.0,5,251200.0
-117.84,33.81,26.0,5574.0,1025.0,2607.0,988.0,4,244900.0
-117.84,33.79,37.0,2733.0,460.0,1378.0,476.0,5,235700.0
-117.84,33.79,34.0,2590.0,603.0,1658.0,608.0,2,199600.0
-117.84,33.78,26.0,2577.0,434.0,1086.0,432.0,5,229200.0
-117.84,33.78,24.0,3817.0,787.0,1656.0,713.0,4,248000.0
-117.84,33.77,26.0,3350.0,581.0,1314.0,550.0,4,249100.0
-117.84,33.77,14.0,4412.0,952.0,1656.0,874.0,4,206500.0
-117.84,33.76,26.0,2110.0,409.0,1146.0,407.0,4,229600.0
-117.84,33.76,22.0,378.0,78.0,196.0,81.0,4,219400.0
-117.84,33.76,14.0,1458.0,423.0,615.0,365.0,4,218800.0
-117.84,33.75,16.0,4367.0,1161.0,2164.0,1005.0,4,139500.0
-117.84,33.74,25.0,1818.0,577.0,1426.0,532.0,3,112500.0
-117.84,33.74,24.0,1752.0,407.0,910.0,427.0,3,134600.0
-117.84,33.74,22.0,6072.0,1802.0,4715.0,1666.0,3,121400.0
-117.84,33.73,20.0,2572.0,732.0,1534.0,669.0,2,175000.0
-117.84,33.66,5.0,665.0,171.0,384.0,171.0,5,230400.0
-117.84,33.66,5.0,1688.0,430.0,857.0,402.0,4,231600.0
-117.84,33.65,4.0,1649.0,456.0,1030.0,411.0,2,225000.0
-117.84,33.64,11.0,6840.0,1689.0,6083.0,1629.0,2,198300.0
-117.84,33.6,21.0,4281.0,582.0,1443.0,576.0,9,500001.0
-117.85,34.14,35.0,2899.0,429.0,1251.0,429.0,6,297200.0
-117.85,34.14,35.0,1582.0,248.0,654.0,221.0,5,275000.0
-117.85,34.13,31.0,1959.0,318.0,1021.0,303.0,4,233000.0
-117.85,34.11,27.0,1748.0,403.0,985.0,416.0,3,180600.0
-117.85,34.11,25.0,9255.0,1659.0,4944.0,1627.0,5,223000.0
-117.85,34.1,22.0,5179.0,944.0,2315.0,884.0,5,189900.0
-117.85,34.09,16.0,4556.0,639.0,2066.0,651.0,6,263900.0
-117.85,34.08,23.0,1160.0,166.0,467.0,178.0,8,386200.0
-117.85,34.07,32.0,761.0,101.0,295.0,95.0,11,500001.0
-117.85,34.0,26.0,2712.0,402.0,1389.0,377.0,6,227900.0
-117.85,33.92,11.0,3331.0,410.0,1460.0,416.0,8,371800.0
-117.85,33.9,25.0,1548.0,256.0,811.0,263.0,5,242200.0
-117.85,33.9,20.0,4026.0,648.0,1997.0,650.0,6,260500.0
-117.85,33.89,24.0,3326.0,503.0,1616.0,494.0,6,240600.0
-117.85,33.89,22.0,4020.0,655.0,1486.0,635.0,6,262300.0
-117.85,33.88,14.0,4753.0,681.0,2138.0,678.0,7,288500.0
-117.85,33.86,18.0,329.0,72.0,209.0,71.0,5,187500.0
-117.85,33.85,17.0,4678.0,1065.0,2427.0,1020.0,4,254100.0
-117.85,33.84,26.0,2095.0,280.0,793.0,261.0,7,271700.0
-117.85,33.83,26.0,1904.0,292.0,945.0,303.0,6,232400.0
-117.85,33.81,32.0,1766.0,322.0,876.0,330.0,4,234500.0
-117.85,33.81,26.0,4186.0,767.0,2447.0,777.0,5,248100.0
-117.85,33.8,40.0,1461.0,286.0,1322.0,264.0,4,194100.0
-117.85,33.8,34.0,1593.0,283.0,872.0,255.0,4,216700.0
-117.85,33.79,52.0,1963.0,430.0,1197.0,415.0,4,211000.0
-117.85,33.79,46.0,1846.0,383.0,867.0,336.0,3,200000.0
-117.85,33.79,40.0,1251.0,336.0,729.0,343.0,2,236400.0
-117.85,33.78,23.0,3187.0,870.0,1977.0,852.0,3,212100.0
-117.85,33.77,23.0,5928.0,1204.0,3570.0,1150.0,4,233100.0
-117.85,33.77,16.0,2186.0,511.0,908.0,466.0,5,225000.0
-117.85,33.75,27.0,2311.0,632.0,2936.0,609.0,3,171400.0
-117.85,33.74,26.0,2589.0,1003.0,5756.0,983.0,2,170800.0
-117.85,33.74,19.0,1248.0,357.0,1214.0,328.0,3,159800.0
-117.85,33.73,28.0,1499.0,574.0,3328.0,595.0,2,115000.0
-117.85,33.62,18.0,729.0,105.0,316.0,108.0,10,500001.0
-117.85,33.61,14.0,4340.0,741.0,1505.0,670.0,8,500001.0
-117.86,34.24,52.0,803.0,267.0,628.0,225.0,4,14999.0
-117.86,34.14,36.0,3097.0,667.0,1484.0,634.0,3,235300.0
-117.86,34.14,33.0,2344.0,363.0,1098.0,359.0,6,283400.0
-117.86,34.13,40.0,1304.0,280.0,607.0,256.0,3,209500.0
-117.86,34.13,33.0,2383.0,428.0,1269.0,421.0,5,245500.0
-117.86,34.13,29.0,630.0,145.0,378.0,148.0,3,170800.0
-117.86,34.1,29.0,1185.0,197.0,588.0,196.0,5,196900.0
-117.86,34.1,23.0,2535.0,490.0,1327.0,466.0,4,180600.0
-117.86,34.09,29.0,3855.0,585.0,2205.0,609.0,6,218200.0
-117.86,34.08,31.0,2524.0,349.0,1003.0,343.0,8,380900.0
-117.86,34.02,19.0,6300.0,937.0,3671.0,943.0,6,262100.0
-117.86,34.01,16.0,4632.0,761.0,3038.0,727.0,5,264400.0
-117.86,33.99,10.0,17820.0,2812.0,8686.0,2666.0,6,310700.0
-117.86,33.91,16.0,2889.0,423.0,1227.0,401.0,6,270800.0
-117.86,33.9,25.0,3205.0,409.0,1291.0,408.0,7,299200.0
-117.86,33.9,17.0,1452.0,188.0,630.0,194.0,7,285200.0
-117.86,33.88,20.0,3977.0,540.0,1886.0,541.0,7,272200.0
-117.86,33.88,19.0,1621.0,328.0,871.0,322.0,4,201400.0
-117.86,33.87,19.0,1591.0,279.0,891.0,237.0,6,216000.0
-117.86,33.87,12.0,1600.0,251.0,685.0,256.0,5,254000.0
-117.86,33.85,17.0,1131.0,236.0,622.0,244.0,5,158500.0
-117.86,33.84,19.0,1725.0,392.0,920.0,400.0,3,159400.0
-117.86,33.82,9.0,1682.0,291.0,1015.0,271.0,7,230900.0
-117.86,33.8,35.0,1683.0,347.0,1242.0,335.0,4,190400.0
-117.86,33.8,34.0,1793.0,480.0,1722.0,441.0,3,153100.0
-117.86,33.79,42.0,1024.0,191.0,483.0,187.0,4,194500.0
-117.86,33.79,34.0,1883.0,408.0,1227.0,424.0,4,187500.0
-117.86,33.79,31.0,3523.0,922.0,2660.0,949.0,3,146400.0
-117.86,33.78,25.0,2635.0,660.0,1710.0,634.0,3,215000.0
-117.86,33.78,21.0,2713.0,731.0,1952.0,722.0,3,178800.0
-117.86,33.77,39.0,4159.0,655.0,1669.0,651.0,5,240300.0
-117.86,33.76,34.0,3153.0,561.0,1679.0,532.0,5,205300.0
-117.86,33.75,6.0,1565.0,599.0,3157.0,629.0,3,123200.0
-117.86,33.75,5.0,187.0,49.0,207.0,51.0,2,154200.0
-117.86,33.75,39.0,275.0,87.0,554.0,103.0,4,158000.0
-117.86,33.75,31.0,1761.0,515.0,1810.0,468.0,2,173400.0
-117.86,33.75,13.0,1632.0,598.0,3356.0,659.0,2,137500.0
-117.86,33.74,9.0,525.0,171.0,1257.0,165.0,3,165300.0
-117.86,33.74,38.0,2415.0,642.0,3242.0,599.0,3,165600.0
-117.86,33.74,32.0,691.0,151.0,926.0,148.0,4,175900.0
-117.86,33.73,38.0,2284.0,511.0,2451.0,504.0,3,159100.0
-117.86,33.73,31.0,1115.0,268.0,1369.0,259.0,4,150500.0
-117.86,33.73,30.0,2651.0,572.0,3249.0,552.0,4,182100.0
-117.86,33.73,26.0,1702.0,456.0,2776.0,463.0,3,180200.0
-117.86,33.73,23.0,407.0,108.0,647.0,96.0,4,177400.0
-117.86,33.72,37.0,1429.0,428.0,2089.0,399.0,3,150600.0
-117.86,33.72,32.0,1461.0,340.0,1909.0,346.0,4,159100.0
-117.86,33.71,36.0,191.0,42.0,208.0,37.0,3,157500.0
-117.86,33.71,21.0,1795.0,406.0,2246.0,400.0,3,152800.0
-117.86,33.67,16.0,20.0,5.0,15.0,5.0,4,450000.0
-117.86,33.65,4.0,3618.0,767.0,1326.0,714.0,5,500001.0
-117.86,33.63,17.0,3095.0,551.0,1175.0,534.0,5,500001.0
-117.86,33.62,23.0,3166.0,411.0,1092.0,345.0,8,500001.0
-117.86,33.62,17.0,2975.0,371.0,1247.0,398.0,10,500001.0
-117.86,33.61,15.0,3191.0,482.0,930.0,447.0,9,500001.0
-117.86,33.6,30.0,1891.0,364.0,635.0,314.0,7,500001.0
-117.87,35.73,13.0,2566.0,449.0,1181.0,414.0,4,91800.0
-117.87,34.15,37.0,2655.0,415.0,1056.0,401.0,5,269500.0
-117.87,34.14,30.0,2495.0,586.0,1139.0,559.0,3,209200.0
-117.87,34.13,29.0,1677.0,413.0,873.0,400.0,3,194300.0
-117.87,34.12,33.0,2059.0,361.0,1073.0,339.0,4,183800.0
-117.87,34.11,34.0,1324.0,211.0,799.0,228.0,5,192200.0
-117.87,34.1,25.0,2208.0,477.0,1084.0,424.0,4,191700.0
-117.87,34.1,15.0,6409.0,1363.0,3359.0,1267.0,4,173300.0
-117.87,34.09,36.0,1267.0,191.0,640.0,200.0,5,220000.0
-117.87,34.09,31.0,1484.0,327.0,927.0,317.0,4,189600.0
-117.87,34.08,33.0,4518.0,716.0,2037.0,764.0,6,267200.0
-117.87,34.08,33.0,3630.0,800.0,2257.0,796.0,3,206900.0
-117.87,34.07,21.0,4723.0,882.0,2210.0,768.0,4,258700.0
-117.87,34.06,25.0,3652.0,470.0,1525.0,484.0,10,428500.0
-117.87,34.04,7.0,27700.0,4179.0,15037.0,4072.0,7,339700.0
-117.87,33.92,14.0,4039.0,669.0,1905.0,670.0,6,303000.0
-117.87,33.9,21.0,3181.0,447.0,1416.0,469.0,7,280300.0
-117.87,33.89,25.0,1142.0,162.0,486.0,150.0,7,270100.0
-117.87,33.89,22.0,2340.0,664.0,1382.0,546.0,3,184600.0
-117.87,33.89,19.0,1674.0,243.0,786.0,234.0,6,275000.0
-117.87,33.89,17.0,1441.0,530.0,769.0,456.0,2,171700.0
-117.87,33.88,28.0,3333.0,752.0,2026.0,722.0,4,190700.0
-117.87,33.88,28.0,2612.0,602.0,1682.0,563.0,4,204300.0
-117.87,33.88,25.0,1808.0,440.0,1342.0,454.0,3,156900.0
-117.87,33.88,24.0,2655.0,702.0,1519.0,708.0,3,183900.0
-117.87,33.87,7.0,2663.0,642.0,1367.0,677.0,5,162400.0
-117.87,33.87,16.0,1332.0,368.0,1534.0,295.0,3,297100.0
-117.87,33.87,15.0,1898.0,476.0,1766.0,455.0,2,158500.0
-117.87,33.86,28.0,2292.0,531.0,2197.0,509.0,3,142800.0
-117.87,33.86,19.0,2232.0,448.0,1149.0,417.0,3,324400.0
-117.87,33.85,33.0,45.0,11.0,34.0,10.0,5,350000.0
-117.87,33.84,25.0,1928.0,414.0,961.0,385.0,4,231400.0
-117.87,33.84,17.0,2395.0,410.0,1224.0,399.0,5,249200.0
-117.87,33.84,10.0,3381.0,729.0,1584.0,636.0,5,235400.0
-117.87,33.82,26.0,2435.0,346.0,1088.0,350.0,6,249400.0
-117.87,33.81,15.0,3082.0,536.0,1268.0,531.0,4,280100.0
-117.87,33.78,30.0,2022.0,522.0,1196.0,463.0,4,186000.0
-117.87,33.78,21.0,2487.0,573.0,1515.0,494.0,4,168500.0
-117.87,33.78,19.0,2813.0,567.0,1334.0,596.0,5,173500.0
-117.87,33.77,52.0,2512.0,356.0,978.0,365.0,8,320300.0
-117.87,33.76,37.0,4943.0,851.0,2164.0,788.0,4,311300.0
-117.87,33.75,26.0,411.0,114.0,448.0,95.0,2,350000.0
-117.87,33.75,18.0,697.0,255.0,812.0,221.0,3,162500.0
-117.87,33.75,12.0,2782.0,1077.0,1968.0,795.0,1,102500.0
-117.87,33.74,52.0,2411.0,526.0,2165.0,521.0,3,172500.0
-117.87,33.74,31.0,2338.0,652.0,3289.0,631.0,3,158500.0
-117.87,33.73,45.0,2264.0,502.0,1970.0,499.0,3,177000.0
-117.87,33.72,39.0,3167.0,669.0,2789.0,619.0,4,165900.0
-117.87,33.72,37.0,2216.0,497.0,2445.0,506.0,4,174000.0
-117.87,33.71,16.0,3397.0,686.0,1924.0,621.0,5,155500.0
-117.87,33.71,13.0,1087.0,340.0,817.0,342.0,4,262500.0
-117.87,33.7,17.0,3216.0,607.0,1916.0,618.0,5,266400.0
-117.87,33.69,4.0,2337.0,768.0,983.0,655.0,4,275000.0
-117.87,33.64,26.0,3521.0,455.0,1336.0,451.0,10,500001.0
-117.87,33.63,9.0,6163.0,1004.0,1912.0,903.0,11,500001.0
-117.87,33.62,8.0,1266.0,210.0,375.0,183.0,10,500001.0
-117.87,33.62,15.0,2209.0,275.0,735.0,274.0,15,500001.0
-117.87,33.61,25.0,2267.0,359.0,866.0,348.0,8,500001.0
-117.87,33.6,35.0,1598.0,398.0,782.0,411.0,5,500000.0
-117.87,33.6,34.0,3415.0,779.0,1275.0,718.0,4,482900.0
-117.87,33.6,33.0,3120.0,602.0,1155.0,553.0,5,500001.0
-117.87,33.6,20.0,3212.0,572.0,1064.0,526.0,7,500001.0
-117.87,33.59,44.0,2499.0,396.0,910.0,374.0,7,500001.0
-117.88,34.14,32.0,1764.0,365.0,924.0,329.0,4,186700.0
-117.88,34.14,23.0,2308.0,322.0,1001.0,317.0,8,355500.0
-117.88,34.13,33.0,3713.0,718.0,2106.0,720.0,4,185500.0
-117.88,34.12,36.0,2029.0,351.0,1327.0,364.0,4,164300.0
-117.88,34.12,35.0,1574.0,276.0,1088.0,289.0,4,165300.0
-117.88,34.12,34.0,912.0,165.0,522.0,150.0,4,178000.0
-117.88,34.12,33.0,1485.0,274.0,1006.0,258.0,5,158500.0
-117.88,34.11,18.0,2923.0,670.0,1751.0,656.0,3,157000.0
-117.88,34.1,32.0,3357.0,621.0,1696.0,604.0,4,216600.0
-117.88,34.09,29.0,3416.0,790.0,2223.0,728.0,4,186000.0
-117.88,34.08,30.0,6132.0,1538.0,3147.0,1449.0,3,187800.0
-117.88,34.06,23.0,6689.0,1124.0,3081.0,1047.0,6,491200.0
-117.88,34.01,16.0,6756.0,1332.0,4429.0,1299.0,5,178200.0
-117.88,34.0,21.0,5459.0,1086.0,3394.0,1087.0,4,192100.0
-117.88,33.96,16.0,19059.0,3079.0,10988.0,3061.0,6,265200.0
-117.88,33.93,17.0,6100.0,861.0,2771.0,866.0,8,306700.0
-117.88,33.9,21.0,3180.0,434.0,1413.0,391.0,7,277300.0
-117.88,33.89,19.0,3583.0,911.0,2300.0,871.0,3,218400.0
-117.88,33.89,18.0,1616.0,532.0,866.0,496.0,4,119100.0
-117.88,33.89,17.0,3218.0,923.0,1701.0,824.0,4,265500.0
-117.88,33.89,16.0,959.0,176.0,353.0,185.0,4,173300.0
-117.88,33.87,35.0,1919.0,349.0,1302.0,345.0,6,190900.0
-117.88,33.85,26.0,3924.0,781.0,2332.0,725.0,4,223900.0
-117.88,33.85,25.0,1234.0,351.0,507.0,285.0,2,225000.0
-117.88,33.85,22.0,1105.0,241.0,971.0,249.0,3,113900.0
-117.88,33.85,18.0,2705.0,713.0,2726.0,674.0,3,200000.0
-117.88,33.84,34.0,1410.0,214.0,837.0,240.0,6,213900.0
-117.88,33.84,33.0,1526.0,237.0,906.0,245.0,5,225000.0
-117.88,33.84,31.0,3301.0,712.0,1532.0,682.0,4,223800.0
-117.88,33.83,25.0,1785.0,248.0,750.0,251.0,7,266700.0
-117.88,33.82,26.0,1783.0,298.0,1048.0,306.0,6,232000.0
-117.88,33.82,17.0,2247.0,705.0,1382.0,618.0,4,225000.0
-117.88,33.78,26.0,3141.0,670.0,1572.0,724.0,3,237400.0
-117.88,33.78,26.0,1813.0,421.0,1235.0,343.0,4,187500.0
-117.88,33.77,31.0,2549.0,355.0,1044.0,362.0,7,288800.0
-117.88,33.76,37.0,2988.0,677.0,2354.0,666.0,3,235500.0
-117.88,33.75,50.0,1344.0,228.0,747.0,234.0,5,195400.0
-117.88,33.75,34.0,3004.0,673.0,5477.0,640.0,3,187200.0
-117.88,33.75,10.0,1823.0,590.0,2176.0,548.0,2,151800.0
-117.88,33.74,31.0,1120.0,296.0,1718.0,268.0,3,140300.0
-117.88,33.74,29.0,720.0,174.0,1045.0,181.0,3,151900.0
-117.88,33.74,25.0,1799.0,557.0,3416.0,538.0,3,163500.0
-117.88,33.74,19.0,2261.0,642.0,3545.0,635.0,3,148500.0
-117.88,33.74,16.0,1444.0,446.0,2329.0,441.0,3,159400.0
-117.88,33.73,36.0,2471.0,498.0,2594.0,475.0,4,170500.0
-117.88,33.73,33.0,2291.0,594.0,3232.0,589.0,3,163500.0
-117.88,33.71,27.0,1596.0,297.0,1703.0,289.0,4,184900.0
-117.88,33.71,20.0,1738.0,509.0,1403.0,411.0,3,245000.0
-117.88,33.7,24.0,534.0,88.0,249.0,74.0,5,240500.0
-117.88,33.7,18.0,2135.0,373.0,1464.0,405.0,5,225800.0
-117.88,33.7,17.0,5122.0,1544.0,2966.0,1339.0,3,116700.0
-117.88,33.7,16.0,1505.0,358.0,835.0,339.0,4,205400.0
-117.88,33.69,20.0,5330.0,976.0,2734.0,1000.0,5,233100.0
-117.88,33.66,26.0,6017.0,1244.0,2673.0,1135.0,4,295400.0
-117.88,33.65,24.0,4879.0,756.0,1777.0,754.0,6,477300.0
-117.88,33.64,16.0,3615.0,570.0,1209.0,559.0,9,392200.0
-117.88,33.63,21.0,9565.0,2289.0,3162.0,1831.0,5,345400.0
-117.88,33.6,31.0,5488.0,1055.0,1938.0,964.0,9,500001.0
-117.88,33.55,27.0,2278.0,316.0,772.0,304.0,10,500001.0
-117.89,34.14,15.0,4644.0,967.0,2855.0,867.0,3,222100.0
-117.89,34.13,34.0,2159.0,386.0,1443.0,385.0,4,147400.0
-117.89,34.12,35.0,1566.0,321.0,1396.0,317.0,4,141300.0
-117.89,34.12,35.0,1470.0,241.0,885.0,246.0,5,168800.0
-117.89,34.12,35.0,1447.0,272.0,1224.0,268.0,4,141900.0
-117.89,34.11,36.0,806.0,147.0,446.0,153.0,5,151300.0
-117.89,34.11,27.0,2434.0,535.0,1623.0,498.0,4,140200.0
-117.89,34.1,35.0,3185.0,544.0,1858.0,564.0,4,175900.0
-117.89,34.1,34.0,2048.0,411.0,1456.0,416.0,3,168600.0
-117.89,34.1,27.0,3341.0,728.0,1762.0,679.0,3,180400.0
-117.89,34.09,37.0,1813.0,394.0,1100.0,375.0,3,176700.0
-117.89,34.09,37.0,1055.0,280.0,538.0,206.0,2,181300.0
-117.89,34.09,36.0,1811.0,320.0,1005.0,332.0,6,188300.0
-117.89,34.09,35.0,1205.0,330.0,583.0,319.0,2,188900.0
-117.89,34.08,35.0,1711.0,335.0,825.0,356.0,4,215600.0
-117.89,34.08,25.0,2115.0,489.0,1107.0,477.0,3,207400.0
-117.89,34.07,35.0,834.0,137.0,392.0,123.0,5,218800.0
-117.89,34.07,35.0,1439.0,261.0,804.0,271.0,4,188600.0
-117.89,34.07,32.0,2374.0,450.0,1580.0,427.0,4,200300.0
-117.89,34.01,23.0,4535.0,955.0,3881.0,930.0,4,154100.0
-117.89,33.99,22.0,3272.0,618.0,1784.0,591.0,4,211300.0
-117.89,33.98,5.0,3088.0,711.0,1415.0,641.0,3,184500.0
-117.89,33.94,20.0,3349.0,685.0,1822.0,675.0,5,227000.0
-117.89,33.92,8.0,2120.0,544.0,1281.0,470.0,3,159500.0
-117.89,33.92,17.0,2936.0,555.0,1381.0,535.0,5,190300.0
-117.89,33.92,14.0,1562.0,373.0,609.0,328.0,2,125000.0
-117.89,33.9,23.0,1533.0,226.0,693.0,230.0,8,258200.0
-117.89,33.9,16.0,1426.0,216.0,652.0,226.0,7,288700.0
-117.89,33.89,17.0,1671.0,192.0,678.0,206.0,13,467600.0
-117.89,33.88,33.0,1582.0,256.0,771.0,240.0,5,229600.0
-117.89,33.88,27.0,2091.0,336.0,1037.0,332.0,6,243400.0
-117.89,33.88,15.0,1655.0,626.0,1549.0,582.0,2,175000.0
-117.89,33.87,32.0,1133.0,216.0,693.0,228.0,3,202100.0
-117.89,33.87,25.0,1492.0,439.0,755.0,389.0,3,188200.0
-117.89,33.86,28.0,1395.0,398.0,1220.0,362.0,3,193800.0
-117.89,33.85,13.0,1583.0,474.0,1672.0,432.0,3,201300.0
-117.89,33.84,35.0,3315.0,744.0,2425.0,687.0,4,182800.0
-117.89,33.84,33.0,1587.0,374.0,1159.0,331.0,3,195100.0
-117.89,33.83,35.0,2984.0,446.0,1435.0,455.0,6,200800.0
-117.89,33.82,24.0,1268.0,210.0,700.0,224.0,5,216200.0
-117.89,33.82,21.0,1591.0,298.0,904.0,297.0,5,179100.0
-117.89,33.82,18.0,3197.0,809.0,1894.0,726.0,4,140500.0
-117.89,33.8,38.0,51.0,12.0,41.0,10.0,6,187500.0
-117.89,33.78,16.0,6352.0,1747.0,5085.0,1649.0,3,193800.0
-117.89,33.77,35.0,1799.0,343.0,1239.0,368.0,4,189600.0
-117.89,33.76,36.0,2656.0,572.0,2370.0,571.0,4,177200.0
-117.89,33.75,34.0,2753.0,654.0,3117.0,631.0,3,170100.0
-117.89,33.75,31.0,1205.0,280.0,1476.0,301.0,4,139200.0
-117.89,33.74,34.0,1759.0,353.0,2083.0,330.0,3,160600.0
-117.89,33.74,33.0,619.0,139.0,1217.0,146.0,5,154400.0
-117.89,33.74,32.0,660.0,145.0,959.0,113.0,4,159000.0
-117.89,33.74,32.0,1562.0,365.0,2145.0,347.0,3,158400.0
-117.89,33.72,25.0,4343.0,847.0,3872.0,850.0,5,197800.0
-117.89,33.72,23.0,2305.0,538.0,2493.0,502.0,4,183500.0
-117.89,33.71,24.0,4365.0,804.0,2663.0,753.0,5,233300.0
-117.89,33.71,23.0,1422.0,260.0,1092.0,263.0,5,202400.0
-117.89,33.71,16.0,1591.0,225.0,926.0,239.0,6,266300.0
-117.89,33.7,13.0,1857.0,572.0,838.0,525.0,3,129200.0
-117.89,33.68,8.0,5278.0,1575.0,2389.0,1371.0,3,181300.0
-117.89,33.68,26.0,2905.0,504.0,1452.0,491.0,5,260300.0
-117.89,33.66,33.0,3595.0,785.0,1621.0,732.0,4,265200.0
-117.89,33.66,32.0,2736.0,550.0,1279.0,534.0,6,253100.0
-117.89,33.62,24.0,1016.0,238.0,465.0,236.0,3,93800.0
-117.89,33.61,44.0,2126.0,423.0,745.0,332.0,5,500001.0
-117.89,33.61,42.0,1301.0,280.0,539.0,249.0,5,500001.0
-117.89,33.61,16.0,2413.0,559.0,656.0,423.0,6,350000.0
-117.9,34.14,35.0,2259.0,505.0,1561.0,509.0,3,155500.0
-117.9,34.14,29.0,2240.0,457.0,1187.0,407.0,4,184200.0
-117.9,34.13,5.0,1126.0,316.0,819.0,311.0,2,139800.0
-117.9,34.13,32.0,1640.0,391.0,1312.0,358.0,3,136100.0
-117.9,34.13,25.0,3076.0,856.0,2868.0,752.0,3,117600.0
-117.9,34.12,35.0,957.0,194.0,804.0,221.0,3,151400.0
-117.9,34.12,33.0,1788.0,456.0,1787.0,361.0,3,124100.0
-117.9,34.12,33.0,1555.0,361.0,1571.0,386.0,4,138200.0
-117.9,34.11,37.0,1286.0,255.0,1047.0,249.0,4,140100.0
-117.9,34.1,35.0,2739.0,475.0,1481.0,483.0,5,176600.0
-117.9,34.1,31.0,3007.0,653.0,1766.0,616.0,4,166000.0
-117.9,34.09,34.0,1562.0,272.0,825.0,266.0,4,220800.0
-117.9,34.08,32.0,5482.0,1251.0,3426.0,1117.0,3,204400.0
-117.9,34.08,32.0,2068.0,356.0,976.0,370.0,5,201200.0
-117.9,34.07,35.0,1646.0,294.0,1056.0,280.0,3,172000.0
-117.9,34.06,35.0,1313.0,194.0,599.0,209.0,8,287200.0
-117.9,34.06,34.0,2956.0,469.0,1488.0,464.0,5,268300.0
-117.9,34.06,33.0,1701.0,290.0,831.0,275.0,5,274700.0
-117.9,34.05,33.0,629.0,76.0,253.0,75.0,8,330400.0
-117.9,34.04,15.0,11989.0,2185.0,6652.0,2081.0,5,278300.0
-117.9,34.02,15.0,14058.0,2486.0,8997.0,2497.0,5,226200.0
-117.9,34.01,27.0,2383.0,472.0,2079.0,494.0,4,141400.0
-117.9,33.99,18.0,8076.0,1789.0,5325.0,1707.0,3,171900.0
-117.9,33.98,20.0,9893.0,2283.0,7228.0,2159.0,3,186700.0
-117.9,33.97,23.0,7353.0,1255.0,4014.0,1124.0,5,213200.0
-117.9,33.93,12.0,4325.0,1191.0,1897.0,1080.0,3,247400.0
-117.9,33.92,27.0,698.0,116.0,391.0,126.0,6,267600.0
-117.9,33.91,33.0,4181.0,804.0,2049.0,834.0,4,201600.0
-117.9,33.91,26.0,2885.0,476.0,1227.0,439.0,5,226600.0
-117.9,33.9,19.0,2176.0,414.0,1002.0,402.0,5,193500.0
-117.9,33.88,35.0,2062.0,353.0,991.0,357.0,5,230400.0
-117.9,33.88,34.0,1396.0,245.0,661.0,261.0,5,215400.0
-117.9,33.88,28.0,2696.0,346.0,947.0,356.0,9,375400.0
-117.9,33.87,28.0,2315.0,538.0,1360.0,504.0,3,218600.0
-117.9,33.85,35.0,1756.0,328.0,1026.0,332.0,4,193500.0
-117.9,33.85,31.0,3413.0,764.0,2326.0,728.0,4,187100.0
-117.9,33.84,31.0,2043.0,468.0,1524.0,454.0,4,187400.0
-117.9,33.83,33.0,3065.0,611.0,2204.0,606.0,4,211800.0
-117.9,33.83,23.0,2459.0,689.0,2720.0,598.0,3,164700.0
-117.9,33.82,32.0,1187.0,302.0,1003.0,275.0,2,166900.0
-117.9,33.8,27.0,2176.0,442.0,1440.0,418.0,4,212500.0
-117.9,33.8,23.0,1368.0,397.0,1940.0,358.0,3,350000.0
-117.9,33.8,22.0,2964.0,829.0,2639.0,771.0,2,157500.0
-117.9,33.8,21.0,1342.0,326.0,748.0,335.0,3,45000.0
-117.9,33.77,35.0,2002.0,378.0,1726.0,387.0,4,182300.0
-117.9,33.76,26.0,2678.0,702.0,3262.0,685.0,4,176800.0
-117.9,33.75,32.0,1893.0,431.0,2245.0,426.0,4,163000.0
-117.9,33.75,28.0,1346.0,291.0,1575.0,278.0,3,159500.0
-117.9,33.74,25.0,808.0,163.0,1066.0,189.0,5,173100.0
-117.9,33.74,24.0,2932.0,955.0,5516.0,911.0,3,111000.0
-117.9,33.74,24.0,1435.0,494.0,3171.0,504.0,3,151700.0
-117.9,33.74,19.0,1566.0,379.0,1032.0,330.0,2,180400.0
-117.9,33.74,18.0,1884.0,442.0,1915.0,442.0,2,166700.0
-117.9,33.73,32.0,2930.0,833.0,5116.0,854.0,4,164100.0
-117.9,33.73,30.0,746.0,172.0,1048.0,163.0,4,166400.0
-117.9,33.73,26.0,1324.0,314.0,1804.0,311.0,4,178500.0
-117.9,33.72,36.0,443.0,117.0,577.0,115.0,4,137500.0
-117.9,33.72,33.0,2613.0,562.0,3150.0,543.0,4,180700.0
-117.9,33.71,16.0,4208.0,630.0,2592.0,662.0,6,260500.0
-117.9,33.71,16.0,1917.0,317.0,1324.0,351.0,6,252000.0
-117.9,33.71,15.0,539.0,71.0,287.0,66.0,6,305200.0
-117.9,33.7,15.0,2289.0,686.0,982.0,634.0,5,162500.0
-117.9,33.7,12.0,4695.0,1110.0,2153.0,989.0,5,190800.0
-117.9,33.69,13.0,9947.0,1675.0,4071.0,1582.0,5,316600.0
-117.9,33.68,25.0,7060.0,1159.0,3903.0,1139.0,5,249200.0
-117.9,33.67,26.0,2507.0,393.0,1333.0,392.0,6,266100.0
-117.9,33.67,25.0,639.0,98.0,311.0,93.0,7,275900.0
-117.9,33.66,4.0,456.0,91.0,623.0,84.0,7,192600.0
-117.9,33.66,22.0,3568.0,938.0,1952.0,938.0,3,161000.0
-117.9,33.66,13.0,1642.0,423.0,841.0,368.0,4,226000.0
-117.9,33.65,30.0,1634.0,373.0,771.0,364.0,3,284100.0
-117.9,33.65,28.0,2043.0,430.0,1108.0,452.0,5,261800.0
-117.9,33.65,24.0,4496.0,877.0,1928.0,855.0,5,245500.0
-117.9,33.64,36.0,2017.0,357.0,850.0,348.0,5,310900.0
-117.9,33.64,28.0,2466.0,507.0,1081.0,465.0,4,339800.0
-117.9,33.63,32.0,3556.0,521.0,1381.0,537.0,6,450700.0
-117.9,33.63,28.0,2370.0,352.0,832.0,347.0,7,500001.0
-117.9,33.63,26.0,4486.0,554.0,1598.0,549.0,10,500001.0
-117.9,33.63,26.0,1632.0,376.0,598.0,375.0,3,455000.0
-117.9,33.61,44.0,1469.0,312.0,507.0,266.0,3,500001.0
-117.9,33.61,41.0,1521.0,328.0,527.0,275.0,4,500001.0
-117.9,33.61,19.0,2897.0,413.0,860.0,367.0,13,500001.0
-117.91,34.14,42.0,2225.0,485.0,1544.0,464.0,2,166700.0
-117.91,34.13,34.0,1540.0,328.0,1037.0,317.0,2,138500.0
-117.91,34.12,41.0,2673.0,578.0,2259.0,592.0,4,145500.0
-117.91,34.12,33.0,1391.0,309.0,1038.0,298.0,4,149500.0
-117.91,34.11,20.0,3158.0,684.0,2396.0,713.0,4,153000.0
-117.91,34.1,35.0,2746.0,478.0,1779.0,501.0,4,166700.0
-117.91,34.1,28.0,3694.0,722.0,1999.0,718.0,3,181100.0
-117.91,34.08,35.0,1443.0,266.0,861.0,262.0,4,186900.0
-117.91,34.08,33.0,2325.0,452.0,1170.0,445.0,4,217100.0
-117.91,34.07,36.0,1390.0,270.0,887.0,266.0,5,189000.0
-117.91,34.07,33.0,2938.0,561.0,1519.0,549.0,5,204200.0
-117.91,34.06,29.0,3250.0,521.0,1382.0,513.0,5,218300.0
-117.91,34.05,35.0,3189.0,527.0,1727.0,500.0,5,211100.0
-117.91,34.04,15.0,8749.0,1761.0,5278.0,1691.0,5,168800.0
-117.91,34.02,22.0,6269.0,1279.0,5587.0,1251.0,4,136200.0
-117.91,34.02,17.0,5973.0,1384.0,4349.0,1229.0,3,199300.0
-117.91,33.93,21.0,2578.0,363.0,1207.0,350.0,6,291700.0
-117.91,33.92,21.0,380.0,91.0,398.0,70.0,5,208300.0
-117.91,33.91,34.0,1763.0,303.0,894.0,297.0,5,221700.0
-117.91,33.91,32.0,1530.0,301.0,666.0,276.0,4,230200.0
-117.91,33.91,27.0,2181.0,501.0,1555.0,488.0,4,196400.0
-117.91,33.91,24.0,2249.0,379.0,1015.0,385.0,5,267100.0
-117.91,33.9,27.0,829.0,114.0,383.0,133.0,9,293500.0
-117.91,33.89,30.0,1631.0,212.0,523.0,216.0,8,351900.0
-117.91,33.87,52.0,2031.0,506.0,1191.0,463.0,3,177300.0
-117.91,33.86,26.0,2296.0,570.0,1415.0,527.0,2,165800.0
-117.91,33.85,35.0,932.0,258.0,1147.0,267.0,3,156700.0
-117.91,33.85,22.0,1178.0,289.0,865.0,294.0,3,180000.0
-117.91,33.84,35.0,1244.0,324.0,1603.0,322.0,3,175400.0
-117.91,33.84,29.0,1570.0,482.0,1849.0,430.0,3,162500.0
-117.91,33.83,9.0,1160.0,368.0,735.0,325.0,1,175000.0
-117.91,33.83,47.0,504.0,113.0,375.0,109.0,4,160600.0
-117.91,33.83,32.0,1855.0,527.0,2568.0,504.0,3,170800.0
-117.91,33.81,18.0,1181.0,353.0,781.0,340.0,3,153100.0
-117.91,33.79,22.0,4417.0,1054.0,2759.0,983.0,4,170300.0
-117.91,33.78,33.0,2729.0,549.0,2223.0,535.0,4,177900.0
-117.91,33.78,26.0,4297.0,1037.0,3596.0,967.0,3,184000.0
-117.91,33.77,26.0,5556.0,1398.0,4545.0,1333.0,3,190400.0
-117.91,33.76,22.0,7531.0,1569.0,5254.0,1523.0,4,167400.0
-117.91,33.76,20.0,4413.0,1189.0,4818.0,1063.0,3,215100.0
-117.91,33.75,8.0,2346.0,679.0,3842.0,674.0,3,160000.0
-117.91,33.74,25.0,4273.0,965.0,2946.0,922.0,3,183200.0
-117.91,33.74,15.0,715.0,214.0,1394.0,244.0,3,162500.0
-117.91,33.73,26.0,2413.0,512.0,2867.0,509.0,5,179900.0
-117.91,33.72,32.0,2436.0,504.0,2839.0,516.0,5,182100.0
-117.91,33.71,16.0,3113.0,783.0,1719.0,715.0,4,145700.0
-117.91,33.69,30.0,2704.0,426.0,1289.0,423.0,5,229500.0
-117.91,33.67,32.0,3058.0,562.0,1475.0,569.0,4,253500.0
-117.91,33.67,16.0,7961.0,2276.0,5014.0,2116.0,4,218400.0
-117.91,33.66,21.0,1708.0,505.0,1099.0,434.0,3,193800.0
-117.91,33.65,24.0,1494.0,494.0,814.0,459.0,2,181300.0
-117.91,33.65,19.0,1589.0,421.0,1118.0,394.0,4,213400.0
-117.91,33.65,14.0,2598.0,759.0,1584.0,703.0,4,180900.0
-117.91,33.64,40.0,1958.0,333.0,876.0,364.0,4,326100.0
-117.91,33.64,38.0,2222.0,542.0,1067.0,512.0,3,307600.0
-117.91,33.64,37.0,1998.0,472.0,1030.0,436.0,4,268400.0
-117.91,33.64,29.0,1652.0,310.0,832.0,326.0,5,325400.0
-117.91,33.63,32.0,1901.0,400.0,946.0,418.0,3,311100.0
-117.91,33.63,32.0,1122.0,233.0,557.0,223.0,4,407000.0
-117.91,33.63,30.0,2071.0,412.0,1081.0,412.0,5,335700.0
-117.91,33.63,20.0,3442.0,1526.0,1427.0,977.0,3,106300.0
-117.91,33.62,35.0,2426.0,359.0,937.0,387.0,9,500001.0
-117.91,33.62,32.0,1997.0,427.0,944.0,426.0,4,500001.0
-117.91,33.61,40.0,2790.0,531.0,952.0,424.0,5,500001.0
-117.91,33.61,38.0,1232.0,178.0,410.0,171.0,11,500001.0
-117.91,33.61,36.0,3082.0,455.0,771.0,365.0,11,500001.0
-117.91,33.61,27.0,1797.0,343.0,435.0,203.0,6,500001.0
-117.92,34.59,7.0,681.0,125.0,485.0,104.0,3,125600.0
-117.92,34.13,42.0,1762.0,398.0,1526.0,365.0,3,132600.0
-117.92,34.11,24.0,2838.0,695.0,2151.0,645.0,3,126200.0
-117.92,34.1,35.0,2994.0,603.0,1933.0,561.0,4,160700.0
-117.92,34.1,33.0,1921.0,397.0,1492.0,393.0,4,150500.0
-117.92,34.09,35.0,1810.0,318.0,1164.0,332.0,5,165700.0
-117.92,34.08,36.0,1479.0,251.0,741.0,245.0,4,189600.0
-117.92,34.08,36.0,1285.0,228.0,679.0,231.0,4,191900.0
-117.92,34.08,35.0,2108.0,408.0,1257.0,414.0,4,185200.0
-117.92,34.08,35.0,1897.0,311.0,965.0,323.0,6,199400.0
-117.92,34.08,35.0,1860.0,323.0,1011.0,305.0,4,207000.0
-117.92,34.07,38.0,175.0,22.0,129.0,20.0,10,182500.0
-117.92,34.07,36.0,1057.0,207.0,658.0,207.0,5,191700.0
-117.92,34.07,29.0,1699.0,399.0,1052.0,411.0,3,195500.0
-117.92,34.06,35.0,2894.0,467.0,1420.0,479.0,5,224900.0
-117.92,34.06,34.0,2819.0,609.0,1718.0,558.0,4,197600.0
-117.92,34.05,36.0,2241.0,419.0,1743.0,448.0,5,161900.0
-117.92,34.03,35.0,1469.0,306.0,1285.0,308.0,4,159500.0
-117.92,34.03,32.0,1819.0,375.0,1728.0,375.0,4,162400.0
-117.92,34.01,35.0,3055.0,634.0,3738.0,615.0,3,127200.0
-117.92,34.0,36.0,116.0,30.0,193.0,35.0,4,136300.0
-117.92,33.98,10.0,16414.0,2919.0,8907.0,2714.0,6,362500.0
-117.92,33.94,30.0,2506.0,394.0,1255.0,421.0,5,198200.0
-117.92,33.94,27.0,4566.0,620.0,2045.0,664.0,6,267700.0
-117.92,33.93,12.0,4415.0,890.0,1532.0,854.0,4,166300.0
-117.92,33.92,19.0,2181.0,400.0,1272.0,337.0,5,302100.0
-117.92,33.91,33.0,2868.0,382.0,1204.0,412.0,6,336900.0
-117.92,33.91,27.0,2558.0,310.0,891.0,316.0,10,411800.0
-117.92,33.89,18.0,2895.0,487.0,1116.0,429.0,5,400000.0
-117.92,33.89,12.0,1859.0,393.0,622.0,316.0,5,161800.0
-117.92,33.88,52.0,1270.0,276.0,609.0,211.0,4,232500.0
-117.92,33.88,32.0,1683.0,273.0,719.0,263.0,5,243600.0
-117.92,33.88,32.0,1632.0,244.0,575.0,235.0,5,318700.0
-117.92,33.87,36.0,1125.0,285.0,966.0,257.0,3,162500.0
-117.92,33.87,33.0,1597.0,406.0,1888.0,423.0,3,157800.0
-117.92,33.86,26.0,745.0,161.0,247.0,151.0,4,133900.0
-117.92,33.85,44.0,1231.0,258.0,682.0,244.0,3,170100.0
-117.92,33.84,45.0,2019.0,394.0,1549.0,377.0,5,223000.0
-117.92,33.84,38.0,1316.0,263.0,671.0,278.0,3,220000.0
-117.92,33.83,6.0,3136.0,990.0,1894.0,859.0,3,171300.0
-117.92,33.83,52.0,1514.0,301.0,855.0,293.0,4,166400.0
-117.92,33.83,36.0,1072.0,193.0,639.0,196.0,5,179300.0
-117.92,33.83,17.0,382.0,86.0,272.0,81.0,1,212500.0
-117.92,33.82,36.0,2360.0,405.0,1479.0,386.0,4,187200.0
-117.92,33.82,10.0,1548.0,506.0,1535.0,424.0,5,152400.0
-117.92,33.81,34.0,988.0,173.0,759.0,184.0,6,205100.0
-117.92,33.8,17.0,1317.0,256.0,679.0,272.0,5,159500.0
-117.92,33.79,29.0,3692.0,969.0,2683.0,881.0,3,198700.0
-117.92,33.79,26.0,2737.0,614.0,1877.0,606.0,3,184300.0
-117.92,33.78,35.0,1654.0,323.0,1065.0,354.0,3,186500.0
-117.92,33.77,28.0,3614.0,960.0,3282.0,889.0,4,190300.0
-117.92,33.75,32.0,790.0,199.0,1196.0,201.0,3,142800.0
-117.92,33.75,23.0,893.0,223.0,1149.0,216.0,3,156300.0
-117.92,33.75,19.0,1920.0,471.0,1413.0,432.0,4,147500.0
-117.92,33.74,24.0,5321.0,1063.0,4011.0,1047.0,4,189300.0
-117.92,33.74,18.0,1639.0,491.0,2513.0,458.0,2,159700.0
-117.92,33.74,13.0,4620.0,1265.0,3385.0,1109.0,3,186500.0
-117.92,33.73,14.0,5147.0,1182.0,3171.0,1126.0,4,225800.0
-117.92,33.72,17.0,3318.0,502.0,1520.0,498.0,6,274200.0
-117.92,33.7,15.0,3201.0,677.0,1510.0,622.0,4,161700.0
-117.92,33.68,28.0,3397.0,597.0,1397.0,560.0,5,244600.0
-117.92,33.68,25.0,2017.0,454.0,1024.0,428.0,4,245600.0
-117.92,33.67,14.0,6224.0,1679.0,3148.0,1589.0,4,430900.0
-117.92,33.65,25.0,1679.0,470.0,1314.0,473.0,4,211500.0
-117.92,33.65,20.0,1391.0,393.0,856.0,360.0,3,220000.0
-117.92,33.65,15.0,1309.0,477.0,1330.0,424.0,3,182500.0
-117.92,33.64,25.0,2224.0,580.0,985.0,516.0,3,268800.0
-117.92,33.64,24.0,2539.0,695.0,1623.0,611.0,3,188700.0
-117.92,33.63,39.0,1469.0,226.0,553.0,225.0,8,490800.0
-117.92,33.63,34.0,2479.0,491.0,1131.0,490.0,5,317900.0
-117.92,33.63,24.0,1562.0,441.0,696.0,347.0,4,236400.0
-117.92,33.62,37.0,2038.0,379.0,837.0,381.0,5,471300.0
-117.92,33.62,35.0,1821.0,335.0,727.0,316.0,7,458500.0
-117.92,33.61,37.0,1244.0,173.0,394.0,154.0,10,500001.0
-117.92,33.61,36.0,1025.0,150.0,316.0,126.0,10,500001.0
-117.92,33.61,23.0,1808.0,408.0,539.0,300.0,4,500001.0
-117.92,33.61,18.0,1538.0,425.0,425.0,288.0,5,312500.0
-117.92,33.57,37.0,3355.0,492.0,921.0,366.0,7,500001.0
-117.93,34.57,5.0,5613.0,1060.0,3569.0,999.0,3,132700.0
-117.93,34.15,14.0,9610.0,2005.0,4723.0,1907.0,4,156800.0
-117.93,34.12,36.0,294.0,67.0,266.0,80.0,4,134400.0
-117.93,34.09,35.0,782.0,153.0,499.0,163.0,4,161300.0
-117.93,34.09,35.0,1891.0,353.0,1093.0,382.0,4,165500.0
-117.93,34.09,34.0,2192.0,431.0,1376.0,428.0,4,163900.0
-117.93,34.08,36.0,1788.0,317.0,1139.0,320.0,4,185800.0
-117.93,34.08,36.0,1597.0,285.0,901.0,272.0,4,197000.0
-117.93,34.08,36.0,1371.0,246.0,806.0,241.0,5,187100.0
-117.93,34.08,35.0,689.0,128.0,379.0,128.0,4,206000.0
-117.93,34.07,36.0,1207.0,209.0,683.0,213.0,5,207300.0
-117.93,34.07,34.0,1409.0,305.0,819.0,273.0,3,188800.0
-117.93,34.06,37.0,1505.0,262.0,798.0,259.0,5,202100.0
-117.93,34.06,28.0,3342.0,688.0,2210.0,647.0,3,202800.0
-117.93,34.05,36.0,1340.0,221.0,848.0,244.0,4,205100.0
-117.93,34.05,32.0,3055.0,623.0,1902.0,565.0,4,190700.0
-117.93,34.04,23.0,6361.0,1168.0,4580.0,1109.0,5,181000.0
-117.93,34.03,35.0,2160.0,399.0,1694.0,403.0,4,163100.0
-117.93,34.03,30.0,2246.0,446.0,1837.0,431.0,5,164500.0
-117.93,34.01,33.0,1733.0,361.0,1757.0,375.0,4,153800.0
-117.93,34.01,23.0,3188.0,836.0,3883.0,840.0,2,157600.0
-117.93,33.95,31.0,3600.0,468.0,1382.0,435.0,7,500001.0
-117.93,33.94,30.0,2658.0,382.0,1135.0,392.0,6,245000.0
-117.93,33.94,28.0,3664.0,719.0,1820.0,657.0,4,224700.0
-117.93,33.93,37.0,1128.0,273.0,931.0,234.0,3,137500.0
-117.93,33.93,33.0,1626.0,378.0,1062.0,356.0,2,139600.0
-117.93,33.9,30.0,2629.0,331.0,956.0,319.0,10,500001.0
-117.93,33.88,52.0,2157.0,362.0,1001.0,373.0,5,240000.0
-117.93,33.88,45.0,1306.0,293.0,585.0,260.0,4,241700.0
-117.93,33.88,32.0,2458.0,359.0,967.0,409.0,7,293500.0
-117.93,33.87,52.0,950.0,229.0,429.0,185.0,2,182100.0
-117.93,33.87,45.0,1006.0,230.0,1237.0,237.0,3,168000.0
-117.93,33.87,29.0,1221.0,371.0,1822.0,326.0,2,162500.0
-117.93,33.87,10.0,1277.0,488.0,730.0,417.0,1,137500.0
-117.93,33.86,36.0,931.0,279.0,778.0,303.0,3,155000.0
-117.93,33.86,36.0,1672.0,318.0,1173.0,337.0,5,182100.0
-117.93,33.86,35.0,1216.0,225.0,893.0,228.0,4,184000.0
-117.93,33.86,17.0,1627.0,398.0,1216.0,369.0,3,186600.0
-117.93,33.85,36.0,2147.0,416.0,1011.0,392.0,3,196900.0
-117.93,33.85,33.0,2489.0,546.0,1857.0,444.0,3,178400.0
-117.93,33.85,31.0,2149.0,465.0,966.0,302.0,4,183900.0
-117.93,33.85,27.0,1962.0,544.0,1492.0,481.0,2,118100.0
-117.93,33.85,25.0,1026.0,288.0,1646.0,283.0,4,163900.0
-117.93,33.84,34.0,2160.0,298.0,852.0,305.0,6,287100.0
-117.93,33.84,26.0,2811.0,612.0,1374.0,566.0,3,282500.0
-117.93,33.84,23.0,2870.0,653.0,1680.0,598.0,3,189900.0
-117.93,33.83,32.0,1792.0,411.0,1131.0,381.0,2,186300.0
-117.93,33.82,28.0,2444.0,555.0,1848.0,567.0,3,198800.0
-117.93,33.81,18.0,3291.0,587.0,1640.0,563.0,5,166300.0
-117.93,33.8,34.0,3903.0,717.0,2054.0,716.0,4,218000.0
-117.93,33.8,29.0,1672.0,267.0,891.0,281.0,5,231900.0
-117.93,33.79,36.0,2363.0,403.0,1240.0,391.0,4,190800.0
-117.93,33.79,34.0,3592.0,616.0,2138.0,605.0,5,193400.0
-117.93,33.77,36.0,3157.0,582.0,1842.0,561.0,5,190700.0
-117.93,33.76,24.0,3202.0,703.0,3308.0,714.0,4,174100.0
-117.93,33.76,21.0,2884.0,662.0,2613.0,645.0,4,177900.0
-117.93,33.76,17.0,3341.0,803.0,3381.0,825.0,3,161800.0
-117.93,33.75,24.0,1380.0,339.0,1472.0,304.0,4,162800.0
-117.93,33.74,5.0,639.0,197.0,666.0,197.0,3,87500.0
-117.93,33.74,30.0,1654.0,434.0,1843.0,467.0,3,153000.0
-117.93,33.74,15.0,1206.0,282.0,677.0,270.0,4,142600.0
-117.93,33.73,19.0,4021.0,557.0,1872.0,545.0,7,295600.0
-117.93,33.72,17.0,4461.0,585.0,2095.0,580.0,8,319500.0
-117.93,33.69,26.0,2822.0,473.0,1258.0,469.0,6,261000.0
-117.93,33.69,19.0,2602.0,439.0,1156.0,424.0,5,263800.0
-117.93,33.67,27.0,3512.0,472.0,1391.0,481.0,8,336500.0
-117.93,33.66,18.0,2043.0,250.0,702.0,246.0,10,414700.0
-117.93,33.65,35.0,2133.0,413.0,1473.0,402.0,4,215200.0
-117.93,33.65,34.0,2141.0,425.0,1559.0,429.0,4,220100.0
-117.93,33.65,29.0,1253.0,375.0,1198.0,362.0,4,225000.0
-117.93,33.65,27.0,1283.0,406.0,1063.0,376.0,3,275000.0
-117.93,33.65,26.0,5831.0,1546.0,4738.0,1477.0,3,213000.0
-117.93,33.64,31.0,1291.0,356.0,1252.0,373.0,3,185400.0
-117.93,33.64,24.0,1395.0,396.0,1478.0,404.0,3,192900.0
-117.93,33.64,15.0,1707.0,514.0,1335.0,434.0,3,177800.0
-117.93,33.63,10.0,2766.0,732.0,1332.0,646.0,5,226300.0
-117.93,33.62,37.0,2204.0,428.0,807.0,410.0,7,500001.0
-117.93,33.62,34.0,2125.0,498.0,1052.0,468.0,6,484600.0
-117.93,33.62,33.0,1890.0,416.0,859.0,329.0,5,500001.0
-117.93,33.61,27.0,1806.0,465.0,791.0,358.0,4,366700.0
-117.94,34.15,33.0,859.0,144.0,421.0,138.0,4,220100.0
-117.94,34.14,33.0,1620.0,283.0,868.0,275.0,5,219400.0
-117.94,34.1,31.0,1239.0,254.0,929.0,244.0,3,153400.0
-117.94,34.09,21.0,2707.0,675.0,1742.0,626.0,2,176700.0
-117.94,34.08,35.0,2393.0,417.0,1336.0,418.0,5,187700.0
-117.94,34.08,32.0,2704.0,514.0,1669.0,497.0,4,195400.0
-117.94,34.07,25.0,1814.0,404.0,1187.0,363.0,3,170800.0
-117.94,34.06,34.0,1921.0,422.0,1230.0,447.0,4,193900.0
-117.94,34.05,34.0,1729.0,324.0,1341.0,324.0,4,163500.0
-117.94,34.05,34.0,1519.0,304.0,1262.0,300.0,3,161200.0
-117.94,34.04,34.0,1403.0,274.0,977.0,257.0,4,163000.0
-117.94,34.04,33.0,1493.0,331.0,1571.0,354.0,4,158900.0
-117.94,34.03,35.0,1499.0,289.0,1112.0,268.0,4,149000.0
-117.94,34.03,35.0,1375.0,249.0,1015.0,239.0,4,151800.0
-117.94,34.02,27.0,5026.0,955.0,3899.0,930.0,4,162900.0
-117.94,33.99,18.0,6100.0,1018.0,3112.0,982.0,5,284000.0
-117.94,33.94,30.0,1596.0,307.0,845.0,309.0,5,241100.0
-117.94,33.94,25.0,3250.0,546.0,1452.0,501.0,5,303800.0
-117.94,33.93,34.0,1475.0,319.0,698.0,293.0,4,186000.0
-117.94,33.92,32.0,1053.0,207.0,1038.0,222.0,5,165500.0
-117.94,33.91,18.0,8836.0,1527.0,3946.0,1451.0,6,313000.0
-117.94,33.9,27.0,2029.0,242.0,711.0,254.0,10,500001.0
-117.94,33.89,30.0,2577.0,404.0,1076.0,374.0,7,459600.0
-117.94,33.88,35.0,2159.0,343.0,833.0,335.0,5,365100.0
-117.94,33.88,35.0,1694.0,296.0,679.0,282.0,4,239300.0
-117.94,33.86,35.0,2127.0,417.0,1247.0,378.0,5,185600.0
-117.94,33.86,33.0,1013.0,312.0,706.0,266.0,2,197500.0
-117.94,33.85,37.0,588.0,121.0,436.0,104.0,4,186200.0
-117.94,33.84,28.0,604.0,207.0,615.0,212.0,4,182100.0
-117.94,33.83,20.0,812.0,192.0,494.0,172.0,3,350000.0
-117.94,33.82,34.0,1347.0,212.0,676.0,201.0,4,215400.0
-117.94,33.82,29.0,1422.0,409.0,1057.0,390.0,2,208100.0
-117.94,33.82,27.0,1366.0,326.0,878.0,325.0,3,196900.0
-117.94,33.82,24.0,4735.0,955.0,2600.0,868.0,5,228600.0
-117.94,33.81,34.0,1290.0,203.0,664.0,204.0,6,227400.0
-117.94,33.81,33.0,1891.0,334.0,932.0,343.0,4,238000.0
-117.94,33.81,26.0,1589.0,259.0,735.0,315.0,5,243200.0
-117.94,33.81,25.0,1731.0,482.0,1127.0,455.0,3,214300.0
-117.94,33.78,40.0,299.0,68.0,163.0,70.0,3,166100.0
-117.94,33.78,34.0,2627.0,468.0,1409.0,450.0,5,199200.0
-117.94,33.78,11.0,2880.0,745.0,1806.0,722.0,4,171100.0
-117.94,33.77,33.0,2964.0,747.0,2235.0,718.0,3,175900.0
-117.94,33.77,32.0,714.0,142.0,654.0,154.0,5,170800.0
-117.94,33.76,33.0,1441.0,337.0,1233.0,331.0,4,176200.0
-117.94,33.76,27.0,2512.0,506.0,1861.0,511.0,4,184200.0
-117.94,33.75,30.0,5268.0,1093.0,4480.0,1050.0,4,186700.0
-117.94,33.74,24.0,4248.0,840.0,3118.0,798.0,4,207200.0
-117.94,33.71,18.0,3695.0,602.0,1779.0,572.0,6,276500.0
-117.94,33.68,26.0,4183.0,539.0,1504.0,520.0,7,374200.0
-117.94,33.67,26.0,2552.0,314.0,925.0,323.0,8,367000.0
-117.94,33.66,16.0,2095.0,450.0,963.0,411.0,6,224100.0
-117.94,33.65,20.0,5476.0,1073.0,2327.0,963.0,6,222100.0
-117.94,33.65,15.0,2016.0,443.0,1015.0,419.0,5,209700.0
-117.94,33.64,24.0,1097.0,307.0,470.0,333.0,2,225000.0
-117.94,33.64,18.0,1867.0,426.0,871.0,399.0,3,272000.0
-117.94,33.62,28.0,1765.0,390.0,832.0,349.0,7,439100.0
-117.95,35.13,4.0,2630.0,502.0,1150.0,422.0,4,104400.0
-117.95,34.16,17.0,7116.0,1089.0,3538.0,1083.0,6,273800.0
-117.95,34.11,29.0,1986.0,448.0,2013.0,432.0,3,140800.0
-117.95,34.09,21.0,2215.0,484.0,1792.0,419.0,3,166500.0
-117.95,34.09,18.0,1179.0,324.0,1296.0,331.0,3,140600.0
-117.95,34.08,34.0,2278.0,476.0,1728.0,448.0,3,154100.0
-117.95,34.07,37.0,1987.0,399.0,1279.0,378.0,4,176500.0
-117.95,34.06,32.0,2252.0,415.0,1370.0,411.0,5,184800.0
-117.95,34.05,34.0,1428.0,227.0,890.0,249.0,6,204800.0
-117.95,34.05,31.0,2349.0,539.0,2028.0,521.0,3,154500.0
-117.95,34.04,36.0,1044.0,200.0,982.0,205.0,5,153900.0
-117.95,34.04,27.0,2610.0,846.0,2296.0,750.0,2,150800.0
-117.95,34.03,35.0,804.0,159.0,727.0,179.0,3,145700.0
-117.95,34.03,33.0,1782.0,394.0,1517.0,376.0,3,157900.0
-117.95,34.03,33.0,1453.0,326.0,1609.0,319.0,4,155800.0
-117.95,34.02,22.0,1919.0,411.0,1203.0,363.0,4,144100.0
-117.95,34.02,19.0,1129.0,258.0,900.0,228.0,4,135600.0
-117.95,34.0,34.0,2376.0,468.0,1858.0,449.0,4,176300.0
-117.95,33.99,25.0,1075.0,138.0,451.0,132.0,7,332200.0
-117.95,33.99,24.0,1219.0,177.0,610.0,185.0,7,325000.0
-117.95,33.99,15.0,3978.0,692.0,2418.0,665.0,5,269900.0
-117.95,33.98,15.0,16042.0,2602.0,7732.0,2552.0,6,330400.0
-117.95,33.97,33.0,1113.0,145.0,424.0,137.0,8,500001.0
-117.95,33.95,29.0,4943.0,674.0,1913.0,641.0,7,379300.0
-117.95,33.94,31.0,2237.0,431.0,1135.0,434.0,4,267900.0
-117.95,33.94,28.0,2851.0,496.0,1287.0,496.0,5,264100.0
-117.95,33.93,25.0,3445.0,801.0,2400.0,750.0,3,161900.0
-117.95,33.92,32.0,1661.0,312.0,1201.0,302.0,4,178200.0
-117.95,33.92,18.0,2825.0,660.0,1590.0,643.0,4,153600.0
-117.95,33.92,13.0,2312.0,592.0,2038.0,559.0,3,137000.0
-117.95,33.92,11.0,3127.0,706.0,1594.0,694.0,4,141300.0
-117.95,33.89,17.0,1665.0,247.0,755.0,254.0,7,349000.0
-117.95,33.88,34.0,1939.0,355.0,817.0,314.0,4,275000.0
-117.95,33.87,34.0,1599.0,296.0,938.0,307.0,4,184900.0
-117.95,33.87,22.0,1432.0,335.0,746.0,296.0,2,55000.0
-117.95,33.86,36.0,2038.0,343.0,1066.0,346.0,5,195700.0
-117.95,33.86,35.0,2375.0,439.0,1343.0,424.0,5,193500.0
-117.95,33.85,13.0,6963.0,1426.0,3892.0,1375.0,4,203500.0
-117.95,33.84,34.0,1229.0,215.0,1035.0,218.0,4,180000.0
-117.95,33.84,19.0,1749.0,406.0,969.0,391.0,4,173400.0
-117.95,33.84,18.0,3418.0,815.0,1961.0,773.0,4,171400.0
-117.95,33.83,36.0,1380.0,237.0,690.0,234.0,4,210900.0
-117.95,33.83,35.0,1107.0,207.0,641.0,210.0,5,216700.0
-117.95,33.83,31.0,2421.0,389.0,1348.0,413.0,5,217800.0
-117.95,33.82,35.0,1117.0,181.0,496.0,168.0,4,224700.0
-117.95,33.82,35.0,1068.0,190.0,514.0,174.0,4,208700.0
-117.95,33.82,29.0,2929.0,640.0,1618.0,584.0,4,213200.0
-117.95,33.81,33.0,1724.0,291.0,943.0,285.0,5,195200.0
-117.95,33.81,24.0,2749.0,498.0,1367.0,460.0,4,240700.0
-117.95,33.8,34.0,1654.0,285.0,905.0,292.0,5,214600.0
-117.95,33.79,34.0,2584.0,408.0,1233.0,405.0,6,218300.0
-117.95,33.78,9.0,3553.0,1035.0,2017.0,986.0,3,133800.0
-117.95,33.78,32.0,2296.0,560.0,1376.0,532.0,4,188500.0
-117.95,33.78,26.0,4115.0,883.0,2184.0,825.0,4,191000.0
-117.95,33.77,38.0,989.0,246.0,691.0,204.0,3,180900.0
-117.95,33.77,38.0,1476.0,308.0,1114.0,309.0,4,181800.0
-117.95,33.76,29.0,1829.0,366.0,1703.0,343.0,4,188000.0
-117.95,33.75,24.0,2027.0,358.0,1405.0,341.0,5,231400.0
-117.95,33.75,19.0,1983.0,283.0,1098.0,275.0,7,276100.0
-117.95,33.74,25.0,1393.0,243.0,976.0,245.0,5,225200.0
-117.95,33.74,21.0,3576.0,554.0,1846.0,538.0,6,271900.0
-117.95,33.74,16.0,2768.0,600.0,1182.0,563.0,4,201200.0
-117.95,33.72,21.0,3107.0,483.0,1688.0,503.0,6,288000.0
-117.95,33.71,20.0,2781.0,407.0,1242.0,408.0,6,306500.0
-117.95,33.71,16.0,6058.0,1715.0,3285.0,1495.0,3,290900.0
-117.95,33.7,17.0,5781.0,924.0,2585.0,915.0,5,231900.0
-117.95,33.69,26.0,1417.0,264.0,817.0,261.0,5,230400.0
-117.95,33.69,24.0,4269.0,618.0,1954.0,597.0,7,284600.0
-117.95,33.68,27.0,1732.0,303.0,1115.0,308.0,6,239200.0
-117.95,33.68,26.0,2249.0,344.0,1311.0,373.0,5,265000.0
-117.95,33.68,19.0,1028.0,191.0,340.0,159.0,4,252800.0
-117.95,33.67,25.0,1799.0,233.0,810.0,265.0,8,372400.0
-117.95,33.67,25.0,1611.0,383.0,554.0,327.0,3,137300.0
-117.95,33.66,26.0,1787.0,227.0,639.0,224.0,7,329800.0
-117.95,33.66,22.0,2785.0,441.0,1086.0,392.0,7,337400.0
-117.95,33.63,29.0,1496.0,282.0,463.0,215.0,6,500001.0
-117.95,33.63,27.0,891.0,183.0,513.0,171.0,6,381500.0
-117.95,33.63,17.0,6745.0,1547.0,2688.0,1535.0,4,271600.0
-117.96,34.71,32.0,3511.0,646.0,1733.0,510.0,3,123900.0
-117.96,34.48,32.0,1896.0,342.0,806.0,299.0,5,159400.0
-117.96,34.14,33.0,1994.0,405.0,993.0,403.0,4,163900.0
-117.96,34.14,27.0,2221.0,542.0,1328.0,523.0,3,151700.0
-117.96,34.1,35.0,4036.0,904.0,3878.0,846.0,3,141600.0
-117.96,34.1,30.0,2775.0,657.0,2847.0,642.0,3,141800.0
-117.96,34.09,6.0,1954.0,534.0,1584.0,496.0,3,131000.0
-117.96,34.09,30.0,2686.0,613.0,2477.0,573.0,3,160800.0
-117.96,34.08,39.0,1076.0,338.0,1242.0,332.0,2,151800.0
-117.96,34.08,33.0,4151.0,850.0,3563.0,848.0,3,159900.0
-117.96,34.08,28.0,2831.0,552.0,2330.0,557.0,4,173100.0
-117.96,34.07,35.0,2819.0,529.0,1508.0,485.0,5,191700.0
-117.96,34.07,32.0,2910.0,709.0,2583.0,670.0,4,158400.0
-117.96,34.06,34.0,2226.0,381.0,1464.0,365.0,4,183200.0
-117.96,34.06,31.0,2017.0,462.0,1462.0,457.0,2,167300.0
-117.96,34.05,36.0,1475.0,270.0,1149.0,284.0,3,158600.0
-117.96,34.05,35.0,1254.0,263.0,1092.0,268.0,5,163100.0
-117.96,34.05,32.0,1993.0,388.0,1385.0,380.0,4,181900.0
-117.96,34.04,35.0,1141.0,212.0,924.0,212.0,3,148300.0
-117.96,34.04,34.0,1381.0,265.0,1020.0,268.0,4,146900.0
-117.96,34.04,33.0,1458.0,268.0,1115.0,257.0,5,158100.0
-117.96,34.03,35.0,2093.0,407.0,1755.0,403.0,3,150400.0
-117.96,34.03,35.0,1623.0,331.0,1462.0,312.0,4,152600.0
-117.96,34.02,33.0,349.0,124.0,460.0,83.0,2,133300.0
-117.96,34.0,34.0,2777.0,540.0,1954.0,522.0,5,183800.0
-117.96,33.99,25.0,2799.0,388.0,1348.0,389.0,6,311100.0
-117.96,33.99,25.0,1348.0,210.0,660.0,200.0,5,297600.0
-117.96,33.94,34.0,2228.0,399.0,1159.0,378.0,5,228900.0
-117.96,33.94,31.0,2397.0,518.0,1407.0,476.0,3,185200.0
-117.96,33.93,31.0,1471.0,321.0,841.0,330.0,3,232800.0
-117.96,33.93,29.0,2316.0,522.0,1275.0,501.0,4,192600.0
-117.96,33.93,15.0,2014.0,419.0,839.0,390.0,5,175400.0
-117.96,33.92,18.0,3744.0,1027.0,1654.0,912.0,3,215000.0
-117.96,33.9,9.0,1899.0,284.0,1070.0,293.0,7,381500.0
-117.96,33.9,10.0,2423.0,356.0,1213.0,347.0,7,346900.0
-117.96,33.89,24.0,1332.0,252.0,625.0,230.0,4,334100.0
-117.96,33.88,25.0,3578.0,461.0,1588.0,466.0,6,341300.0
-117.96,33.87,35.0,1972.0,367.0,1152.0,356.0,4,187500.0
-117.96,33.87,27.0,890.0,289.0,416.0,200.0,3,167500.0
-117.96,33.86,35.0,2181.0,371.0,1249.0,358.0,4,183200.0
-117.96,33.86,35.0,2146.0,430.0,1230.0,429.0,4,184900.0
-117.96,33.86,32.0,2366.0,505.0,1283.0,477.0,3,190000.0
-117.96,33.85,36.0,1951.0,365.0,1254.0,358.0,5,185700.0
-117.96,33.85,35.0,1175.0,191.0,568.0,186.0,4,189200.0
-117.96,33.84,31.0,2265.0,537.0,1617.0,507.0,3,186300.0
-117.96,33.83,34.0,982.0,148.0,498.0,156.0,6,220800.0
-117.96,33.83,29.0,1194.0,176.0,474.0,170.0,6,298900.0
-117.96,33.83,18.0,2067.0,770.0,870.0,541.0,3,137500.0
-117.96,33.82,32.0,2856.0,622.0,1499.0,601.0,4,183400.0
-117.96,33.82,32.0,2726.0,556.0,1513.0,531.0,4,197400.0
-117.96,33.82,29.0,2176.0,468.0,1632.0,428.0,4,180400.0
-117.96,33.81,35.0,1996.0,326.0,1409.0,330.0,5,180000.0
-117.96,33.81,35.0,1153.0,192.0,884.0,208.0,5,177400.0
-117.96,33.81,34.0,1941.0,356.0,1021.0,339.0,4,183900.0
-117.96,33.81,34.0,1416.0,277.0,980.0,284.0,5,182500.0
-117.96,33.8,35.0,1493.0,267.0,811.0,272.0,5,218000.0
-117.96,33.8,33.0,2362.0,394.0,1185.0,387.0,4,188400.0
-117.96,33.8,30.0,729.0,131.0,488.0,139.0,5,195200.0
-117.96,33.79,36.0,2398.0,403.0,1261.0,402.0,5,221800.0
-117.96,33.78,35.0,1330.0,201.0,658.0,217.0,6,229200.0
-117.96,33.78,33.0,1520.0,239.0,658.0,242.0,5,269300.0
-117.96,33.78,26.0,2136.0,557.0,1528.0,537.0,2,236100.0
-117.96,33.77,32.0,4398.0,905.0,2777.0,884.0,4,222800.0
-117.96,33.76,24.0,1328.0,290.0,1012.0,306.0,4,189500.0
-117.96,33.76,22.0,2520.0,556.0,2126.0,527.0,4,193900.0
-117.96,33.75,25.0,1323.0,208.0,852.0,229.0,5,237300.0
-117.96,33.75,22.0,2300.0,539.0,1625.0,542.0,3,196300.0
-117.96,33.75,14.0,2509.0,611.0,1814.0,547.0,3,176100.0
-117.96,33.74,19.0,1783.0,415.0,1025.0,383.0,4,230000.0
-117.96,33.73,22.0,3479.0,455.0,1454.0,488.0,7,347600.0
-117.96,33.72,23.0,3929.0,559.0,1858.0,538.0,7,318200.0
-117.96,33.71,19.0,4328.0,849.0,2243.0,808.0,6,342600.0
-117.96,33.71,19.0,1624.0,221.0,782.0,228.0,5,304500.0
-117.96,33.7,23.0,2622.0,445.0,1103.0,407.0,5,289600.0
-117.96,33.69,17.0,2500.0,343.0,1242.0,368.0,8,316700.0
-117.96,33.68,26.0,1374.0,234.0,731.0,244.0,6,224800.0
-117.96,33.68,24.0,6517.0,1279.0,3441.0,1198.0,4,152100.0
-117.96,33.68,18.0,2594.0,539.0,817.0,485.0,2,219200.0
-117.96,33.67,16.0,5143.0,652.0,2209.0,637.0,7,382100.0
-117.96,33.66,19.0,5925.0,744.0,2302.0,729.0,8,333300.0
-117.96,33.65,24.0,4462.0,689.0,1943.0,712.0,6,289800.0
-117.96,33.65,23.0,5379.0,684.0,1826.0,555.0,7,350600.0
-117.96,33.65,21.0,2030.0,318.0,910.0,311.0,8,343300.0
-117.96,33.65,18.0,3603.0,879.0,1549.0,756.0,4,363100.0
-117.96,33.6,34.0,959.0,230.0,384.0,197.0,5,471400.0
-117.97,34.17,35.0,5005.0,848.0,2112.0,813.0,5,295000.0
-117.97,34.14,33.0,1328.0,348.0,903.0,329.0,3,136000.0
-117.97,34.14,15.0,3595.0,964.0,1839.0,877.0,3,150300.0
-117.97,34.13,42.0,683.0,127.0,541.0,138.0,3,151700.0
-117.97,34.13,33.0,2038.0,473.0,1546.0,469.0,3,144500.0
-117.97,34.11,18.0,123.0,28.0,121.0,26.0,3,137500.0
-117.97,34.1,33.0,1558.0,316.0,1600.0,338.0,3,143900.0
-117.97,34.1,26.0,1399.0,277.0,1285.0,276.0,4,160100.0
-117.97,34.09,31.0,2779.0,639.0,2259.0,670.0,3,143400.0
-117.97,34.09,27.0,3569.0,761.0,3339.0,762.0,4,160500.0
-117.97,34.08,8.0,2027.0,480.0,1781.0,447.0,3,142400.0
-117.97,34.08,30.0,2227.0,474.0,1961.0,481.0,3,164100.0
-117.97,34.07,20.0,2063.0,496.0,1573.0,468.0,3,157100.0
-117.97,34.06,34.0,3580.0,684.0,2786.0,636.0,4,166800.0
-117.97,34.06,31.0,2516.0,526.0,2194.0,497.0,3,155500.0
-117.97,34.05,36.0,931.0,160.0,746.0,201.0,3,158000.0
-117.97,34.05,36.0,1299.0,206.0,763.0,216.0,4,161400.0
-117.97,34.05,34.0,2050.0,495.0,1832.0,465.0,3,155700.0
-117.97,34.05,33.0,2028.0,422.0,1727.0,371.0,3,157600.0
-117.97,34.04,32.0,1507.0,295.0,1326.0,324.0,4,163300.0
-117.97,34.04,28.0,1686.0,417.0,1355.0,388.0,3,157300.0
-117.97,34.01,33.0,3530.0,700.0,2959.0,679.0,4,152900.0
-117.97,34.01,33.0,2006.0,381.0,1410.0,346.0,4,165500.0
-117.97,34.0,28.0,1983.0,375.0,1407.0,367.0,4,179000.0
-117.97,33.99,23.0,3335.0,570.0,1560.0,555.0,6,300300.0
-117.97,33.99,22.0,5284.0,982.0,2613.0,932.0,5,289900.0
-117.97,33.96,30.0,4873.0,667.0,1995.0,638.0,7,441900.0
-117.97,33.94,36.0,1870.0,338.0,947.0,324.0,4,217000.0
-117.97,33.94,35.0,1928.0,360.0,1056.0,366.0,4,215700.0
-117.97,33.94,34.0,1632.0,263.0,690.0,268.0,6,255800.0
-117.97,33.93,35.0,1887.0,328.0,989.0,351.0,4,198100.0
-117.97,33.93,33.0,1700.0,369.0,981.0,362.0,5,194000.0
-117.97,33.93,31.0,1975.0,373.0,918.0,347.0,4,202000.0
-117.97,33.89,17.0,1851.0,344.0,764.0,339.0,5,181800.0
-117.97,33.89,17.0,1740.0,445.0,1158.0,412.0,3,137500.0
-117.97,33.89,14.0,923.0,136.0,420.0,130.0,10,462800.0
-117.97,33.88,16.0,2003.0,300.0,1172.0,318.0,6,321600.0
-117.97,33.88,11.0,1454.0,247.0,635.0,236.0,6,218500.0
-117.97,33.87,28.0,1784.0,440.0,1255.0,433.0,4,169200.0
-117.97,33.86,34.0,2138.0,490.0,1682.0,463.0,4,161700.0
-117.97,33.86,12.0,1370.0,367.0,1022.0,296.0,4,141700.0
-117.97,33.85,45.0,818.0,147.0,546.0,152.0,5,170700.0
-117.97,33.85,30.0,2513.0,476.0,1611.0,472.0,4,182900.0
-117.97,33.84,35.0,793.0,128.0,589.0,137.0,5,190200.0
-117.97,33.84,25.0,2471.0,518.0,1539.0,500.0,4,191700.0
-117.97,33.83,22.0,3310.0,688.0,1807.0,674.0,4,200900.0
-117.97,33.83,16.0,2035.0,564.0,1118.0,503.0,3,187500.0
-117.97,33.82,26.0,2335.0,504.0,1121.0,502.0,3,205200.0
-117.97,33.81,30.0,2406.0,462.0,1753.0,456.0,4,180600.0
-117.97,33.81,26.0,4022.0,1081.0,2457.0,1001.0,3,206300.0
-117.97,33.79,34.0,2456.0,410.0,1289.0,442.0,4,224200.0
-117.97,33.79,33.0,3268.0,641.0,1704.0,591.0,4,211400.0
-117.97,33.78,35.0,3148.0,597.0,2110.0,587.0,4,203800.0
-117.97,33.77,25.0,1295.0,417.0,856.0,342.0,3,350000.0
-117.97,33.77,22.0,2244.0,575.0,1543.0,533.0,3,179600.0
-117.97,33.77,20.0,1988.0,424.0,1277.0,425.0,3,162200.0
-117.97,33.76,28.0,1386.0,272.0,901.0,294.0,5,187500.0
-117.97,33.76,27.0,1712.0,325.0,1036.0,345.0,4,183900.0
-117.97,33.76,18.0,1862.0,399.0,1301.0,369.0,3,194000.0
-117.97,33.75,26.0,3361.0,722.0,2709.0,648.0,4,190700.0
-117.97,33.74,18.0,2814.0,539.0,1439.0,493.0,4,262000.0
-117.97,33.74,16.0,1735.0,380.0,784.0,360.0,4,139200.0
-117.97,33.73,26.0,1694.0,260.0,885.0,279.0,5,224200.0
-117.97,33.73,19.0,4154.0,560.0,2130.0,589.0,7,301800.0
-117.97,33.71,26.0,2553.0,405.0,1337.0,411.0,5,252900.0
-117.97,33.71,25.0,3273.0,478.0,1645.0,497.0,6,286100.0
-117.97,33.69,21.0,4112.0,580.0,1886.0,581.0,7,292000.0
-117.97,33.68,26.0,3653.0,568.0,1930.0,585.0,6,260900.0
-117.97,33.68,26.0,1616.0,292.0,700.0,241.0,6,232100.0
-117.97,33.68,16.0,4508.0,598.0,2221.0,623.0,7,390800.0
-117.97,33.67,25.0,3906.0,660.0,1809.0,622.0,6,265100.0
-117.97,33.67,17.0,4466.0,640.0,2166.0,666.0,7,330700.0
-117.97,33.66,22.0,3914.0,600.0,1871.0,607.0,6,281500.0
-117.97,33.66,14.0,6090.0,1338.0,1974.0,1248.0,3,180300.0
-117.97,33.65,26.0,2379.0,336.0,988.0,346.0,5,339300.0
-117.97,33.63,25.0,2482.0,360.0,960.0,352.0,6,344000.0
-117.98,35.13,5.0,4849.0,920.0,2504.0,847.0,4,81900.0
-117.98,35.1,4.0,923.0,166.0,352.0,135.0,5,84500.0
-117.98,34.53,13.0,2815.0,535.0,1492.0,491.0,4,135700.0
-117.98,34.14,27.0,6341.0,1289.0,2899.0,1192.0,4,235200.0
-117.98,34.14,24.0,1596.0,388.0,1329.0,352.0,3,148000.0
-117.98,34.13,37.0,1447.0,309.0,1279.0,290.0,4,142900.0
-117.98,34.13,29.0,2110.0,460.0,1890.0,448.0,4,130500.0
-117.98,34.09,31.0,3073.0,617.0,2640.0,594.0,4,161300.0
-117.98,34.08,17.0,3640.0,830.0,3537.0,807.0,3,152200.0
-117.98,34.07,28.0,441.0,106.0,504.0,108.0,3,152500.0
-117.98,34.07,15.0,3543.0,888.0,3131.0,823.0,3,139400.0
-117.98,34.06,36.0,2391.0,407.0,1967.0,398.0,4,160700.0
-117.98,34.06,33.0,1353.0,228.0,1079.0,237.0,5,160300.0
-117.98,34.05,35.0,2342.0,426.0,2176.0,416.0,4,156900.0
-117.98,34.05,33.0,1560.0,315.0,1467.0,313.0,4,159800.0
-117.98,34.04,34.0,2547.0,537.0,2108.0,498.0,3,154600.0
-117.98,34.04,29.0,1468.0,310.0,1390.0,276.0,4,190600.0
-117.98,34.03,21.0,797.0,162.0,484.0,166.0,3,191100.0
-117.98,34.02,33.0,3512.0,632.0,1971.0,598.0,4,193200.0
-117.98,34.02,32.0,2945.0,651.0,2044.0,652.0,3,183900.0
-117.98,34.0,22.0,3632.0,538.0,1968.0,566.0,6,324900.0
-117.98,33.98,27.0,2275.0,346.0,1039.0,333.0,6,333500.0
-117.98,33.94,36.0,4297.0,717.0,2038.0,700.0,5,258800.0
-117.98,33.93,27.0,3142.0,509.0,1520.0,503.0,6,232500.0
-117.98,33.92,27.0,3700.0,568.0,1793.0,552.0,5,219800.0
-117.98,33.91,16.0,10621.0,1782.0,3836.0,1480.0,5,257200.0
-117.98,33.9,6.0,1537.0,347.0,506.0,280.0,5,146800.0
-117.98,33.87,29.0,1310.0,332.0,937.0,294.0,4,158700.0
-117.98,33.87,25.0,2037.0,515.0,1435.0,496.0,3,188800.0
-117.98,33.86,26.0,1240.0,285.0,781.0,315.0,4,205800.0
-117.98,33.86,25.0,1025.0,266.0,726.0,183.0,4,137500.0
-117.98,33.84,35.0,984.0,179.0,661.0,199.0,5,189600.0
-117.98,33.84,33.0,2291.0,439.0,1187.0,405.0,4,191100.0
-117.98,33.84,31.0,1252.0,225.0,714.0,226.0,5,220700.0
-117.98,33.83,17.0,3419.0,932.0,2460.0,766.0,3,228500.0
-117.98,33.82,34.0,1290.0,220.0,867.0,241.0,6,218100.0
-117.98,33.82,34.0,1038.0,175.0,578.0,174.0,5,200000.0
-117.98,33.81,35.0,897.0,156.0,479.0,161.0,5,215600.0
-117.98,33.81,28.0,3528.0,816.0,2304.0,764.0,3,181800.0
-117.98,33.81,18.0,3751.0,878.0,2281.0,815.0,4,183100.0
-117.98,33.8,35.0,2114.0,341.0,1077.0,343.0,5,227500.0
-117.98,33.8,32.0,2161.0,432.0,1503.0,402.0,4,191400.0
-117.98,33.79,35.0,2356.0,478.0,1659.0,480.0,4,179700.0
-117.98,33.78,22.0,4255.0,971.0,2901.0,920.0,3,180200.0
-117.98,33.77,7.0,2252.0,570.0,1576.0,550.0,4,169800.0
-117.98,33.77,22.0,3236.0,673.0,2034.0,662.0,4,174200.0
-117.98,33.76,29.0,1518.0,312.0,1086.0,317.0,4,196900.0
-117.98,33.76,28.0,3215.0,652.0,2066.0,636.0,4,197400.0
-117.98,33.76,23.0,1553.0,518.0,1988.0,474.0,2,150000.0
-117.98,33.75,37.0,1264.0,274.0,783.0,273.0,3,199600.0
-117.98,33.75,27.0,2343.0,415.0,1537.0,426.0,5,210600.0
-117.98,33.75,24.0,3865.0,802.0,2670.0,772.0,4,180000.0
-117.98,33.74,29.0,3443.0,635.0,2257.0,620.0,5,207500.0
-117.98,33.74,16.0,4636.0,908.0,2341.0,825.0,4,304700.0
-117.98,33.73,18.0,3833.0,1056.0,2192.0,996.0,3,219700.0
-117.98,33.72,28.0,3109.0,561.0,1891.0,562.0,5,243100.0
-117.98,33.72,24.0,2826.0,547.0,1738.0,546.0,6,240400.0
-117.98,33.71,26.0,1905.0,373.0,1098.0,368.0,5,229600.0
-117.98,33.71,24.0,3430.0,548.0,1601.0,512.0,6,264600.0
-117.98,33.71,24.0,2308.0,464.0,1101.0,407.0,4,230000.0
-117.98,33.7,24.0,3451.0,504.0,1736.0,493.0,6,278000.0
-117.98,33.7,17.0,1997.0,340.0,952.0,341.0,4,239200.0
-117.98,33.7,17.0,1989.0,411.0,1401.0,453.0,4,160500.0
-117.98,33.7,16.0,5127.0,631.0,2142.0,596.0,8,390500.0
-117.98,33.69,22.0,3957.0,520.0,1774.0,527.0,7,350200.0
-117.98,33.69,16.0,2437.0,438.0,986.0,422.0,6,247200.0
-117.98,33.68,24.0,4177.0,624.0,1704.0,606.0,6,281900.0
-117.98,33.68,14.0,3396.0,477.0,1542.0,472.0,7,369100.0
-117.98,33.67,7.0,5664.0,1174.0,2493.0,1101.0,6,264700.0
-117.98,33.65,22.0,3592.0,527.0,1598.0,523.0,7,294900.0
-117.98,33.65,22.0,3335.0,754.0,1500.0,719.0,4,197900.0
-117.98,33.65,18.0,1027.0,206.0,436.0,180.0,4,211300.0
-117.98,33.64,20.0,1851.0,495.0,792.0,363.0,4,137500.0
-117.98,33.61,17.0,2054.0,291.0,836.0,288.0,7,383900.0
-117.99,35.16,15.0,2180.0,416.0,960.0,370.0,3,87800.0
-117.99,34.18,38.0,2981.0,432.0,1063.0,437.0,7,365000.0
-117.99,34.16,40.0,3838.0,696.0,1851.0,674.0,4,262000.0
-117.99,34.15,44.0,2492.0,611.0,1951.0,596.0,3,185600.0
-117.99,34.14,30.0,2346.0,567.0,1988.0,474.0,3,153000.0
-117.99,34.13,37.0,1568.0,371.0,1618.0,350.0,3,129400.0
-117.99,34.12,35.0,1040.0,231.0,1040.0,242.0,3,139200.0
-117.99,34.07,35.0,1681.0,360.0,1648.0,373.0,2,145900.0
-117.99,34.06,32.0,2491.0,616.0,2660.0,595.0,3,145800.0
-117.99,34.05,35.0,1792.0,317.0,1441.0,306.0,4,151100.0
-117.99,34.04,30.0,4468.0,959.0,4027.0,938.0,3,168300.0
-117.99,34.0,26.0,2988.0,397.0,1371.0,415.0,7,382500.0
-117.99,33.98,18.0,8399.0,1144.0,3727.0,1107.0,7,360400.0
-117.99,33.97,18.0,4078.0,484.0,1490.0,482.0,11,500001.0
-117.99,33.95,30.0,2217.0,284.0,851.0,291.0,10,498600.0
-117.99,33.94,34.0,1519.0,301.0,758.0,304.0,4,214000.0
-117.99,33.94,30.0,2395.0,565.0,1214.0,521.0,4,212300.0
-117.99,33.93,33.0,2299.0,431.0,1049.0,447.0,4,208100.0
-117.99,33.92,27.0,5805.0,1152.0,3106.0,1144.0,4,222700.0
-117.99,33.9,33.0,2161.0,383.0,1235.0,383.0,6,202800.0
-117.99,33.9,30.0,1677.0,372.0,1021.0,332.0,4,199700.0
-117.99,33.89,23.0,2111.0,306.0,979.0,288.0,9,347800.0
-117.99,33.89,21.0,5195.0,1020.0,2539.0,988.0,5,160500.0
-117.99,33.88,25.0,3401.0,509.0,1503.0,498.0,7,240600.0
-117.99,33.88,15.0,2298.0,567.0,1261.0,527.0,4,159400.0
-117.99,33.87,34.0,1239.0,307.0,869.0,291.0,4,161900.0
-117.99,33.87,16.0,1689.0,499.0,1260.0,453.0,3,174000.0
-117.99,33.86,36.0,1138.0,228.0,725.0,219.0,3,187200.0
-117.99,33.86,20.0,3540.0,906.0,2898.0,876.0,3,178000.0
-117.99,33.86,20.0,2303.0,612.0,1607.0,564.0,3,176100.0
-117.99,33.85,35.0,1661.0,272.0,949.0,276.0,5,192600.0
-117.99,33.85,34.0,1948.0,306.0,957.0,304.0,5,212600.0
-117.99,33.84,34.0,2079.0,343.0,1379.0,352.0,5,207000.0
-117.99,33.84,31.0,2982.0,547.0,1895.0,570.0,5,255500.0
-117.99,33.83,35.0,1484.0,252.0,916.0,248.0,5,191400.0
-117.99,33.82,33.0,2342.0,475.0,1367.0,509.0,4,215500.0
-117.99,33.82,21.0,2281.0,557.0,1510.0,460.0,3,189600.0
-117.99,33.82,19.0,1991.0,528.0,1202.0,460.0,3,252100.0
-117.99,33.81,23.0,3284.0,795.0,3257.0,758.0,2,182900.0
-117.99,33.8,25.0,3179.0,639.0,2526.0,623.0,3,180800.0
-117.99,33.8,18.0,383.0,94.0,487.0,98.0,4,162500.0
-117.99,33.79,33.0,2064.0,324.0,1384.0,315.0,5,169000.0
-117.99,33.79,29.0,2470.0,560.0,1589.0,513.0,3,190500.0
-117.99,33.79,21.0,2695.0,707.0,1888.0,683.0,3,213300.0
-117.99,33.78,15.0,4273.0,993.0,2300.0,946.0,4,213000.0
-117.99,33.77,29.0,1312.0,267.0,922.0,255.0,3,202400.0
-117.99,33.77,15.0,2081.0,531.0,1617.0,561.0,3,160900.0
-117.99,33.76,30.0,1572.0,362.0,1351.0,359.0,3,190900.0
-117.99,33.76,17.0,2545.0,737.0,1468.0,699.0,2,177700.0
-117.99,33.75,30.0,1859.0,462.0,1314.0,418.0,3,184400.0
-117.99,33.75,22.0,3024.0,754.0,2357.0,743.0,3,191800.0
-117.99,33.74,26.0,4065.0,741.0,1960.0,739.0,5,240000.0
-117.99,33.73,20.0,3182.0,884.0,1770.0,817.0,3,220800.0
-117.99,33.73,17.0,5239.0,1045.0,2440.0,985.0,4,248100.0
-117.99,33.72,26.0,1787.0,275.0,801.0,270.0,6,255700.0
-117.99,33.72,17.0,2801.0,649.0,1473.0,535.0,4,134800.0
-117.99,33.72,14.0,2127.0,537.0,1338.0,475.0,4,188500.0
-117.99,33.71,19.0,1967.0,487.0,1251.0,404.0,4,218800.0
-117.99,33.71,18.0,1994.0,578.0,3031.0,577.0,3,237500.0
-117.99,33.71,17.0,1600.0,458.0,1803.0,432.0,3,216700.0
-117.99,33.7,25.0,2017.0,357.0,1063.0,369.0,4,229400.0
-117.99,33.69,17.0,3386.0,729.0,1715.0,666.0,4,213000.0
-117.99,33.69,16.0,1476.0,294.0,886.0,270.0,5,216400.0
-117.99,33.68,18.0,2024.0,462.0,1047.0,451.0,4,186900.0
-117.99,33.68,14.0,3305.0,841.0,2272.0,769.0,3,216700.0
-117.99,33.68,13.0,4000.0,883.0,1999.0,881.0,5,273600.0
-117.99,33.67,17.0,1692.0,427.0,903.0,423.0,4,262500.0
-117.99,33.67,15.0,3141.0,664.0,1729.0,633.0,4,234600.0
-117.99,33.67,12.0,2228.0,479.0,1122.0,488.0,4,350000.0
-117.99,33.66,29.0,1330.0,293.0,613.0,236.0,5,353100.0
-117.99,33.66,14.0,3155.0,653.0,951.0,575.0,3,268800.0
-118.0,35.05,21.0,1739.0,425.0,945.0,362.0,3,86500.0
-118.0,34.16,52.0,1354.0,227.0,531.0,206.0,5,270600.0
-118.0,34.16,42.0,1020.0,156.0,398.0,157.0,6,311800.0
-118.0,34.15,48.0,3436.0,673.0,1540.0,648.0,4,256800.0
-118.0,34.14,39.0,1302.0,303.0,800.0,291.0,3,166900.0
-118.0,34.14,31.0,1298.0,431.0,1131.0,425.0,1,178100.0
-118.0,34.13,35.0,1005.0,224.0,742.0,221.0,4,158100.0
-118.0,34.13,24.0,2584.0,520.0,1869.0,503.0,3,167000.0
-118.0,34.12,42.0,870.0,170.0,546.0,164.0,5,173800.0
-118.0,34.12,37.0,1340.0,325.0,928.0,333.0,4,175000.0
-118.0,34.1,34.0,2249.0,460.0,1544.0,441.0,3,176300.0
-118.0,34.08,29.0,2003.0,401.0,1520.0,364.0,4,195300.0
-118.0,34.08,23.0,1627.0,318.0,1279.0,289.0,5,185100.0
-118.0,34.07,34.0,1696.0,456.0,1609.0,426.0,2,138500.0
-118.0,34.03,25.0,6909.0,1154.0,3912.0,1121.0,5,226100.0
-118.0,33.97,30.0,6540.0,991.0,3124.0,953.0,6,372600.0
-118.0,33.95,35.0,1431.0,210.0,505.0,213.0,7,401000.0
-118.0,33.94,37.0,903.0,158.0,444.0,158.0,4,174400.0
-118.0,33.94,36.0,2911.0,534.0,1395.0,486.0,5,203700.0
-118.0,33.94,35.0,2603.0,482.0,1305.0,507.0,4,214400.0
-118.0,33.93,35.0,802.0,153.0,445.0,150.0,5,185000.0
-118.0,33.91,19.0,5166.0,770.0,2374.0,753.0,6,285200.0
-118.0,33.89,35.0,1065.0,176.0,574.0,171.0,5,200800.0
-118.0,33.89,35.0,1011.0,183.0,578.0,171.0,4,188700.0
-118.0,33.89,34.0,1932.0,315.0,1053.0,316.0,5,213300.0
-118.0,33.88,28.0,1624.0,289.0,755.0,280.0,5,268100.0
-118.0,33.88,18.0,2628.0,720.0,2276.0,649.0,3,170800.0
-118.0,33.87,13.0,2086.0,544.0,1356.0,462.0,3,165600.0
-118.0,33.86,32.0,1162.0,196.0,563.0,178.0,4,203000.0
-118.0,33.85,34.0,1078.0,205.0,575.0,206.0,5,188000.0
-118.0,33.85,33.0,2053.0,418.0,1154.0,405.0,4,197200.0
-118.0,33.84,30.0,1549.0,325.0,885.0,299.0,4,195100.0
-118.0,33.84,29.0,2641.0,637.0,2413.0,619.0,3,165100.0
-118.0,33.83,26.0,1718.0,385.0,1022.0,368.0,4,196100.0
-118.0,33.83,24.0,2578.0,580.0,1217.0,529.0,2,212500.0
-118.0,33.82,24.0,3002.0,644.0,1495.0,634.0,3,202800.0
-118.0,33.82,21.0,2253.0,580.0,1536.0,500.0,3,204700.0
-118.0,33.82,18.0,2947.0,559.0,1820.0,551.0,5,224800.0
-118.0,33.81,22.0,2642.0,640.0,1702.0,588.0,4,174700.0
-118.0,33.81,17.0,2142.0,436.0,946.0,412.0,4,146300.0
-118.0,33.81,17.0,1530.0,404.0,883.0,344.0,3,196500.0
-118.0,33.81,13.0,2782.0,605.0,1749.0,628.0,4,153800.0
-118.0,33.79,18.0,3679.0,694.0,1820.0,652.0,4,143500.0
-118.0,33.77,28.0,2401.0,503.0,1155.0,456.0,4,211700.0
-118.0,33.77,24.0,1324.0,267.0,687.0,264.0,3,192800.0
-118.0,33.76,29.0,1982.0,503.0,1426.0,502.0,3,194200.0
-118.0,33.76,26.0,1876.0,455.0,1499.0,436.0,3,176000.0
-118.0,33.76,14.0,1120.0,319.0,982.0,307.0,3,179200.0
-118.0,33.76,12.0,1250.0,331.0,1047.0,334.0,3,208800.0
-118.0,33.75,26.0,1382.0,387.0,1977.0,368.0,3,137500.0
-118.0,33.74,25.0,2767.0,346.0,1148.0,372.0,6,316700.0
-118.0,33.73,26.0,2236.0,280.0,809.0,282.0,7,342800.0
-118.0,33.71,19.0,4808.0,1029.0,2422.0,971.0,4,279700.0
-118.0,33.68,12.0,5241.0,985.0,2048.0,943.0,6,285400.0
-118.0,33.66,25.0,4041.0,903.0,1689.0,784.0,4,442700.0
-118.0,33.66,16.0,2809.0,708.0,1260.0,638.0,3,252900.0
-118.01,35.12,15.0,1926.0,361.0,917.0,316.0,3,68500.0
-118.01,34.55,2.0,2701.0,530.0,1368.0,430.0,4,137400.0
-118.01,34.16,47.0,1745.0,270.0,753.0,275.0,6,318500.0
-118.01,34.15,52.0,2234.0,472.0,986.0,439.0,4,265500.0
-118.01,34.15,32.0,6597.0,1579.0,3689.0,1459.0,3,184100.0
-118.01,34.13,38.0,3374.0,671.0,1906.0,640.0,4,212300.0
-118.01,34.13,36.0,1332.0,217.0,648.0,203.0,5,365900.0
-118.01,34.12,43.0,1185.0,207.0,657.0,198.0,5,214800.0
-118.01,34.12,32.0,1937.0,332.0,922.0,340.0,4,278400.0
-118.01,34.11,43.0,1858.0,345.0,1054.0,329.0,4,211600.0
-118.01,34.11,36.0,1722.0,320.0,794.0,322.0,4,212200.0
-118.01,34.11,32.0,1978.0,536.0,826.0,470.0,3,212200.0
-118.01,34.1,35.0,2120.0,412.0,1375.0,405.0,3,166300.0
-118.01,34.1,27.0,2424.0,542.0,1713.0,557.0,4,181400.0
-118.01,34.09,32.0,1613.0,361.0,1283.0,404.0,3,181700.0
-118.01,34.08,35.0,1852.0,358.0,1414.0,347.0,4,173600.0
-118.01,34.07,24.0,5684.0,1485.0,6626.0,1481.0,2,166800.0
-118.01,34.07,22.0,6311.0,1572.0,6666.0,1456.0,3,182600.0
-118.01,34.06,26.0,557.0,153.0,455.0,196.0,3,155400.0
-118.01,34.05,37.0,682.0,172.0,813.0,173.0,4,138000.0
-118.01,34.05,31.0,1135.0,355.0,1717.0,368.0,2,161700.0
-118.01,33.97,36.0,1451.0,224.0,608.0,246.0,6,290800.0
-118.01,33.96,36.0,1805.0,288.0,882.0,308.0,5,273500.0
-118.01,33.95,36.0,1579.0,290.0,816.0,276.0,4,181100.0
-118.01,33.95,35.0,1755.0,322.0,774.0,290.0,5,296700.0
-118.01,33.94,36.0,1921.0,329.0,969.0,327.0,5,188700.0
-118.01,33.94,35.0,1323.0,235.0,807.0,247.0,4,174800.0
-118.01,33.93,34.0,2424.0,468.0,1293.0,444.0,3,189900.0
-118.01,33.93,31.0,3395.0,742.0,1886.0,737.0,4,174400.0
-118.01,33.92,34.0,4039.0,694.0,2269.0,663.0,5,205100.0
-118.01,33.91,32.0,2722.0,571.0,2541.0,462.0,4,221400.0
-118.01,33.9,36.0,1382.0,257.0,685.0,255.0,5,211700.0
-118.01,33.9,26.0,2968.0,674.0,1655.0,628.0,5,201000.0
-118.01,33.89,36.0,1589.0,265.0,804.0,272.0,5,202900.0
-118.01,33.89,34.0,1653.0,292.0,1003.0,310.0,5,203400.0
-118.01,33.89,33.0,2046.0,327.0,1018.0,320.0,4,212800.0
-118.01,33.87,25.0,6348.0,1615.0,4188.0,1497.0,3,185700.0
-118.01,33.86,29.0,2307.0,452.0,1218.0,402.0,3,194200.0
-118.01,33.85,29.0,3061.0,612.0,2396.0,640.0,5,195200.0
-118.01,33.84,28.0,4097.0,838.0,2112.0,803.0,4,202100.0
-118.01,33.83,29.0,3963.0,772.0,2104.0,743.0,5,208600.0
-118.01,33.83,24.0,4639.0,1374.0,3093.0,1257.0,3,202300.0
-118.01,33.83,23.0,1086.0,268.0,825.0,250.0,2,219600.0
-118.01,33.82,31.0,1960.0,380.0,1356.0,356.0,4,225900.0
-118.01,33.82,10.0,3897.0,893.0,1992.0,693.0,4,192300.0
-118.01,33.81,25.0,1831.0,345.0,809.0,339.0,5,177100.0
-118.01,33.81,18.0,5238.0,1083.0,3032.0,1065.0,4,190100.0
-118.01,33.8,16.0,4021.0,701.0,1488.0,650.0,5,219500.0
-118.01,33.79,30.0,2460.0,403.0,1277.0,395.0,5,223200.0
-118.01,33.79,23.0,2663.0,430.0,1499.0,403.0,6,258000.0
-118.01,33.78,26.0,2343.0,377.0,1166.0,373.0,6,233100.0
-118.01,33.78,19.0,2648.0,478.0,1160.0,452.0,6,207400.0
-118.01,33.77,33.0,1387.0,238.0,890.0,264.0,5,204100.0
-118.01,33.77,32.0,1771.0,296.0,995.0,272.0,6,217500.0
-118.01,33.76,35.0,2072.0,349.0,1249.0,317.0,4,191900.0
-118.01,33.76,26.0,2141.0,597.0,2038.0,585.0,2,177700.0
-118.01,33.75,30.0,3380.0,722.0,2269.0,652.0,5,186000.0
-118.01,33.74,25.0,8110.0,1264.0,3613.0,1232.0,6,264900.0
-118.01,33.73,23.0,4095.0,578.0,1766.0,589.0,7,302500.0
-118.01,33.71,18.0,6565.0,1357.0,3079.0,1248.0,5,295600.0
-118.01,33.7,24.0,3856.0,567.0,1741.0,588.0,7,302700.0
-118.01,33.69,3.0,945.0,115.0,337.0,123.0,12,500001.0
-118.01,33.67,16.0,3581.0,780.0,1644.0,774.0,5,397600.0
-118.01,33.67,13.0,2902.0,536.0,1125.0,490.0,6,447700.0
-118.01,33.66,19.0,4559.0,1045.0,1949.0,910.0,4,429200.0
-118.02,34.62,38.0,248.0,55.0,261.0,53.0,2,96900.0
-118.02,34.57,4.0,10655.0,1706.0,5391.0,1529.0,5,151300.0
-118.02,34.17,32.0,3868.0,548.0,1558.0,528.0,9,500001.0
-118.02,34.15,44.0,2267.0,426.0,980.0,372.0,4,307400.0
-118.02,34.14,34.0,1077.0,257.0,478.0,199.0,3,252800.0
-118.02,34.14,31.0,6854.0,1578.0,4131.0,1524.0,4,222800.0
-118.02,34.13,32.0,3308.0,718.0,1803.0,667.0,4,273600.0
-118.02,34.12,37.0,2250.0,360.0,989.0,329.0,6,366000.0
-118.02,34.12,36.0,1471.0,246.0,751.0,230.0,5,395100.0
-118.02,34.11,39.0,1504.0,280.0,718.0,261.0,5,219000.0
-118.02,34.11,35.0,2454.0,458.0,1110.0,435.0,4,414800.0
-118.02,34.1,36.0,452.0,80.0,248.0,83.0,2,226000.0
-118.02,34.1,36.0,1928.0,361.0,1008.0,368.0,5,233700.0
-118.02,34.09,32.0,1747.0,399.0,1199.0,402.0,3,191800.0
-118.02,34.09,24.0,2080.0,514.0,1976.0,478.0,3,170000.0
-118.02,34.08,29.0,2741.0,667.0,2449.0,677.0,4,175200.0
-118.02,34.07,21.0,3245.0,959.0,3528.0,887.0,2,156300.0
-118.02,34.06,26.0,2929.0,970.0,3792.0,817.0,2,173800.0
-118.02,34.05,34.0,1610.0,513.0,2050.0,508.0,3,156300.0
-118.02,34.05,33.0,2464.0,627.0,2932.0,568.0,3,165800.0
-118.02,34.05,28.0,991.0,255.0,1145.0,265.0,2,167000.0
-118.02,34.04,28.0,6175.0,1449.0,5041.0,1408.0,3,158100.0
-118.02,33.98,23.0,1995.0,306.0,707.0,293.0,9,332700.0
-118.02,33.97,34.0,1903.0,293.0,887.0,306.0,6,313800.0
-118.02,33.96,36.0,2071.0,398.0,988.0,404.0,5,219700.0
-118.02,33.96,36.0,2002.0,361.0,913.0,311.0,5,244700.0
-118.02,33.95,38.0,2139.0,426.0,1138.0,412.0,4,168900.0
-118.02,33.95,36.0,1705.0,299.0,871.0,296.0,5,179800.0
-118.02,33.95,36.0,1681.0,329.0,964.0,311.0,4,181200.0
-118.02,33.95,36.0,1632.0,295.0,797.0,283.0,4,179500.0
-118.02,33.94,23.0,4815.0,1081.0,3232.0,1016.0,3,191800.0
-118.02,33.93,35.0,2400.0,398.0,1218.0,408.0,4,193800.0
-118.02,33.93,33.0,4711.0,988.0,2984.0,931.0,4,184700.0
-118.02,33.92,34.0,2169.0,418.0,1169.0,406.0,3,218700.0
-118.02,33.91,35.0,2182.0,390.0,1248.0,399.0,5,216700.0
-118.02,33.91,35.0,1337.0,234.0,692.0,235.0,5,213700.0
-118.02,33.9,36.0,2417.0,421.0,1276.0,426.0,6,205200.0
-118.02,33.9,34.0,2678.0,511.0,1540.0,497.0,4,202900.0
-118.02,33.9,34.0,1636.0,358.0,977.0,357.0,4,209900.0
-118.02,33.89,36.0,1375.0,242.0,670.0,221.0,5,198200.0
-118.02,33.86,26.0,2342.0,383.0,1290.0,394.0,6,220700.0
-118.02,33.85,31.0,1922.0,329.0,1030.0,353.0,5,213000.0
-118.02,33.84,35.0,3473.0,563.0,2091.0,580.0,4,214100.0
-118.02,33.81,34.0,3482.0,614.0,2227.0,641.0,5,200900.0
-118.02,33.8,24.0,84.0,14.0,32.0,8.0,6,193800.0
-118.02,33.79,23.0,6368.0,1030.0,3281.0,1001.0,6,240400.0
-118.02,33.78,28.0,3375.0,559.0,1754.0,554.0,6,228900.0
-118.02,33.77,34.0,2115.0,352.0,1253.0,338.0,5,207500.0
-118.02,33.76,27.0,2905.0,587.0,1781.0,561.0,4,214800.0
-118.02,33.76,25.0,1759.0,404.0,1404.0,385.0,4,195800.0
-118.02,33.75,26.0,2989.0,479.0,1596.0,475.0,6,231200.0
-118.02,33.74,26.0,3842.0,609.0,1961.0,595.0,6,248200.0
-118.02,33.73,26.0,3711.0,610.0,1902.0,597.0,6,234100.0
-118.02,33.73,24.0,6393.0,1141.0,2743.0,1057.0,5,336900.0
-118.02,33.72,22.0,8844.0,1706.0,4404.0,1594.0,4,267800.0
-118.02,33.71,23.0,5554.0,995.0,2408.0,936.0,5,331900.0
-118.02,33.65,38.0,2548.0,646.0,755.0,399.0,3,408300.0
-118.02,33.62,11.0,3969.0,834.0,1508.0,754.0,4,271400.0
-118.03,34.58,4.0,9849.0,1780.0,4546.0,1598.0,4,154300.0
-118.03,34.16,39.0,2731.0,366.0,1034.0,338.0,10,500001.0
-118.03,34.16,36.0,1640.0,239.0,693.0,253.0,7,500001.0
-118.03,34.15,43.0,1694.0,283.0,674.0,267.0,4,486800.0
-118.03,34.14,44.0,1446.0,250.0,721.0,243.0,5,352200.0
-118.03,34.14,31.0,4353.0,1117.0,2338.0,1037.0,3,242600.0
-118.03,34.11,38.0,2076.0,361.0,988.0,332.0,6,416900.0
-118.03,34.11,34.0,2837.0,460.0,1344.0,458.0,7,437400.0
-118.03,34.1,38.0,2301.0,416.0,1079.0,398.0,4,233600.0
-118.03,34.1,32.0,2668.0,609.0,1512.0,541.0,3,233100.0
-118.03,34.1,31.0,2647.0,539.0,1473.0,520.0,4,223900.0
-118.03,34.1,30.0,2773.0,634.0,1376.0,540.0,3,201700.0
-118.03,34.09,29.0,1219.0,338.0,1152.0,323.0,3,180900.0
-118.03,34.08,42.0,1597.0,373.0,1311.0,352.0,3,162800.0
-118.03,34.08,37.0,775.0,179.0,726.0,183.0,3,159200.0
-118.03,34.08,32.0,1780.0,484.0,1732.0,454.0,2,169600.0
-118.03,34.07,37.0,1091.0,269.0,905.0,242.0,3,152000.0
-118.03,34.06,36.0,1018.0,305.0,1307.0,292.0,2,162100.0
-118.03,34.06,31.0,1513.0,389.0,1396.0,364.0,2,170600.0
-118.03,34.06,27.0,2510.0,783.0,3481.0,726.0,2,157800.0
-118.03,34.06,24.0,2469.0,731.0,3818.0,712.0,3,151400.0
-118.03,34.06,24.0,2343.0,834.0,3537.0,824.0,2,135200.0
-118.03,34.05,36.0,1345.0,331.0,1511.0,309.0,4,142300.0
-118.03,34.01,10.0,6531.0,1036.0,2975.0,1018.0,6,403700.0
-118.03,33.99,52.0,2792.0,461.0,1177.0,439.0,3,243800.0
-118.03,33.98,46.0,1974.0,465.0,880.0,441.0,3,236800.0
-118.03,33.97,39.0,2126.0,434.0,1103.0,433.0,3,196200.0
-118.03,33.97,39.0,1996.0,389.0,1029.0,387.0,5,224300.0
-118.03,33.97,36.0,2149.0,527.0,1359.0,481.0,3,167900.0
-118.03,33.97,36.0,1601.0,290.0,715.0,284.0,5,232400.0
-118.03,33.96,37.0,1745.0,365.0,1022.0,368.0,4,171400.0
-118.03,33.95,37.0,1772.0,321.0,934.0,326.0,4,177800.0
-118.03,33.95,34.0,1882.0,428.0,1034.0,375.0,4,173200.0
-118.03,33.94,37.0,1699.0,302.0,889.0,271.0,4,179800.0
-118.03,33.94,34.0,1748.0,386.0,917.0,378.0,3,169000.0
-118.03,33.94,30.0,2572.0,521.0,1564.0,501.0,3,177200.0
-118.03,33.93,22.0,3382.0,800.0,2688.0,784.0,4,164700.0
-118.03,33.92,35.0,2108.0,405.0,1243.0,394.0,4,167000.0
-118.03,33.92,30.0,1414.0,332.0,1307.0,315.0,3,158300.0
-118.03,33.91,32.0,4040.0,832.0,2526.0,798.0,3,160100.0
-118.03,33.9,36.0,1143.0,193.0,826.0,188.0,5,171100.0
-118.03,33.9,35.0,1434.0,279.0,744.0,252.0,4,202400.0
-118.03,33.87,16.0,2306.0,393.0,1368.0,387.0,6,277600.0
-118.03,33.86,19.0,1795.0,328.0,1014.0,322.0,5,289300.0
-118.03,33.85,30.0,2320.0,448.0,1434.0,452.0,4,203700.0
-118.03,33.85,23.0,5495.0,1141.0,2873.0,1004.0,4,224100.0
-118.03,33.85,16.0,1831.0,390.0,1347.0,389.0,4,344400.0
-118.03,33.83,34.0,3203.0,653.0,2072.0,691.0,4,198400.0
-118.03,33.83,25.0,768.0,195.0,529.0,184.0,3,132800.0
-118.03,33.83,25.0,3030.0,532.0,1668.0,509.0,5,229600.0
-118.03,33.82,17.0,2178.0,477.0,1077.0,457.0,4,245300.0
-118.03,33.82,17.0,1851.0,346.0,770.0,310.0,6,244400.0
-118.03,33.81,26.0,3635.0,567.0,1779.0,543.0,6,237400.0
-118.03,33.79,32.0,3191.0,634.0,1718.0,611.0,4,216600.0
-118.03,33.79,26.0,5321.0,889.0,2932.0,896.0,6,237600.0
-118.03,33.78,25.0,3554.0,528.0,1600.0,537.0,7,270100.0
-118.03,33.77,27.0,2000.0,310.0,880.0,294.0,6,218900.0
-118.03,33.76,32.0,2980.0,494.0,1370.0,481.0,5,223500.0
-118.03,33.72,24.0,5203.0,957.0,2465.0,946.0,5,261000.0
-118.03,33.71,26.0,1483.0,251.0,738.0,235.0,6,271400.0
-118.03,33.7,15.0,3244.0,421.0,1259.0,413.0,8,395300.0
-118.04,34.17,52.0,1885.0,401.0,764.0,373.0,4,265700.0
-118.04,34.16,38.0,1594.0,249.0,633.0,247.0,6,350700.0
-118.04,34.15,34.0,1523.0,311.0,676.0,295.0,3,377200.0
-118.04,34.13,39.0,2485.0,382.0,1072.0,342.0,6,430200.0
-118.04,34.13,35.0,249.0,31.0,268.0,29.0,15,500001.0
-118.04,34.13,22.0,3359.0,643.0,1227.0,588.0,5,276200.0
-118.04,34.12,44.0,2007.0,288.0,921.0,307.0,7,500001.0
-118.04,34.12,39.0,2522.0,380.0,1113.0,357.0,5,445200.0
-118.04,34.12,30.0,2170.0,318.0,984.0,309.0,6,500001.0
-118.04,34.11,37.0,1275.0,177.0,598.0,174.0,7,500001.0
-118.04,34.1,39.0,2302.0,412.0,1590.0,406.0,5,273800.0
-118.04,34.1,38.0,2317.0,451.0,1155.0,426.0,4,235300.0
-118.04,34.09,34.0,2597.0,461.0,1542.0,470.0,5,248900.0
-118.04,34.09,34.0,2001.0,388.0,1461.0,397.0,4,183000.0
-118.04,34.09,32.0,1339.0,334.0,817.0,349.0,3,186000.0
-118.04,34.08,35.0,1148.0,258.0,975.0,253.0,4,173300.0
-118.04,34.07,52.0,177.0,59.0,269.0,75.0,2,131300.0
-118.04,34.07,39.0,2451.0,649.0,2536.0,648.0,2,173100.0
-118.04,34.06,39.0,1258.0,245.0,988.0,228.0,3,176100.0
-118.04,34.06,31.0,957.0,295.0,1300.0,287.0,2,153400.0
-118.04,34.06,30.0,2019.0,551.0,2481.0,484.0,3,154200.0
-118.04,34.05,34.0,1058.0,230.0,1043.0,229.0,3,137500.0
-118.04,34.05,32.0,1252.0,273.0,1337.0,263.0,3,156800.0
-118.04,34.04,35.0,1734.0,363.0,1527.0,344.0,3,160600.0
-118.04,34.04,32.0,1619.0,323.0,1492.0,342.0,4,165100.0
-118.04,34.0,30.0,5308.0,854.0,2114.0,838.0,5,279200.0
-118.04,33.99,47.0,2530.0,565.0,1262.0,509.0,4,197100.0
-118.04,33.99,36.0,3531.0,754.0,1613.0,697.0,3,198600.0
-118.04,33.98,50.0,1951.0,458.0,1362.0,454.0,3,163200.0
-118.04,33.98,43.0,2446.0,764.0,1699.0,692.0,3,163300.0
-118.04,33.98,28.0,1617.0,507.0,1158.0,486.0,2,165600.0
-118.04,33.98,25.0,3040.0,831.0,1580.0,735.0,2,182100.0
-118.04,33.97,29.0,2376.0,700.0,1968.0,680.0,3,162500.0
-118.04,33.97,25.0,2945.0,914.0,2313.0,832.0,3,177500.0
-118.04,33.96,42.0,1430.0,338.0,1269.0,321.0,3,148800.0
-118.04,33.96,37.0,1948.0,395.0,1163.0,379.0,3,154000.0
-118.04,33.95,36.0,2722.0,515.0,1390.0,486.0,4,178500.0
-118.04,33.95,36.0,1976.0,368.0,1236.0,355.0,5,174000.0
-118.04,33.95,35.0,1945.0,357.0,1227.0,359.0,5,171900.0
-118.04,33.94,37.0,1328.0,273.0,1115.0,275.0,4,164400.0
-118.04,33.94,31.0,3808.0,670.0,2430.0,660.0,5,173900.0
-118.04,33.93,36.0,1726.0,332.0,1293.0,310.0,4,144100.0
-118.04,33.93,36.0,1045.0,239.0,1165.0,230.0,3,161800.0
-118.04,33.92,35.0,2469.0,522.0,2151.0,537.0,3,156200.0
-118.04,33.92,34.0,1995.0,417.0,1573.0,407.0,3,153500.0
-118.04,33.9,36.0,15.0,5.0,15.0,6.0,0,162500.0
-118.04,33.88,17.0,4807.0,838.0,3059.0,853.0,6,297300.0
-118.04,33.87,18.0,4626.0,822.0,2794.0,763.0,6,275100.0
-118.04,33.87,17.0,2358.0,396.0,1387.0,364.0,6,285800.0
-118.04,33.86,21.0,2870.0,437.0,1671.0,470.0,7,322700.0
-118.04,33.85,24.0,2233.0,347.0,1162.0,355.0,6,279200.0
-118.04,33.84,21.0,6623.0,1204.0,3193.0,1129.0,5,256000.0
-118.04,33.83,20.0,1488.0,312.0,972.0,283.0,4,201900.0
-118.04,33.83,19.0,4526.0,830.0,2318.0,748.0,5,320700.0
-118.04,33.82,26.0,4105.0,637.0,2072.0,648.0,6,273900.0
-118.04,33.81,27.0,2990.0,515.0,1849.0,497.0,6,216100.0
-118.04,33.81,22.0,4057.0,624.0,2204.0,643.0,6,241000.0
-118.04,33.78,26.0,3642.0,557.0,1623.0,569.0,6,259400.0
-118.04,33.78,25.0,3715.0,575.0,1640.0,572.0,6,247100.0
-118.04,33.76,25.0,4061.0,545.0,1623.0,527.0,7,294900.0
-118.04,33.76,16.0,2070.0,263.0,878.0,297.0,7,338800.0
-118.04,33.75,16.0,3757.0,650.0,1291.0,614.0,5,235600.0
-118.04,33.74,26.0,2532.0,421.0,1274.0,441.0,5,235800.0
-118.04,33.72,15.0,1836.0,490.0,942.0,477.0,4,182500.0
-118.04,33.72,14.0,4494.0,1048.0,2222.0,963.0,5,169400.0
-118.04,33.71,12.0,4014.0,868.0,1605.0,769.0,6,396900.0
-118.05,36.64,34.0,2090.0,478.0,896.0,426.0,2,74200.0
-118.05,34.17,45.0,2535.0,455.0,1036.0,437.0,5,388900.0
-118.05,34.16,36.0,3908.0,732.0,1688.0,725.0,5,376800.0
-118.05,34.15,32.0,5131.0,665.0,1877.0,622.0,8,500001.0
-118.05,34.13,23.0,3264.0,729.0,1475.0,668.0,4,218300.0
-118.05,34.12,20.0,5218.0,959.0,2302.0,850.0,4,476700.0
-118.05,34.11,48.0,1410.0,304.0,677.0,274.0,3,272400.0
-118.05,34.1,42.0,2065.0,404.0,1313.0,402.0,4,274300.0
-118.05,34.1,30.0,2143.0,427.0,1107.0,416.0,4,252200.0
-118.05,34.09,23.0,602.0,135.0,409.0,123.0,4,146400.0
-118.05,34.08,34.0,572.0,154.0,752.0,182.0,2,138800.0
-118.05,34.08,30.0,1572.0,427.0,1857.0,428.0,2,159200.0
-118.05,34.08,25.0,4909.0,1422.0,4983.0,1293.0,3,143500.0
-118.05,34.07,32.0,4492.0,1075.0,4119.0,1035.0,3,183100.0
-118.05,34.06,45.0,531.0,164.0,722.0,166.0,2,162500.0
-118.05,34.06,32.0,2286.0,654.0,2991.0,655.0,2,174500.0
-118.05,34.06,25.0,1022.0,291.0,1570.0,297.0,3,142000.0
-118.05,34.05,36.0,1084.0,202.0,920.0,199.0,4,162200.0
-118.05,34.04,33.0,1348.0,260.0,1098.0,257.0,4,161200.0
-118.05,34.02,31.0,40.0,8.0,25.0,7.0,2,375000.0
-118.05,33.99,42.0,2480.0,401.0,1085.0,438.0,5,263400.0
-118.05,33.99,38.0,1619.0,379.0,886.0,357.0,4,182400.0
-118.05,33.98,41.0,1694.0,413.0,1222.0,387.0,3,155300.0
-118.05,33.98,41.0,1406.0,428.0,1174.0,390.0,2,137500.0
-118.05,33.98,34.0,2142.0,390.0,1305.0,406.0,4,172800.0
-118.05,33.97,36.0,2854.0,688.0,2816.0,673.0,4,154000.0
-118.05,33.96,37.0,2622.0,652.0,2778.0,644.0,3,160300.0
-118.05,33.94,34.0,495.0,120.0,527.0,130.0,2,149000.0
-118.05,33.93,35.0,2107.0,480.0,2241.0,443.0,3,150000.0
-118.05,33.92,33.0,1999.0,470.0,2170.0,466.0,3,154700.0
-118.05,33.87,18.0,4928.0,773.0,2952.0,754.0,6,313800.0
-118.05,33.86,16.0,2851.0,626.0,1985.0,603.0,5,265600.0
-118.05,33.86,16.0,2676.0,391.0,1377.0,395.0,7,350400.0
-118.05,33.85,25.0,2856.0,388.0,1212.0,362.0,6,313100.0
-118.05,33.83,24.0,4316.0,678.0,2286.0,665.0,6,286700.0
-118.05,33.82,25.0,1548.0,279.0,732.0,265.0,5,159600.0
-118.05,33.82,21.0,2997.0,372.0,1323.0,372.0,9,386700.0
-118.05,33.81,26.0,2523.0,437.0,1377.0,450.0,5,234600.0
-118.05,33.79,19.0,1863.0,355.0,1260.0,317.0,3,277400.0
-118.05,33.78,25.0,3112.0,435.0,1098.0,401.0,6,353500.0
-118.05,33.78,18.0,3414.0,434.0,1272.0,454.0,9,390900.0
-118.05,33.73,25.0,2472.0,450.0,1301.0,467.0,5,266100.0
-118.05,33.72,17.0,1875.0,472.0,900.0,406.0,5,226100.0
-118.05,33.72,14.0,2673.0,687.0,1192.0,656.0,4,188900.0
-118.05,33.71,25.0,4150.0,570.0,1424.0,547.0,9,461600.0
-118.05,33.65,5.0,7017.0,935.0,2427.0,867.0,10,477700.0
-118.06,35.68,15.0,1962.0,403.0,730.0,321.0,2,67500.0
-118.06,34.71,14.0,2606.0,514.0,1228.0,512.0,3,150000.0
-118.06,34.17,38.0,2726.0,398.0,1059.0,380.0,7,410400.0
-118.06,34.16,46.0,1467.0,298.0,816.0,267.0,4,286500.0
-118.06,34.16,34.0,2297.0,419.0,909.0,412.0,5,362500.0
-118.06,34.14,42.0,2461.0,379.0,1179.0,360.0,7,437300.0
-118.06,34.14,40.0,2662.0,379.0,1151.0,387.0,8,500001.0
-118.06,34.13,40.0,4307.0,918.0,1769.0,845.0,4,391500.0
-118.06,34.13,28.0,12139.0,2873.0,5359.0,2731.0,3,227300.0
-118.06,34.12,25.0,3891.0,848.0,1848.0,759.0,4,248100.0
-118.06,34.11,39.0,2603.0,547.0,1196.0,487.0,3,248700.0
-118.06,34.1,43.0,1833.0,355.0,786.0,334.0,4,256700.0
-118.06,34.1,42.0,1576.0,313.0,697.0,282.0,4,283600.0
-118.06,34.1,38.0,3229.0,636.0,1599.0,609.0,4,257100.0
-118.06,34.1,38.0,2438.0,442.0,1308.0,461.0,4,260100.0
-118.06,34.1,38.0,1960.0,330.0,874.0,308.0,5,265900.0
-118.06,34.09,40.0,1975.0,389.0,1116.0,378.0,4,251600.0
-118.06,34.09,38.0,2036.0,388.0,1096.0,371.0,4,262500.0
-118.06,34.09,36.0,1239.0,238.0,717.0,237.0,3,258100.0
-118.06,34.08,37.0,778.0,205.0,850.0,198.0,3,180500.0
-118.06,34.08,34.0,1197.0,260.0,942.0,245.0,3,189100.0
-118.06,34.07,30.0,2308.0,674.0,3034.0,691.0,2,184400.0
-118.06,34.06,28.0,2127.0,625.0,3160.0,620.0,3,173900.0
-118.06,34.06,28.0,1778.0,605.0,2184.0,574.0,2,165900.0
-118.06,34.04,28.0,1516.0,363.0,1011.0,344.0,3,160300.0
-118.06,34.02,25.0,3548.0,639.0,2653.0,664.0,5,188800.0
-118.06,34.01,34.0,1962.0,396.0,1488.0,332.0,4,155100.0
-118.06,33.99,47.0,1588.0,309.0,827.0,292.0,4,166100.0
-118.06,33.99,46.0,1203.0,219.0,637.0,211.0,3,174400.0
-118.06,33.99,45.0,1471.0,255.0,670.0,250.0,5,188000.0
-118.06,33.99,38.0,862.0,178.0,484.0,176.0,4,186200.0
-118.06,33.98,50.0,1146.0,238.0,579.0,213.0,3,172600.0
-118.06,33.98,42.0,1342.0,243.0,615.0,208.0,5,186900.0
-118.06,33.98,40.0,1723.0,370.0,1221.0,370.0,3,169200.0
-118.06,33.98,40.0,1410.0,255.0,932.0,273.0,4,178000.0
-118.06,33.98,38.0,1862.0,319.0,975.0,305.0,5,177600.0
-118.06,33.97,39.0,1639.0,300.0,988.0,309.0,4,175800.0
-118.06,33.97,37.0,1645.0,308.0,1077.0,320.0,4,159200.0
-118.06,33.91,36.0,1360.0,271.0,909.0,275.0,5,173300.0
-118.06,33.91,24.0,4880.0,1044.0,4516.0,1050.0,4,157700.0
-118.06,33.9,37.0,1161.0,254.0,882.0,236.0,4,158000.0
-118.06,33.89,26.0,2483.0,412.0,1538.0,449.0,5,220500.0
-118.06,33.88,17.0,7187.0,1073.0,3844.0,1068.0,7,337400.0
-118.06,33.86,16.0,5603.0,938.0,3045.0,893.0,5,293700.0
-118.06,33.85,16.0,4851.0,726.0,2527.0,704.0,6,437400.0
-118.06,33.84,26.0,6960.0,1454.0,4367.0,1437.0,5,210900.0
-118.06,33.84,20.0,5643.0,1231.0,3841.0,1195.0,4,168400.0
-118.06,33.83,21.0,3941.0,655.0,1897.0,670.0,5,343900.0
-118.06,33.83,17.0,1973.0,516.0,1112.0,501.0,4,163800.0
-118.06,33.82,24.0,3983.0,675.0,1568.0,638.0,5,213400.0
-118.06,33.81,25.0,3497.0,513.0,1839.0,544.0,5,263000.0
-118.06,33.8,21.0,2196.0,504.0,1215.0,477.0,5,196900.0
-118.06,33.8,20.0,1379.0,333.0,937.0,304.0,4,195300.0
-118.06,33.78,22.0,4048.0,562.0,1637.0,541.0,7,355600.0
-118.06,33.73,16.0,4392.0,602.0,1490.0,578.0,11,500001.0
-118.06,33.72,22.0,4311.0,531.0,1426.0,533.0,10,500001.0
-118.06,33.72,17.0,4573.0,937.0,1619.0,796.0,6,500001.0
-118.06,33.72,14.0,2665.0,331.0,964.0,319.0,15,500001.0
-118.07,34.58,34.0,3416.0,601.0,1929.0,567.0,4,107400.0
-118.07,34.56,5.0,10264.0,1821.0,5871.0,1790.0,4,145500.0
-118.07,34.51,14.0,2798.0,459.0,1236.0,404.0,5,239900.0
-118.07,34.17,36.0,2415.0,394.0,1215.0,413.0,6,326100.0
-118.07,34.17,35.0,2142.0,373.0,986.0,374.0,6,326000.0
-118.07,34.16,39.0,1804.0,265.0,730.0,276.0,6,397500.0
-118.07,34.16,35.0,3585.0,671.0,1401.0,623.0,4,330000.0
-118.07,34.15,45.0,1095.0,237.0,672.0,234.0,3,209200.0
-118.07,34.14,42.0,3200.0,685.0,1668.0,628.0,3,260400.0
-118.07,34.13,27.0,3787.0,913.0,1992.0,853.0,3,251200.0
-118.07,34.12,43.0,1554.0,287.0,802.0,277.0,4,272600.0
-118.07,34.12,30.0,2201.0,559.0,1194.0,531.0,4,279900.0
-118.07,34.11,47.0,832.0,194.0,419.0,156.0,3,225000.0
-118.07,34.11,41.0,2869.0,563.0,1627.0,533.0,5,270700.0
-118.07,34.1,34.0,2253.0,522.0,1262.0,511.0,3,259800.0
-118.07,34.1,32.0,4275.0,1061.0,2812.0,1012.0,3,214100.0
-118.07,34.1,28.0,676.0,177.0,543.0,185.0,3,187500.0
-118.07,34.09,33.0,2178.0,445.0,1153.0,400.0,4,212000.0
-118.07,34.08,38.0,2462.0,553.0,1843.0,538.0,3,211900.0
-118.07,34.07,31.0,1370.0,284.0,1062.0,277.0,4,199300.0
-118.07,34.07,19.0,1554.0,393.0,1427.0,370.0,3,207100.0
-118.07,34.06,34.0,2873.0,718.0,2758.0,699.0,3,168600.0
-118.07,34.01,38.0,2245.0,444.0,1540.0,419.0,4,171000.0
-118.07,34.01,36.0,1391.0,283.0,1025.0,275.0,3,176800.0
-118.07,34.0,42.0,1392.0,351.0,1471.0,348.0,3,143800.0
-118.07,34.0,37.0,2976.0,636.0,2117.0,598.0,4,167300.0
-118.07,33.99,41.0,1204.0,252.0,1002.0,248.0,3,163300.0
-118.07,33.99,39.0,552.0,151.0,807.0,168.0,3,153300.0
-118.07,33.99,35.0,1625.0,302.0,1134.0,288.0,5,164900.0
-118.07,33.98,41.0,1478.0,273.0,916.0,281.0,4,169800.0
-118.07,33.98,32.0,3304.0,714.0,2032.0,690.0,3,167800.0
-118.07,33.97,36.0,1887.0,370.0,1006.0,329.0,3,170700.0
-118.07,33.97,32.0,3400.0,826.0,3017.0,793.0,2,155600.0
-118.07,33.96,30.0,928.0,230.0,913.0,214.0,3,147100.0
-118.07,33.91,35.0,2228.0,463.0,1558.0,427.0,4,157700.0
-118.07,33.9,45.0,1776.0,353.0,1180.0,337.0,5,169200.0
-118.07,33.9,42.0,1007.0,224.0,776.0,228.0,4,162700.0
-118.07,33.9,39.0,2502.0,546.0,1849.0,518.0,4,164100.0
-118.07,33.89,35.0,1145.0,274.0,1651.0,265.0,3,120300.0
-118.07,33.89,32.0,1819.0,386.0,1679.0,360.0,4,146000.0
-118.07,33.89,29.0,1138.0,217.0,964.0,222.0,5,185300.0
-118.07,33.89,17.0,2223.0,544.0,2008.0,512.0,3,160800.0
-118.07,33.88,18.0,2436.0,375.0,1303.0,386.0,6,344700.0
-118.07,33.88,17.0,2407.0,539.0,1422.0,524.0,4,139700.0
-118.07,33.88,16.0,4934.0,825.0,2668.0,810.0,6,284200.0
-118.07,33.87,28.0,2399.0,436.0,1613.0,429.0,4,220100.0
-118.07,33.87,18.0,3405.0,556.0,1945.0,509.0,6,299100.0
-118.07,33.86,31.0,2943.0,518.0,1703.0,472.0,4,225900.0
-118.07,33.86,28.0,1789.0,352.0,1347.0,330.0,3,189700.0
-118.07,33.85,16.0,3771.0,606.0,2196.0,564.0,7,319700.0
-118.07,33.83,17.0,4822.0,1168.0,3868.0,1117.0,3,142900.0
-118.07,33.82,27.0,3481.0,576.0,1660.0,560.0,6,228200.0
-118.07,33.81,22.0,2711.0,352.0,1305.0,368.0,9,398800.0
-118.07,33.8,22.0,1391.0,338.0,810.0,295.0,4,218200.0
-118.07,33.79,26.0,4422.0,624.0,1936.0,625.0,6,320700.0
-118.07,33.73,13.0,1822.0,313.0,643.0,303.0,10,401700.0
-118.07,33.72,32.0,1179.0,250.0,369.0,209.0,5,500001.0
-118.07,33.72,24.0,1240.0,296.0,513.0,254.0,5,485000.0
-118.07,33.67,13.0,5126.0,711.0,2429.0,718.0,10,437900.0
-118.08,34.58,12.0,3851.0,857.0,2169.0,811.0,3,116300.0
-118.08,34.56,14.0,5144.0,887.0,2846.0,824.0,5,137200.0
-118.08,34.16,42.0,3490.0,665.0,1713.0,620.0,5,242400.0
-118.08,34.15,28.0,238.0,58.0,142.0,31.0,0,500001.0
-118.08,34.14,52.0,1282.0,189.0,431.0,187.0,6,470800.0
-118.08,34.14,42.0,2690.0,589.0,1149.0,535.0,4,281100.0
-118.08,34.13,46.0,1238.0,147.0,377.0,145.0,8,500001.0
-118.08,34.13,39.0,788.0,128.0,413.0,139.0,6,396700.0
-118.08,34.13,35.0,1897.0,279.0,733.0,291.0,7,500001.0
-118.08,34.13,28.0,4465.0,985.0,2273.0,949.0,4,228500.0
-118.08,34.12,41.0,1598.0,280.0,807.0,282.0,6,325000.0
-118.08,34.12,34.0,2921.0,641.0,1541.0,562.0,4,264100.0
-118.08,34.12,27.0,1685.0,341.0,757.0,317.0,4,270500.0
-118.08,34.11,42.0,2628.0,525.0,1494.0,523.0,4,257200.0
-118.08,34.11,42.0,1969.0,353.0,927.0,354.0,6,285300.0
-118.08,34.1,36.0,2679.0,548.0,1605.0,533.0,4,213200.0
-118.08,34.1,32.0,2830.0,645.0,1500.0,527.0,3,214600.0
-118.08,34.09,34.0,1823.0,457.0,1485.0,401.0,4,207200.0
-118.08,34.09,33.0,2557.0,578.0,1715.0,530.0,3,208800.0
-118.08,34.09,32.0,3214.0,718.0,2316.0,751.0,4,206800.0
-118.08,34.08,43.0,1716.0,402.0,1343.0,386.0,3,211400.0
-118.08,34.04,20.0,5841.0,1146.0,3273.0,1131.0,5,185100.0
-118.08,34.02,14.0,3789.0,810.0,2551.0,793.0,3,144200.0
-118.08,34.01,36.0,1248.0,322.0,1282.0,326.0,3,147600.0
-118.08,34.01,34.0,1914.0,549.0,2122.0,529.0,3,150200.0
-118.08,34.01,33.0,1091.0,233.0,890.0,226.0,3,176400.0
-118.08,34.01,32.0,1973.0,401.0,1322.0,386.0,3,158100.0
-118.08,34.0,35.0,1188.0,342.0,1373.0,332.0,3,150900.0
-118.08,33.99,38.0,1683.0,328.0,1369.0,339.0,4,170700.0
-118.08,33.99,37.0,1419.0,310.0,1125.0,296.0,2,162000.0
-118.08,33.99,36.0,2024.0,590.0,2028.0,573.0,3,163900.0
-118.08,33.98,39.0,1042.0,221.0,863.0,228.0,4,157800.0
-118.08,33.98,36.0,1492.0,282.0,1041.0,270.0,4,165800.0
-118.08,33.97,38.0,1026.0,190.0,789.0,193.0,4,163200.0
-118.08,33.97,36.0,1678.0,323.0,1380.0,352.0,4,163300.0
-118.08,33.97,36.0,1620.0,298.0,1258.0,309.0,4,166700.0
-118.08,33.97,35.0,825.0,155.0,590.0,144.0,5,161200.0
-118.08,33.96,35.0,2104.0,399.0,1659.0,387.0,4,165000.0
-118.08,33.96,34.0,1431.0,310.0,1162.0,288.0,4,165400.0
-118.08,33.95,37.0,1743.0,348.0,1328.0,354.0,3,162800.0
-118.08,33.94,21.0,3933.0,949.0,2219.0,820.0,2,171400.0
-118.08,33.93,39.0,859.0,164.0,673.0,172.0,4,158200.0
-118.08,33.93,39.0,1478.0,324.0,1127.0,320.0,4,158000.0
-118.08,33.93,34.0,1558.0,375.0,1179.0,337.0,3,165100.0
-118.08,33.93,33.0,2263.0,511.0,1626.0,457.0,4,172800.0
-118.08,33.92,39.0,1631.0,322.0,1034.0,328.0,5,165700.0
-118.08,33.92,34.0,2118.0,437.0,1414.0,442.0,4,166800.0
-118.08,33.91,36.0,1551.0,297.0,1100.0,322.0,5,168100.0
-118.08,33.91,30.0,3259.0,942.0,2744.0,895.0,3,165600.0
-118.08,33.91,30.0,1366.0,460.0,920.0,410.0,1,159900.0
-118.08,33.91,18.0,1573.0,396.0,1200.0,365.0,3,146900.0
-118.08,33.9,44.0,1167.0,237.0,733.0,237.0,4,168300.0
-118.08,33.9,42.0,1768.0,372.0,1155.0,368.0,4,161100.0
-118.08,33.89,41.0,834.0,166.0,603.0,179.0,4,167500.0
-118.08,33.89,37.0,1152.0,259.0,981.0,225.0,3,153600.0
-118.08,33.89,35.0,1071.0,290.0,1412.0,274.0,3,114900.0
-118.08,33.89,33.0,2131.0,435.0,2045.0,426.0,4,145700.0
-118.08,33.89,28.0,1035.0,275.0,1545.0,269.0,3,123400.0
-118.08,33.88,30.0,1901.0,519.0,2685.0,496.0,3,120100.0
-118.08,33.88,27.0,3065.0,736.0,1840.0,719.0,4,208100.0
-118.08,33.87,23.0,2536.0,552.0,2012.0,556.0,4,200800.0
-118.08,33.86,29.0,3260.0,783.0,1969.0,737.0,4,215500.0
-118.08,33.86,29.0,1018.0,235.0,684.0,248.0,3,198800.0
-118.08,33.86,26.0,778.0,173.0,539.0,186.0,3,236500.0
-118.08,33.86,17.0,2259.0,383.0,1378.0,386.0,6,287000.0
-118.08,33.85,22.0,1055.0,204.0,682.0,216.0,6,191300.0
-118.08,33.85,19.0,4261.0,678.0,2621.0,661.0,6,288700.0
-118.08,33.84,31.0,2906.0,578.0,1806.0,553.0,5,194600.0
-118.08,33.84,31.0,2377.0,600.0,2042.0,593.0,4,170400.0
-118.08,33.84,25.0,3696.0,953.0,2827.0,860.0,3,153300.0
-118.08,33.83,30.0,2188.0,556.0,2727.0,525.0,3,136800.0
-118.08,33.82,30.0,2636.0,652.0,3412.0,649.0,3,118300.0
-118.08,33.81,20.0,6295.0,937.0,2292.0,874.0,8,402500.0
-118.08,33.8,29.0,3675.0,613.0,1457.0,591.0,6,369400.0
-118.08,33.78,30.0,2879.0,403.0,1109.0,414.0,7,364700.0
-118.08,33.78,25.0,5321.0,967.0,1969.0,903.0,5,340100.0
-118.08,33.77,26.0,3083.0,806.0,960.0,723.0,2,68500.0
-118.08,33.77,26.0,2013.0,551.0,664.0,510.0,2,67500.0
-118.08,33.76,27.0,529.0,159.0,193.0,155.0,2,71300.0
-118.08,33.76,26.0,996.0,364.0,366.0,313.0,1,46700.0
-118.08,33.76,26.0,1967.0,577.0,692.0,538.0,2,54300.0
-118.08,33.76,25.0,1995.0,637.0,743.0,597.0,1,46900.0
-118.08,33.72,14.0,2021.0,396.0,696.0,367.0,7,340700.0
-118.09,34.74,34.0,1218.0,285.0,797.0,248.0,2,104800.0
-118.09,34.7,6.0,4558.0,804.0,1543.0,563.0,3,138500.0
-118.09,34.68,4.0,23386.0,4171.0,10493.0,3671.0,4,144000.0
-118.09,34.63,31.0,1537.0,416.0,1239.0,397.0,2,99200.0
-118.09,34.57,4.0,9761.0,1683.0,4970.0,1535.0,5,142900.0
-118.09,34.18,34.0,3113.0,409.0,1139.0,418.0,10,500001.0
-118.09,34.17,36.0,2875.0,552.0,1131.0,458.0,4,269300.0
-118.09,34.16,45.0,2199.0,358.0,942.0,353.0,5,321100.0
-118.09,34.15,49.0,1467.0,259.0,688.0,260.0,4,260100.0
-118.09,34.15,46.0,271.0,74.0,150.0,55.0,2,237500.0
-118.09,34.15,45.0,1345.0,356.0,749.0,327.0,3,210900.0
-118.09,34.14,40.0,3092.0,549.0,1457.0,536.0,5,373800.0
-118.09,34.12,45.0,2966.0,415.0,1231.0,409.0,8,500001.0
-118.09,34.12,38.0,2638.0,432.0,1284.0,433.0,5,342700.0
-118.09,34.11,45.0,1883.0,275.0,764.0,289.0,7,414800.0
-118.09,34.11,36.0,2966.0,527.0,1231.0,482.0,5,316800.0
-118.09,34.1,40.0,1904.0,393.0,1183.0,364.0,4,210400.0
-118.09,34.1,27.0,6010.0,1532.0,3620.0,1445.0,3,201700.0
-118.09,34.09,40.0,855.0,208.0,745.0,222.0,3,224000.0
-118.09,34.09,36.0,1068.0,246.0,949.0,250.0,2,188500.0
-118.09,34.08,42.0,1003.0,236.0,769.0,231.0,3,218300.0
-118.09,34.08,34.0,1513.0,384.0,986.0,336.0,3,235600.0
-118.09,34.08,33.0,1430.0,344.0,1165.0,328.0,3,206000.0
-118.09,34.07,45.0,593.0,133.0,481.0,128.0,3,199300.0
-118.09,34.07,38.0,1036.0,226.0,1058.0,235.0,3,184200.0
-118.09,34.07,31.0,1054.0,252.0,1032.0,258.0,2,188500.0
-118.09,34.07,26.0,794.0,182.0,709.0,170.0,3,170800.0
-118.09,34.06,38.0,3230.0,840.0,3485.0,827.0,3,171600.0
-118.09,34.06,31.0,1146.0,289.0,1163.0,258.0,2,185600.0
-118.09,34.05,22.0,1764.0,357.0,1379.0,363.0,4,199000.0
-118.09,34.04,24.0,1543.0,257.0,824.0,271.0,6,272600.0
-118.09,34.04,18.0,5580.0,1369.0,3842.0,1276.0,4,168500.0
-118.09,34.02,33.0,4853.0,1105.0,2855.0,1006.0,3,208600.0
-118.09,34.02,28.0,1984.0,313.0,1099.0,343.0,5,250200.0
-118.09,34.01,42.0,897.0,229.0,1094.0,238.0,2,114100.0
-118.09,34.01,36.0,1465.0,363.0,1538.0,342.0,4,150600.0
-118.09,34.01,31.0,1108.0,238.0,1151.0,229.0,4,149500.0
-118.09,34.0,36.0,1722.0,353.0,1174.0,335.0,3,160600.0
-118.09,34.0,35.0,1580.0,331.0,1290.0,338.0,4,162500.0
-118.09,33.99,34.0,1369.0,270.0,1005.0,272.0,4,172600.0
-118.09,33.98,39.0,936.0,194.0,691.0,211.0,4,169500.0
-118.09,33.98,37.0,1226.0,255.0,1068.0,271.0,3,172200.0
-118.09,33.97,39.0,1473.0,297.0,1108.0,294.0,4,166000.0
-118.09,33.97,35.0,2664.0,541.0,2033.0,491.0,4,164300.0
-118.09,33.96,36.0,3271.0,603.0,2593.0,616.0,3,169700.0
-118.09,33.96,36.0,1116.0,229.0,719.0,233.0,3,163200.0
-118.09,33.96,20.0,1911.0,472.0,1407.0,465.0,3,163000.0
-118.09,33.95,36.0,1991.0,396.0,1306.0,403.0,4,166600.0
-118.09,33.95,32.0,1083.0,206.0,737.0,218.0,4,170800.0
-118.09,33.94,36.0,2762.0,472.0,1576.0,493.0,4,183400.0
-118.09,33.94,33.0,1976.0,404.0,1379.0,395.0,4,175400.0
-118.09,33.93,37.0,1950.0,356.0,1183.0,338.0,4,175300.0
-118.09,33.93,36.0,1585.0,323.0,1205.0,343.0,5,183400.0
-118.09,33.92,36.0,2381.0,419.0,1669.0,444.0,5,171100.0
-118.09,33.92,36.0,1226.0,211.0,711.0,219.0,5,170800.0
-118.09,33.92,35.0,1994.0,419.0,1491.0,428.0,4,166200.0
-118.09,33.92,33.0,879.0,181.0,547.0,169.0,5,168600.0
-118.09,33.92,31.0,1983.0,419.0,1157.0,390.0,4,168300.0
-118.09,33.91,36.0,1442.0,271.0,990.0,268.0,4,162200.0
-118.09,33.91,34.0,1582.0,343.0,1356.0,324.0,3,141100.0
-118.09,33.91,14.0,2369.0,604.0,1546.0,464.0,4,159400.0
-118.09,33.9,36.0,1215.0,279.0,862.0,285.0,4,158700.0
-118.09,33.9,33.0,3326.0,720.0,2533.0,689.0,3,176300.0
-118.09,33.89,27.0,3399.0,882.0,2465.0,811.0,3,166600.0
-118.09,33.88,27.0,3119.0,635.0,1887.0,567.0,4,195300.0
-118.09,33.85,19.0,8120.0,1371.0,5026.0,1345.0,6,286500.0
-118.09,33.84,27.0,1594.0,295.0,1061.0,320.0,5,217700.0
-118.09,33.84,23.0,4412.0,910.0,2380.0,825.0,5,213100.0
-118.09,33.83,36.0,2734.0,448.0,1308.0,441.0,6,227300.0
-118.09,33.82,36.0,2219.0,393.0,1042.0,396.0,5,239800.0
-118.09,33.81,36.0,1878.0,323.0,846.0,325.0,7,254400.0
-118.09,33.81,36.0,1371.0,250.0,666.0,257.0,5,243300.0
-118.09,33.8,36.0,1724.0,322.0,838.0,328.0,4,253900.0
-118.09,33.79,36.0,4210.0,657.0,1911.0,631.0,6,247300.0
-118.09,33.79,31.0,4231.0,617.0,1694.0,623.0,7,360100.0
-118.09,33.78,26.0,2146.0,298.0,852.0,296.0,7,342700.0
-118.09,33.77,27.0,2301.0,640.0,847.0,627.0,2,67500.0
-118.09,33.77,26.0,5359.0,1508.0,1829.0,1393.0,2,61300.0
-118.09,33.77,26.0,1388.0,409.0,515.0,392.0,2,62000.0
-118.09,33.75,32.0,6239.0,974.0,2615.0,950.0,7,380000.0
-118.09,33.74,44.0,1671.0,390.0,871.0,367.0,5,422200.0
-118.09,33.71,19.0,1397.0,271.0,491.0,197.0,9,500001.0
-118.09,33.7,13.0,4770.0,969.0,2261.0,972.0,6,295100.0
-118.1,34.71,16.0,3914.0,819.0,1524.0,795.0,2,137500.0
-118.1,34.7,5.0,10356.0,1647.0,4562.0,1427.0,5,141100.0
-118.1,34.58,32.0,1489.0,306.0,774.0,267.0,3,103500.0
-118.1,34.58,29.0,2843.0,603.0,1517.0,573.0,3,106900.0
-118.1,34.57,7.0,20377.0,4335.0,11973.0,3933.0,3,138100.0
-118.1,34.18,47.0,2168.0,352.0,902.0,361.0,6,300900.0
-118.1,34.18,39.0,2321.0,336.0,880.0,339.0,8,450000.0
-118.1,34.17,46.0,1774.0,315.0,753.0,330.0,5,279600.0
-118.1,34.17,44.0,4505.0,894.0,2296.0,899.0,3,300500.0
-118.1,34.15,32.0,978.0,227.0,543.0,211.0,3,199000.0
-118.1,34.15,14.0,1442.0,369.0,782.0,343.0,3,177500.0
-118.1,34.14,45.0,3066.0,659.0,1287.0,625.0,4,324400.0
-118.1,34.13,44.0,1917.0,265.0,754.0,257.0,12,500001.0
-118.1,34.12,50.0,1835.0,231.0,636.0,211.0,12,500001.0
-118.1,34.12,49.0,3783.0,579.0,1601.0,539.0,6,500001.0
-118.1,34.11,49.0,3367.0,523.0,1317.0,495.0,7,351400.0
-118.1,34.1,52.0,1788.0,313.0,792.0,294.0,4,280000.0
-118.1,34.1,34.0,2578.0,645.0,1628.0,617.0,2,210900.0
-118.1,34.1,29.0,1937.0,448.0,1352.0,433.0,4,234600.0
-118.1,34.09,46.0,2822.0,525.0,1434.0,520.0,4,238300.0
-118.1,34.09,44.0,2352.0,484.0,1517.0,463.0,4,258000.0
-118.1,34.09,42.0,1460.0,289.0,829.0,273.0,5,227300.0
-118.1,34.08,37.0,2894.0,659.0,1977.0,636.0,3,208100.0
-118.1,34.08,24.0,4510.0,1296.0,3985.0,1240.0,3,204600.0
-118.1,34.08,21.0,1349.0,352.0,1188.0,330.0,2,182100.0
-118.1,34.07,36.0,3661.0,956.0,3816.0,931.0,3,185000.0
-118.1,34.07,33.0,3437.0,1081.0,3817.0,1042.0,2,203700.0
-118.1,34.07,29.0,1179.0,313.0,1255.0,308.0,3,176800.0
-118.1,34.06,36.0,1463.0,369.0,1492.0,366.0,3,179200.0
-118.1,34.06,31.0,2852.0,740.0,3100.0,725.0,3,178800.0
-118.1,34.05,31.0,3559.0,734.0,2975.0,715.0,4,183300.0
-118.1,34.05,26.0,1495.0,328.0,1296.0,304.0,3,152300.0
-118.1,34.02,37.0,1022.0,232.0,653.0,238.0,3,189400.0
-118.1,34.02,33.0,1143.0,172.0,508.0,174.0,5,279900.0
-118.1,34.01,42.0,1436.0,298.0,1005.0,298.0,3,195800.0
-118.1,34.01,23.0,1724.0,576.0,1336.0,542.0,1,183300.0
-118.1,34.0,32.0,2122.0,591.0,1929.0,539.0,3,169300.0
-118.1,33.99,36.0,1529.0,290.0,1271.0,287.0,4,175200.0
-118.1,33.99,35.0,1326.0,272.0,933.0,267.0,3,162500.0
-118.1,33.99,31.0,965.0,217.0,599.0,206.0,3,190300.0
-118.1,33.98,34.0,1357.0,310.0,1042.0,287.0,3,156700.0
-118.1,33.96,40.0,1743.0,328.0,981.0,291.0,4,173100.0
-118.1,33.96,38.0,1657.0,335.0,1195.0,309.0,4,160100.0
-118.1,33.96,36.0,2013.0,435.0,1476.0,475.0,4,192100.0
-118.1,33.96,36.0,1184.0,240.0,946.0,232.0,4,162500.0
-118.1,33.95,34.0,3635.0,781.0,2171.0,720.0,4,196900.0
-118.1,33.95,27.0,1666.0,365.0,995.0,354.0,5,204300.0
-118.1,33.94,34.0,1947.0,284.0,841.0,277.0,6,453600.0
-118.1,33.94,33.0,639.0,129.0,460.0,118.0,3,189000.0
-118.1,33.93,36.0,1124.0,217.0,707.0,234.0,4,174500.0
-118.1,33.93,35.0,1622.0,302.0,845.0,284.0,5,186100.0
-118.1,33.93,33.0,1474.0,325.0,1205.0,335.0,3,166800.0
-118.1,33.92,35.0,2017.0,383.0,1388.0,386.0,4,171600.0
-118.1,33.91,40.0,513.0,100.0,399.0,99.0,5,167600.0
-118.1,33.91,36.0,726.0,145.0,490.0,130.0,4,167600.0
-118.1,33.91,36.0,1080.0,201.0,719.0,201.0,4,175800.0
-118.1,33.91,35.0,1592.0,335.0,1238.0,320.0,5,165000.0
-118.1,33.9,43.0,1237.0,243.0,776.0,246.0,4,166000.0
-118.1,33.9,40.0,1880.0,377.0,1229.0,378.0,4,174600.0
-118.1,33.9,37.0,796.0,175.0,740.0,183.0,4,156400.0
-118.1,33.9,37.0,1061.0,202.0,768.0,206.0,5,161900.0
-118.1,33.9,35.0,1151.0,248.0,809.0,246.0,5,160000.0
-118.1,33.89,36.0,769.0,142.0,498.0,137.0,5,182100.0
-118.1,33.89,35.0,994.0,203.0,602.0,185.0,4,178000.0
-118.1,33.89,34.0,2242.0,436.0,1483.0,443.0,4,185600.0
-118.1,33.88,18.0,8046.0,1221.0,4276.0,1228.0,7,319600.0
-118.1,33.86,21.0,3052.0,624.0,1588.0,568.0,4,268100.0
-118.1,33.85,36.0,1473.0,253.0,713.0,257.0,6,228000.0
-118.1,33.85,28.0,2825.0,470.0,1352.0,469.0,5,242000.0
-118.1,33.85,19.0,993.0,174.0,572.0,175.0,6,277600.0
-118.1,33.84,36.0,690.0,109.0,316.0,104.0,4,209100.0
-118.1,33.84,36.0,1915.0,316.0,850.0,319.0,5,225800.0
-118.1,33.84,36.0,1557.0,270.0,697.0,251.0,5,219600.0
-118.1,33.84,35.0,1790.0,269.0,924.0,263.0,5,226200.0
-118.1,33.83,37.0,2059.0,349.0,825.0,334.0,4,225200.0
-118.1,33.83,36.0,1408.0,250.0,702.0,251.0,5,222500.0
-118.1,33.82,36.0,2422.0,420.0,1193.0,421.0,5,225700.0
-118.1,33.82,36.0,1946.0,346.0,871.0,336.0,5,254800.0
-118.1,33.82,36.0,1930.0,354.0,915.0,328.0,5,244400.0
-118.1,33.81,36.0,856.0,146.0,451.0,164.0,5,246000.0
-118.1,33.81,36.0,1962.0,325.0,786.0,315.0,6,239600.0
-118.1,33.8,37.0,1814.0,329.0,850.0,328.0,5,240800.0
-118.1,33.79,36.0,3359.0,596.0,1522.0,565.0,5,249400.0
-118.1,33.79,35.0,2370.0,379.0,996.0,380.0,6,287200.0
-118.1,33.78,35.0,4466.0,740.0,2134.0,743.0,6,251800.0
-118.1,33.74,37.0,997.0,262.0,531.0,282.0,5,400000.0
-118.1,33.74,33.0,2119.0,524.0,872.0,465.0,5,495500.0
-118.1,33.74,32.0,2035.0,520.0,934.0,512.0,4,500001.0
-118.1,33.74,31.0,1310.0,342.0,563.0,310.0,5,457100.0
-118.11,34.19,50.0,1430.0,186.0,620.0,201.0,10,483300.0
-118.11,34.18,52.0,3571.0,510.0,1434.0,490.0,6,376000.0
-118.11,34.17,50.0,3374.0,598.0,1484.0,569.0,5,261600.0
-118.11,34.17,46.0,2837.0,592.0,1453.0,549.0,3,234600.0
-118.11,34.16,52.0,3158.0,459.0,1229.0,444.0,5,325600.0
-118.11,34.16,52.0,2489.0,437.0,1101.0,438.0,4,320300.0
-118.11,34.15,40.0,1950.0,509.0,1038.0,438.0,3,196100.0
-118.11,34.15,26.0,2193.0,558.0,1186.0,559.0,4,184100.0
-118.11,34.14,52.0,2401.0,332.0,810.0,308.0,6,358700.0
-118.11,34.14,44.0,3298.0,615.0,1417.0,643.0,4,434800.0
-118.11,34.12,52.0,2954.0,371.0,1152.0,347.0,12,500001.0
-118.11,34.11,50.0,2131.0,294.0,753.0,284.0,7,352200.0
-118.11,34.1,49.0,2812.0,478.0,1329.0,490.0,5,292900.0
-118.11,34.1,44.0,2012.0,435.0,1454.0,456.0,3,226600.0
-118.11,34.1,20.0,3090.0,802.0,2109.0,738.0,3,192500.0
-118.11,34.08,45.0,1106.0,226.0,779.0,205.0,5,244800.0
-118.11,34.08,42.0,3172.0,644.0,1829.0,642.0,3,243200.0
-118.11,34.08,30.0,2350.0,472.0,945.0,467.0,3,201000.0
-118.11,34.07,46.0,1130.0,229.0,698.0,209.0,5,244400.0
-118.11,34.07,19.0,3215.0,907.0,3072.0,870.0,2,202300.0
-118.11,34.06,32.0,1273.0,344.0,1148.0,368.0,2,214700.0
-118.11,34.06,30.0,1547.0,436.0,1700.0,410.0,3,187500.0
-118.11,34.06,18.0,2609.0,721.0,2221.0,703.0,2,192300.0
-118.11,34.06,16.0,2416.0,565.0,1750.0,514.0,3,163700.0
-118.11,34.06,14.0,2628.0,668.0,2208.0,574.0,3,160300.0
-118.11,34.05,23.0,3436.0,565.0,1729.0,529.0,6,266700.0
-118.11,34.04,28.0,3913.0,696.0,2264.0,697.0,5,258000.0
-118.11,34.02,40.0,1727.0,309.0,932.0,313.0,4,210200.0
-118.11,34.01,43.0,1539.0,386.0,1122.0,377.0,2,196000.0
-118.11,34.01,41.0,815.0,252.0,775.0,231.0,2,190000.0
-118.11,34.01,22.0,1141.0,332.0,1189.0,321.0,2,162500.0
-118.11,34.0,38.0,2573.0,484.0,1568.0,459.0,3,193700.0
-118.11,34.0,24.0,2403.0,590.0,2103.0,547.0,3,193800.0
-118.11,33.98,36.0,446.0,108.0,410.0,117.0,3,147200.0
-118.11,33.97,33.0,2125.0,500.0,1672.0,476.0,4,166600.0
-118.11,33.96,29.0,2784.0,582.0,1278.0,550.0,4,261600.0
-118.11,33.95,36.0,2049.0,334.0,1105.0,363.0,5,261300.0
-118.11,33.95,34.0,2319.0,334.0,941.0,356.0,6,452300.0
-118.11,33.95,34.0,1723.0,279.0,617.0,252.0,7,400000.0
-118.11,33.94,37.0,1434.0,262.0,786.0,256.0,4,244900.0
-118.11,33.94,36.0,1949.0,319.0,909.0,325.0,5,296600.0
-118.11,33.94,32.0,2098.0,378.0,1036.0,385.0,5,255400.0
-118.11,33.93,35.0,2670.0,493.0,1196.0,488.0,4,283500.0
-118.11,33.93,17.0,1205.0,347.0,736.0,342.0,3,162500.0
-118.11,33.92,34.0,1414.0,263.0,983.0,264.0,4,156600.0
-118.11,33.92,32.0,1016.0,190.0,729.0,177.0,4,151300.0
-118.11,33.91,36.0,1088.0,231.0,617.0,211.0,4,193100.0
-118.11,33.91,29.0,889.0,166.0,597.0,163.0,5,186700.0
-118.11,33.91,22.0,1981.0,472.0,1231.0,457.0,4,153700.0
-118.11,33.9,36.0,1347.0,278.0,748.0,278.0,5,183100.0
-118.11,33.9,35.0,2604.0,495.0,1465.0,470.0,4,184600.0
-118.11,33.9,35.0,1323.0,269.0,1084.0,240.0,5,178000.0
-118.11,33.9,26.0,4173.0,893.0,2471.0,863.0,4,196000.0
-118.11,33.89,35.0,1139.0,197.0,772.0,233.0,4,204700.0
-118.11,33.88,35.0,1623.0,304.0,868.0,272.0,4,276000.0
-118.11,33.88,19.0,3203.0,708.0,1761.0,667.0,4,239700.0
-118.11,33.87,33.0,1379.0,254.0,795.0,297.0,5,231800.0
-118.11,33.86,35.0,1255.0,252.0,685.0,279.0,4,226900.0
-118.11,33.85,36.0,887.0,163.0,482.0,157.0,4,219500.0
-118.11,33.85,36.0,2418.0,389.0,1138.0,387.0,5,216300.0
-118.11,33.84,37.0,1588.0,272.0,692.0,245.0,5,220300.0
-118.11,33.84,36.0,1756.0,297.0,798.0,287.0,6,218300.0
-118.11,33.84,36.0,1523.0,263.0,717.0,278.0,5,218900.0
-118.11,33.84,36.0,1463.0,257.0,722.0,260.0,5,226300.0
-118.11,33.84,36.0,1074.0,188.0,496.0,196.0,5,217400.0
-118.11,33.83,37.0,1249.0,202.0,517.0,189.0,4,223100.0
-118.11,33.83,36.0,1784.0,303.0,964.0,299.0,4,220900.0
-118.11,33.83,36.0,1726.0,287.0,820.0,288.0,6,218100.0
-118.11,33.83,36.0,1462.0,233.0,664.0,220.0,5,225300.0
-118.11,33.82,37.0,1987.0,347.0,1095.0,357.0,4,232800.0
-118.11,33.82,37.0,1756.0,345.0,836.0,335.0,4,218200.0
-118.11,33.82,36.0,1999.0,390.0,887.0,379.0,4,221900.0
-118.11,33.82,36.0,1742.0,340.0,857.0,341.0,5,218200.0
-118.11,33.81,37.0,1694.0,280.0,776.0,271.0,6,257900.0
-118.11,33.81,36.0,1252.0,209.0,558.0,214.0,4,235600.0
-118.11,33.8,36.0,1837.0,319.0,810.0,305.0,4,235000.0
-118.11,33.8,36.0,1680.0,291.0,744.0,280.0,5,244800.0
-118.11,33.8,35.0,1034.0,180.0,444.0,177.0,5,231600.0
-118.11,33.79,36.0,2223.0,370.0,1039.0,370.0,6,257000.0
-118.11,33.79,36.0,1993.0,354.0,884.0,337.0,6,244900.0
-118.11,33.78,16.0,3985.0,567.0,1327.0,564.0,8,500001.0
-118.11,33.77,15.0,9103.0,1847.0,3333.0,1712.0,5,367300.0
-118.11,33.75,24.0,1608.0,314.0,592.0,314.0,5,390500.0
-118.11,33.75,15.0,2569.0,812.0,785.0,477.0,5,346400.0
-118.11,33.74,43.0,1222.0,303.0,565.0,309.0,5,500001.0
-118.11,33.73,32.0,1258.0,333.0,645.0,334.0,5,500001.0
-118.12,34.71,46.0,40.0,10.0,14.0,7.0,1,225000.0
-118.12,34.71,26.0,4230.0,823.0,2789.0,793.0,3,104000.0
-118.12,34.7,7.0,4915.0,885.0,2833.0,874.0,4,130000.0
-118.12,34.69,27.0,3019.0,501.0,1580.0,523.0,4,113500.0
-118.12,34.69,17.0,2479.0,390.0,1219.0,363.0,5,125700.0
-118.12,34.68,12.0,5319.0,875.0,2439.0,779.0,5,131500.0
-118.12,34.6,33.0,2189.0,497.0,1459.0,443.0,2,94500.0
-118.12,34.58,13.0,2614.0,650.0,1949.0,537.0,2,102600.0
-118.12,34.56,5.0,6446.0,1154.0,3427.0,1104.0,4,148500.0
-118.12,34.23,52.0,433.0,69.0,147.0,53.0,4,162500.0
-118.12,34.19,52.0,2405.0,299.0,970.0,319.0,9,444100.0
-118.12,34.18,47.0,2344.0,513.0,1537.0,481.0,3,230600.0
-118.12,34.18,44.0,2357.0,342.0,891.0,337.0,6,352700.0
-118.12,34.17,52.0,2948.0,542.0,1363.0,495.0,5,287900.0
-118.12,34.17,52.0,2166.0,483.0,1308.0,467.0,3,222600.0
-118.12,34.17,52.0,1835.0,330.0,777.0,317.0,4,315400.0
-118.12,34.17,37.0,2705.0,676.0,1551.0,608.0,2,225000.0
-118.12,34.15,35.0,1760.0,447.0,984.0,384.0,3,198200.0
-118.12,34.14,52.0,2337.0,352.0,981.0,328.0,6,490400.0
-118.12,34.14,25.0,3420.0,977.0,1718.0,947.0,3,217900.0
-118.12,34.13,52.0,2935.0,341.0,975.0,327.0,12,500001.0
-118.12,34.12,52.0,2907.0,317.0,956.0,279.0,15,500001.0
-118.12,34.11,52.0,2787.0,353.0,1057.0,364.0,10,500001.0
-118.12,34.11,48.0,2124.0,319.0,785.0,319.0,5,359600.0
-118.12,34.1,49.0,2057.0,430.0,1103.0,414.0,4,282600.0
-118.12,34.1,34.0,2918.0,555.0,1435.0,568.0,4,306300.0
-118.12,34.09,25.0,4870.0,1371.0,3518.0,1296.0,3,188400.0
-118.12,34.09,25.0,3603.0,1003.0,2719.0,913.0,3,208000.0
-118.12,34.08,52.0,1437.0,290.0,980.0,282.0,5,245700.0
-118.12,34.08,36.0,2433.0,585.0,1565.0,563.0,3,234900.0
-118.12,34.08,35.0,2248.0,615.0,1762.0,622.0,3,253900.0
-118.12,34.07,45.0,1770.0,423.0,1410.0,389.0,3,212500.0
-118.12,34.07,43.0,1050.0,252.0,820.0,244.0,2,215600.0
-118.12,34.06,25.0,1526.0,388.0,1304.0,378.0,3,214700.0
-118.12,34.06,25.0,1137.0,293.0,800.0,281.0,2,233300.0
-118.12,34.06,23.0,1190.0,347.0,965.0,327.0,2,211800.0
-118.12,34.06,17.0,5137.0,1614.0,4945.0,1535.0,2,181600.0
-118.12,34.05,32.0,3775.0,786.0,2416.0,792.0,4,247600.0
-118.12,34.04,35.0,1064.0,203.0,608.0,201.0,4,246900.0
-118.12,34.04,35.0,1038.0,209.0,598.0,190.0,6,254900.0
-118.12,34.04,34.0,2103.0,427.0,1355.0,434.0,5,235300.0
-118.12,34.03,20.0,2595.0,428.0,1751.0,479.0,6,308000.0
-118.12,34.02,36.0,1595.0,383.0,1105.0,359.0,2,205600.0
-118.12,34.02,25.0,2655.0,558.0,1466.0,525.0,3,265800.0
-118.12,34.01,40.0,1417.0,338.0,1068.0,331.0,2,164600.0
-118.12,34.01,33.0,1956.0,478.0,1472.0,464.0,2,166300.0
-118.12,34.0,31.0,3281.0,768.0,2385.0,733.0,3,173800.0
-118.12,33.99,24.0,1705.0,479.0,2037.0,459.0,2,137500.0
-118.12,33.98,44.0,932.0,179.0,717.0,180.0,4,178100.0
-118.12,33.97,35.0,708.0,145.0,471.0,153.0,3,197400.0
-118.12,33.97,33.0,3099.0,839.0,2025.0,750.0,3,191100.0
-118.12,33.96,38.0,2105.0,348.0,956.0,350.0,4,246000.0
-118.12,33.96,38.0,1301.0,264.0,877.0,275.0,5,191300.0
-118.12,33.96,36.0,1426.0,235.0,698.0,240.0,5,267300.0
-118.12,33.96,34.0,2863.0,451.0,1243.0,466.0,6,297200.0
-118.12,33.95,36.0,2752.0,459.0,1211.0,452.0,5,269800.0
-118.12,33.95,35.0,1604.0,280.0,802.0,280.0,6,291000.0
-118.12,33.94,35.0,1813.0,313.0,825.0,316.0,5,323800.0
-118.12,33.94,33.0,2206.0,393.0,973.0,364.0,5,283000.0
-118.12,33.94,31.0,2210.0,519.0,1047.0,472.0,3,271300.0
-118.12,33.93,27.0,580.0,143.0,466.0,133.0,3,187500.0
-118.12,33.92,27.0,6336.0,1628.0,4673.0,1505.0,3,183700.0
-118.12,33.91,36.0,2053.0,386.0,1023.0,394.0,3,216600.0
-118.12,33.91,36.0,1432.0,265.0,749.0,261.0,4,207400.0
-118.12,33.91,35.0,620.0,122.0,381.0,124.0,4,183900.0
-118.12,33.91,35.0,1518.0,279.0,857.0,251.0,4,197500.0
-118.12,33.91,34.0,682.0,132.0,491.0,144.0,5,173800.0
-118.12,33.89,29.0,2666.0,848.0,2030.0,781.0,3,180900.0
-118.12,33.89,22.0,6876.0,1960.0,5162.0,1879.0,3,170800.0
-118.12,33.88,40.0,2344.0,571.0,1305.0,544.0,3,191900.0
-118.12,33.88,36.0,1083.0,218.0,557.0,210.0,3,218400.0
-118.12,33.88,25.0,1768.0,559.0,983.0,488.0,3,243800.0
-118.12,33.87,43.0,1633.0,355.0,837.0,350.0,3,188000.0
-118.12,33.87,21.0,3764.0,1081.0,1919.0,977.0,3,156300.0
-118.12,33.86,44.0,2663.0,511.0,1277.0,462.0,4,199500.0
-118.12,33.86,34.0,2116.0,427.0,972.0,396.0,5,213600.0
-118.12,33.85,37.0,2386.0,409.0,1101.0,399.0,5,218200.0
-118.12,33.84,37.0,2706.0,462.0,1331.0,476.0,5,220000.0
-118.12,33.84,37.0,2143.0,382.0,1047.0,377.0,4,216000.0
-118.12,33.84,37.0,1242.0,221.0,565.0,213.0,4,215800.0
-118.12,33.83,45.0,1734.0,331.0,797.0,293.0,5,222800.0
-118.12,33.83,44.0,1712.0,314.0,691.0,293.0,4,221300.0
-118.12,33.82,43.0,1544.0,286.0,701.0,298.0,4,226000.0
-118.12,33.82,42.0,1493.0,277.0,671.0,267.0,3,224500.0
-118.12,33.81,36.0,2565.0,458.0,1155.0,443.0,5,224600.0
-118.12,33.81,36.0,1665.0,291.0,721.0,294.0,5,250700.0
-118.12,33.8,36.0,1257.0,205.0,530.0,211.0,5,251400.0
-118.12,33.8,35.0,1835.0,435.0,774.0,418.0,3,256300.0
-118.12,33.79,43.0,1471.0,301.0,767.0,311.0,4,232400.0
-118.12,33.79,41.0,1762.0,314.0,738.0,300.0,4,240700.0
-118.12,33.76,45.0,3035.0,516.0,1127.0,527.0,7,500001.0
-118.12,33.76,43.0,3070.0,668.0,1240.0,646.0,4,461500.0
-118.12,33.75,47.0,3330.0,569.0,1220.0,557.0,7,500001.0
-118.12,33.75,41.0,2072.0,491.0,742.0,414.0,4,500001.0
-118.13,34.7,34.0,1943.0,500.0,1078.0,446.0,1,93800.0
-118.13,34.69,34.0,2156.0,397.0,1269.0,388.0,3,96800.0
-118.13,34.69,32.0,3670.0,765.0,1986.0,673.0,4,108800.0
-118.13,34.68,28.0,718.0,124.0,347.0,121.0,4,102600.0
-118.13,34.58,29.0,2370.0,475.0,1746.0,483.0,4,113500.0
-118.13,34.44,10.0,2726.0,465.0,1773.0,459.0,5,319100.0
-118.13,34.21,36.0,1449.0,235.0,621.0,210.0,6,274100.0
-118.13,34.2,46.0,2676.0,427.0,1022.0,395.0,6,295500.0
-118.13,34.2,46.0,1271.0,236.0,573.0,210.0,5,240200.0
-118.13,34.2,45.0,1213.0,206.0,529.0,231.0,6,234000.0
-118.13,34.19,48.0,2539.0,425.0,930.0,364.0,5,303900.0
-118.13,34.19,43.0,1621.0,365.0,1015.0,329.0,3,242200.0
-118.13,34.19,42.0,2203.0,412.0,1012.0,377.0,4,234000.0
-118.13,34.18,52.0,3094.0,519.0,1309.0,488.0,6,310900.0
-118.13,34.17,49.0,1962.0,435.0,1329.0,457.0,3,200000.0
-118.13,34.16,36.0,2162.0,658.0,1337.0,590.0,2,176700.0
-118.13,34.16,33.0,2682.0,716.0,2050.0,692.0,2,169500.0
-118.13,34.15,9.0,2099.0,625.0,1252.0,554.0,3,173100.0
-118.13,34.15,18.0,1665.0,477.0,1095.0,390.0,3,155600.0
-118.13,34.14,29.0,3559.0,1034.0,1658.0,965.0,3,163900.0
-118.13,34.14,23.0,5465.0,1494.0,2511.0,1359.0,3,210900.0
-118.13,34.12,46.0,3156.0,430.0,1109.0,423.0,11,500001.0
-118.13,34.11,45.0,1780.0,289.0,755.0,328.0,5,351100.0
-118.13,34.1,26.0,3050.0,825.0,2153.0,772.0,3,214100.0
-118.13,34.09,42.0,700.0,212.0,662.0,210.0,3,191700.0
-118.13,34.09,42.0,2562.0,781.0,1936.0,687.0,2,219000.0
-118.13,34.09,21.0,3862.0,1186.0,2773.0,1102.0,3,188200.0
-118.13,34.08,40.0,1931.0,449.0,1367.0,446.0,3,228400.0
-118.13,34.08,35.0,2517.0,662.0,1883.0,607.0,3,223000.0
-118.13,34.07,32.0,1880.0,428.0,1404.0,424.0,3,220500.0
-118.13,34.07,20.0,2130.0,654.0,1870.0,578.0,2,192200.0
-118.13,34.06,30.0,1692.0,398.0,1130.0,365.0,3,198500.0
-118.13,34.06,17.0,1714.0,572.0,1590.0,568.0,1,183900.0
-118.13,34.05,35.0,3229.0,616.0,1879.0,595.0,4,268400.0
-118.13,34.04,42.0,2205.0,451.0,1392.0,423.0,4,211400.0
-118.13,34.04,40.0,1444.0,312.0,881.0,303.0,3,220500.0
-118.13,34.04,36.0,1938.0,364.0,1118.0,374.0,4,227300.0
-118.13,34.03,42.0,2203.0,467.0,1470.0,488.0,3,192200.0
-118.13,34.03,31.0,4267.0,1070.0,3176.0,1071.0,3,208200.0
-118.13,34.02,43.0,396.0,91.0,261.0,73.0,3,172900.0
-118.13,34.02,41.0,734.0,190.0,565.0,191.0,2,192000.0
-118.13,34.02,40.0,2988.0,690.0,2144.0,667.0,2,189300.0
-118.13,34.02,38.0,1243.0,310.0,788.0,286.0,3,185100.0
-118.13,34.02,36.0,984.0,275.0,1024.0,284.0,2,153500.0
-118.13,34.01,43.0,782.0,207.0,827.0,223.0,3,154300.0
-118.13,33.97,36.0,1759.0,295.0,837.0,267.0,5,251900.0
-118.13,33.97,34.0,1736.0,297.0,823.0,292.0,5,241600.0
-118.13,33.96,38.0,1040.0,202.0,557.0,228.0,4,254700.0
-118.13,33.96,36.0,1933.0,341.0,958.0,335.0,4,266000.0
-118.13,33.96,35.0,1500.0,250.0,706.0,250.0,5,253500.0
-118.13,33.95,37.0,1709.0,333.0,778.0,344.0,4,326600.0
-118.13,33.94,34.0,522.0,138.0,373.0,139.0,4,265000.0
-118.13,33.93,38.0,2040.0,458.0,1775.0,445.0,4,202400.0
-118.13,33.93,34.0,2122.0,517.0,1578.0,488.0,3,191900.0
-118.13,33.93,19.0,1793.0,447.0,1222.0,452.0,3,195800.0
-118.13,33.92,36.0,984.0,183.0,615.0,206.0,4,201500.0
-118.13,33.92,28.0,3069.0,864.0,1932.0,835.0,2,177200.0
-118.13,33.91,36.0,1967.0,316.0,910.0,306.0,4,190600.0
-118.13,33.91,35.0,561.0,104.0,261.0,105.0,5,183800.0
-118.13,33.91,34.0,916.0,162.0,552.0,164.0,5,222000.0
-118.13,33.9,38.0,1475.0,269.0,827.0,265.0,5,191600.0
-118.13,33.9,36.0,1814.0,350.0,886.0,347.0,3,208400.0
-118.13,33.9,35.0,1458.0,261.0,686.0,236.0,4,202700.0
-118.13,33.89,36.0,599.0,125.0,361.0,139.0,5,225800.0
-118.13,33.89,33.0,3668.0,867.0,2368.0,845.0,3,204900.0
-118.13,33.89,29.0,2823.0,737.0,1723.0,678.0,3,165500.0
-118.13,33.88,32.0,3088.0,1024.0,1981.0,956.0,2,192700.0
-118.13,33.88,32.0,1788.0,459.0,1131.0,461.0,4,166100.0
-118.13,33.87,45.0,1606.0,300.0,735.0,295.0,5,198400.0
-118.13,33.87,20.0,3638.0,868.0,2326.0,822.0,3,194600.0
-118.13,33.86,45.0,1866.0,343.0,919.0,344.0,4,200200.0
-118.13,33.86,37.0,2259.0,425.0,1183.0,413.0,5,201600.0
-118.13,33.85,36.0,2110.0,416.0,1128.0,403.0,5,208400.0
-118.13,33.85,36.0,1885.0,391.0,1049.0,405.0,4,212800.0
-118.13,33.84,46.0,2439.0,429.0,944.0,374.0,4,312400.0
-118.13,33.84,35.0,3008.0,674.0,1584.0,671.0,4,213200.0
-118.13,33.83,45.0,3087.0,574.0,1474.0,567.0,6,227600.0
-118.13,33.83,44.0,1710.0,333.0,786.0,344.0,4,314700.0
-118.13,33.82,44.0,1785.0,307.0,779.0,291.0,4,228600.0
-118.13,33.82,44.0,1619.0,280.0,815.0,284.0,6,232200.0
-118.13,33.82,37.0,1530.0,290.0,711.0,283.0,5,225400.0
-118.13,33.82,36.0,665.0,114.0,273.0,112.0,4,223700.0
-118.13,33.81,37.0,1228.0,237.0,572.0,242.0,4,223900.0
-118.13,33.81,37.0,1013.0,199.0,493.0,183.0,5,231400.0
-118.13,33.81,36.0,1749.0,322.0,855.0,319.0,5,227100.0
-118.13,33.81,34.0,1903.0,343.0,928.0,349.0,5,241900.0
-118.13,33.8,41.0,1509.0,325.0,821.0,314.0,4,223000.0
-118.13,33.8,36.0,1496.0,271.0,743.0,265.0,4,226000.0
-118.13,33.8,36.0,1026.0,182.0,505.0,176.0,4,233600.0
-118.13,33.79,45.0,2317.0,448.0,1057.0,428.0,4,234800.0
-118.13,33.79,44.0,2153.0,375.0,947.0,364.0,5,236200.0
-118.13,33.79,36.0,1245.0,211.0,508.0,221.0,5,480600.0
-118.13,33.79,29.0,2937.0,524.0,1132.0,528.0,5,500001.0
-118.13,33.79,20.0,6678.0,1797.0,3625.0,1599.0,4,242900.0
-118.13,33.78,45.0,1016.0,172.0,361.0,163.0,8,434500.0
-118.13,33.78,31.0,3039.0,739.0,1199.0,697.0,4,500001.0
-118.13,33.77,52.0,3697.0,691.0,1436.0,671.0,5,395200.0
-118.13,33.77,37.0,4365.0,926.0,1661.0,868.0,5,360700.0
-118.13,33.76,52.0,2216.0,526.0,940.0,530.0,5,381000.0
-118.13,33.76,46.0,2834.0,673.0,1175.0,670.0,5,363800.0
-118.13,33.76,44.0,1543.0,463.0,652.0,406.0,4,439300.0
-118.14,34.72,15.0,2181.0,361.0,1057.0,300.0,5,118100.0
-118.14,34.71,33.0,2347.0,461.0,1482.0,374.0,3,93000.0
-118.14,34.7,12.0,1984.0,614.0,1071.0,574.0,1,102100.0
-118.14,34.69,48.0,1379.0,327.0,696.0,304.0,2,94900.0
-118.14,34.69,35.0,2118.0,374.0,1108.0,360.0,3,100300.0
-118.14,34.68,33.0,2815.0,485.0,1447.0,489.0,4,119600.0
-118.14,34.68,31.0,2666.0,662.0,1337.0,602.0,2,101100.0
-118.14,34.68,25.0,1703.0,342.0,775.0,309.0,5,126500.0
-118.14,34.65,20.0,1257.0,201.0,551.0,186.0,5,247200.0
-118.14,34.57,6.0,9882.0,1892.0,4892.0,1621.0,4,167600.0
-118.14,34.2,39.0,2569.0,426.0,1282.0,432.0,5,207400.0
-118.14,34.19,49.0,1678.0,277.0,737.0,287.0,4,237000.0
-118.14,34.19,45.0,3595.0,619.0,1686.0,607.0,5,201000.0
-118.14,34.18,50.0,1493.0,326.0,1000.0,323.0,3,154400.0
-118.14,34.18,47.0,3457.0,622.0,1700.0,579.0,4,226500.0
-118.14,34.17,52.0,2687.0,600.0,1716.0,544.0,3,205700.0
-118.14,34.17,40.0,1054.0,251.0,1056.0,276.0,2,146700.0
-118.14,34.17,34.0,2384.0,604.0,2073.0,540.0,2,158000.0
-118.14,34.16,38.0,1843.0,565.0,1449.0,524.0,2,215400.0
-118.14,34.16,36.0,2973.0,807.0,2846.0,784.0,3,156300.0
-118.14,34.16,30.0,2598.0,757.0,2869.0,769.0,2,142300.0
-118.14,34.15,52.0,407.0,160.0,227.0,148.0,2,187500.0
-118.14,34.15,41.0,1256.0,407.0,855.0,383.0,2,500001.0
-118.14,34.15,17.0,1896.0,674.0,971.0,652.0,1,175000.0
-118.14,34.14,24.0,10239.0,2823.0,4210.0,2565.0,4,225000.0
-118.14,34.14,17.0,3404.0,1011.0,1694.0,949.0,3,282300.0
-118.14,34.13,49.0,4438.0,803.0,1650.0,741.0,5,479700.0
-118.14,34.13,16.0,3569.0,821.0,1505.0,783.0,5,251100.0
-118.14,34.11,52.0,2742.0,422.0,1153.0,414.0,8,500001.0
-118.14,34.1,52.0,4061.0,861.0,2290.0,790.0,3,258400.0
-118.14,34.1,27.0,4073.0,1013.0,2411.0,933.0,3,231000.0
-118.14,34.09,38.0,1745.0,457.0,1547.0,460.0,3,219000.0
-118.14,34.09,28.0,4164.0,1127.0,2934.0,1014.0,3,218800.0
-118.14,34.09,20.0,3447.0,1007.0,2622.0,934.0,3,208700.0
-118.14,34.08,30.0,1433.0,397.0,1110.0,346.0,2,191700.0
-118.14,34.08,24.0,3988.0,1098.0,2909.0,1034.0,3,170000.0
-118.14,34.08,24.0,2999.0,786.0,2937.0,796.0,3,217800.0
-118.14,34.07,52.0,695.0,145.0,523.0,170.0,4,220400.0
-118.14,34.06,39.0,2390.0,444.0,1246.0,422.0,4,245700.0
-118.14,34.05,39.0,1880.0,367.0,954.0,349.0,4,236400.0
-118.14,34.05,25.0,5478.0,1136.0,3062.0,1096.0,3,341100.0
-118.14,34.04,37.0,1129.0,212.0,509.0,202.0,3,243200.0
-118.14,34.03,45.0,1569.0,359.0,1203.0,359.0,2,180500.0
-118.14,34.03,44.0,2003.0,390.0,1291.0,392.0,4,201100.0
-118.14,34.02,45.0,1307.0,283.0,967.0,254.0,3,178300.0
-118.14,34.02,44.0,1715.0,460.0,1740.0,423.0,3,153300.0
-118.14,34.02,42.0,1384.0,458.0,1825.0,455.0,1,145500.0
-118.14,34.02,40.0,1912.0,502.0,2077.0,500.0,3,180600.0
-118.14,34.01,42.0,1007.0,277.0,1060.0,268.0,3,153700.0
-118.14,34.01,36.0,702.0,210.0,834.0,216.0,2,162500.0
-118.14,33.97,36.0,1407.0,385.0,1763.0,350.0,3,150000.0
-118.14,33.97,31.0,2064.0,612.0,2461.0,573.0,2,160800.0
-118.14,33.97,29.0,1846.0,530.0,2576.0,528.0,3,156000.0
-118.14,33.96,38.0,590.0,139.0,620.0,132.0,2,143800.0
-118.14,33.96,34.0,2744.0,541.0,1333.0,503.0,4,277200.0
-118.14,33.95,44.0,1812.0,338.0,822.0,314.0,7,294100.0
-118.14,33.95,42.0,1413.0,228.0,630.0,219.0,7,300000.0
-118.14,33.95,37.0,1462.0,243.0,600.0,236.0,5,302000.0
-118.14,33.95,36.0,1942.0,355.0,891.0,348.0,4,282100.0
-118.14,33.94,35.0,2987.0,601.0,1561.0,606.0,4,226500.0
-118.14,33.94,31.0,2841.0,774.0,1612.0,708.0,3,196600.0
-118.14,33.93,31.0,3205.0,727.0,1647.0,664.0,3,223900.0
-118.14,33.92,31.0,3731.0,853.0,2313.0,801.0,3,218200.0
-118.14,33.91,37.0,932.0,171.0,578.0,175.0,4,177600.0
-118.14,33.91,36.0,1096.0,204.0,569.0,201.0,4,182300.0
-118.14,33.91,34.0,1766.0,410.0,974.0,404.0,3,180800.0
-118.14,33.91,32.0,1981.0,472.0,1371.0,431.0,3,204200.0
-118.14,33.9,39.0,1379.0,282.0,883.0,291.0,3,180100.0
-118.14,33.9,26.0,2145.0,471.0,1150.0,429.0,4,225800.0
-118.14,33.89,39.0,1744.0,339.0,1048.0,330.0,5,195500.0
-118.14,33.89,37.0,1159.0,238.0,740.0,243.0,5,179600.0
-118.14,33.89,33.0,1250.0,276.0,866.0,268.0,4,175000.0
-118.14,33.88,24.0,3305.0,982.0,2085.0,881.0,3,168200.0
-118.14,33.87,44.0,1661.0,315.0,985.0,319.0,4,219500.0
-118.14,33.87,44.0,1607.0,271.0,799.0,283.0,5,214100.0
-118.14,33.87,21.0,6618.0,1773.0,4396.0,1649.0,3,171400.0
-118.14,33.86,44.0,1276.0,234.0,538.0,213.0,5,218300.0
-118.14,33.86,37.0,1404.0,257.0,652.0,258.0,4,195400.0
-118.14,33.86,36.0,1774.0,348.0,934.0,333.0,5,203300.0
-118.14,33.86,36.0,1703.0,325.0,845.0,308.0,5,210800.0
-118.14,33.84,45.0,1908.0,361.0,890.0,342.0,5,336000.0
-118.14,33.84,44.0,3043.0,619.0,1316.0,607.0,4,254900.0
-118.14,33.84,43.0,2107.0,439.0,876.0,429.0,3,339400.0
-118.14,33.8,43.0,2506.0,531.0,1230.0,543.0,3,203900.0
-118.14,33.79,45.0,1519.0,263.0,681.0,267.0,5,212500.0
-118.14,33.79,44.0,2388.0,619.0,1461.0,592.0,3,215400.0
-118.14,33.79,23.0,2573.0,688.0,1478.0,604.0,3,209400.0
-118.14,33.78,44.0,2101.0,496.0,1038.0,500.0,3,217900.0
-118.14,33.78,42.0,1898.0,488.0,940.0,483.0,3,233300.0
-118.14,33.77,52.0,2208.0,409.0,791.0,408.0,6,500000.0
-118.14,33.77,49.0,2792.0,690.0,1301.0,648.0,3,307400.0
-118.14,33.76,52.0,2677.0,642.0,1144.0,624.0,4,378000.0
-118.14,33.76,50.0,914.0,167.0,322.0,165.0,5,418800.0
-118.14,33.76,50.0,2960.0,761.0,1179.0,718.0,4,398100.0
-118.14,33.76,44.0,1633.0,536.0,741.0,513.0,3,408300.0
-118.14,33.76,37.0,3242.0,698.0,1080.0,629.0,4,432500.0
-118.14,33.75,39.0,1995.0,634.0,867.0,567.0,4,400000.0
-118.14,33.71,36.0,2484.0,525.0,792.0,446.0,5,500001.0
-118.15,35.04,29.0,1671.0,368.0,821.0,337.0,2,56800.0
-118.15,34.71,36.0,1338.0,250.0,709.0,250.0,4,101400.0
-118.15,34.71,35.0,1503.0,309.0,842.0,300.0,3,97700.0
-118.15,34.7,36.0,2696.0,454.0,1192.0,452.0,4,116300.0
-118.15,34.69,32.0,1300.0,234.0,712.0,249.0,3,107500.0
-118.15,34.67,5.0,12317.0,2953.0,6291.0,2654.0,4,146900.0
-118.15,34.59,33.0,2111.0,429.0,1067.0,397.0,4,111400.0
-118.15,34.21,34.0,2765.0,515.0,1422.0,438.0,5,238900.0
-118.15,34.2,52.0,1786.0,306.0,1018.0,322.0,4,182100.0
-118.15,34.2,37.0,1997.0,361.0,1037.0,363.0,4,210300.0
-118.15,34.19,47.0,1717.0,314.0,868.0,295.0,4,160700.0
-118.15,34.19,38.0,1750.0,411.0,1398.0,409.0,2,163100.0
-118.15,34.18,45.0,2612.0,664.0,3117.0,584.0,2,148800.0
-118.15,34.18,42.0,1521.0,320.0,1118.0,311.0,3,154900.0
-118.15,34.17,46.0,2553.0,558.0,1740.0,492.0,2,127500.0
-118.15,34.17,36.0,930.0,280.0,1024.0,300.0,1,146400.0
-118.15,34.16,52.0,1925.0,597.0,2258.0,594.0,2,162500.0
-118.15,34.16,38.0,2471.0,529.0,1661.0,441.0,2,146600.0
-118.15,34.16,20.0,2410.0,632.0,2135.0,578.0,2,148600.0
-118.15,34.16,18.0,1711.0,383.0,1474.0,415.0,1,181300.0
-118.15,34.15,52.0,275.0,123.0,273.0,111.0,1,500001.0
-118.15,34.15,49.0,806.0,199.0,698.0,172.0,2,137500.0
-118.15,34.14,52.0,403.0,117.0,361.0,105.0,2,187500.0
-118.15,34.14,45.0,543.0,191.0,454.0,181.0,2,55000.0
-118.15,34.14,27.0,1499.0,426.0,755.0,414.0,4,258300.0
-118.15,34.13,50.0,2443.0,494.0,947.0,451.0,5,314700.0
-118.15,34.13,34.0,824.0,224.0,430.0,213.0,4,215000.0
-118.15,34.13,30.0,2763.0,520.0,1143.0,465.0,5,500001.0
-118.15,34.12,52.0,1518.0,344.0,725.0,296.0,3,204500.0
-118.15,34.12,49.0,1789.0,288.0,848.0,311.0,6,500000.0
-118.15,34.12,43.0,1810.0,427.0,742.0,429.0,4,350000.0
-118.15,34.12,36.0,6119.0,1513.0,2719.0,1402.0,4,319700.0
-118.15,34.11,52.0,2375.0,369.0,930.0,351.0,7,469100.0
-118.15,34.11,52.0,1746.0,330.0,704.0,306.0,4,364800.0
-118.15,34.11,52.0,1000.0,192.0,363.0,158.0,4,352800.0
-118.15,34.1,52.0,4325.0,823.0,1927.0,795.0,4,419100.0
-118.15,34.1,36.0,3514.0,818.0,2277.0,828.0,3,229300.0
-118.15,34.09,52.0,2203.0,430.0,1238.0,403.0,4,225800.0
-118.15,34.09,27.0,1935.0,460.0,1456.0,382.0,3,192800.0
-118.15,34.08,48.0,3697.0,816.0,2446.0,787.0,3,199200.0
-118.15,34.08,44.0,1053.0,251.0,941.0,256.0,3,205600.0
-118.15,34.07,52.0,1983.0,344.0,887.0,331.0,3,234400.0
-118.15,34.07,44.0,1626.0,383.0,1063.0,334.0,2,220700.0
-118.15,34.06,28.0,3855.0,922.0,2517.0,874.0,4,204300.0
-118.15,34.05,31.0,3362.0,799.0,1939.0,754.0,4,305800.0
-118.15,34.04,44.0,647.0,142.0,457.0,143.0,4,162500.0
-118.15,34.04,39.0,1099.0,263.0,787.0,269.0,4,194600.0
-118.15,34.04,33.0,818.0,195.0,664.0,198.0,2,203300.0
-118.15,34.03,44.0,603.0,207.0,588.0,218.0,2,186400.0
-118.15,34.03,43.0,2006.0,472.0,1687.0,463.0,2,158800.0
-118.15,34.02,42.0,2729.0,725.0,3004.0,722.0,2,154300.0
-118.15,34.02,37.0,2344.0,631.0,2195.0,610.0,3,151900.0
-118.15,34.0,32.0,3218.0,739.0,2368.0,730.0,3,175300.0
-118.15,33.98,37.0,1184.0,290.0,1320.0,276.0,2,165600.0
-118.15,33.98,17.0,3361.0,925.0,3264.0,914.0,2,145600.0
-118.15,33.97,33.0,1903.0,469.0,1882.0,435.0,2,170500.0
-118.15,33.97,32.0,927.0,250.0,970.0,248.0,2,181500.0
-118.15,33.96,33.0,2418.0,485.0,1397.0,477.0,3,285500.0
-118.15,33.96,33.0,1471.0,451.0,2272.0,482.0,3,160900.0
-118.15,33.96,33.0,1201.0,340.0,1482.0,334.0,2,150000.0
-118.15,33.95,35.0,2753.0,702.0,1592.0,614.0,3,209000.0
-118.15,33.94,37.0,1594.0,321.0,1003.0,323.0,3,199700.0
-118.15,33.93,42.0,1839.0,346.0,1034.0,339.0,5,212300.0
-118.15,33.93,34.0,1745.0,404.0,1084.0,410.0,3,220500.0
-118.15,33.93,30.0,3096.0,628.0,1676.0,587.0,5,207300.0
-118.15,33.93,25.0,1948.0,433.0,1128.0,429.0,4,255900.0
-118.15,33.92,40.0,1335.0,281.0,804.0,282.0,4,198400.0
-118.15,33.92,36.0,1890.0,400.0,1232.0,386.0,4,184200.0
-118.15,33.92,30.0,915.0,234.0,646.0,211.0,3,182800.0
-118.15,33.92,28.0,1038.0,252.0,912.0,245.0,3,161200.0
-118.15,33.91,38.0,901.0,205.0,760.0,208.0,3,147400.0
-118.15,33.91,35.0,574.0,116.0,610.0,147.0,3,133300.0
-118.15,33.91,35.0,1590.0,350.0,1299.0,335.0,4,163200.0
-118.15,33.91,25.0,2053.0,578.0,1721.0,507.0,2,146100.0
-118.15,33.9,20.0,2850.0,737.0,1855.0,662.0,3,144600.0
-118.15,33.89,30.0,4426.0,995.0,4196.0,921.0,3,148300.0
-118.15,33.88,24.0,4232.0,1092.0,2688.0,1035.0,3,146000.0
-118.15,33.87,29.0,2690.0,659.0,1747.0,617.0,3,198200.0
-118.15,33.86,36.0,1578.0,312.0,827.0,311.0,5,194100.0
-118.15,33.86,34.0,2403.0,413.0,1385.0,386.0,4,213800.0
-118.15,33.86,32.0,2630.0,559.0,1069.0,491.0,2,209000.0
-118.15,33.85,36.0,1491.0,259.0,699.0,266.0,4,217300.0
-118.15,33.85,36.0,1435.0,249.0,606.0,234.0,4,212600.0
-118.15,33.85,30.0,4071.0,1067.0,2144.0,970.0,3,218100.0
-118.15,33.84,37.0,1508.0,252.0,635.0,241.0,4,221300.0
-118.15,33.84,29.0,2448.0,354.0,894.0,349.0,8,481300.0
-118.15,33.8,44.0,1886.0,399.0,1167.0,372.0,3,219800.0
-118.15,33.79,5.0,3700.0,993.0,1657.0,848.0,4,196300.0
-118.15,33.79,25.0,4013.0,1097.0,2297.0,969.0,3,185900.0
-118.15,33.78,35.0,2768.0,752.0,1277.0,651.0,4,250000.0
-118.15,33.78,17.0,1584.0,435.0,904.0,406.0,2,181300.0
-118.15,33.78,13.0,3056.0,861.0,1600.0,824.0,3,207800.0
-118.15,33.78,12.0,4436.0,1133.0,2176.0,1002.0,4,198600.0
-118.15,33.77,41.0,3448.0,896.0,1621.0,838.0,4,339800.0
-118.15,33.77,39.0,2428.0,634.0,1312.0,612.0,3,266300.0
-118.15,33.77,36.0,4366.0,1211.0,1912.0,1172.0,4,361800.0
-118.15,33.77,27.0,3043.0,787.0,1398.0,747.0,4,271100.0
-118.15,33.76,36.0,2916.0,785.0,1183.0,749.0,4,500001.0
-118.16,35.05,44.0,1297.0,307.0,776.0,278.0,3,68900.0
-118.16,34.71,27.0,6007.0,998.0,2680.0,882.0,4,117200.0
-118.16,34.7,33.0,2918.0,494.0,1365.0,478.0,5,127700.0
-118.16,34.68,9.0,4303.0,900.0,2240.0,861.0,4,110900.0
-118.16,34.68,17.0,2994.0,832.0,1571.0,695.0,3,85400.0
-118.16,34.6,5.0,7294.0,1139.0,3123.0,930.0,5,154100.0
-118.16,34.6,2.0,11008.0,1549.0,4098.0,1367.0,6,204400.0
-118.16,34.2,43.0,1810.0,343.0,988.0,307.0,4,176000.0
-118.16,34.19,44.0,2195.0,449.0,1377.0,417.0,4,153500.0
-118.16,34.19,42.0,2076.0,462.0,1641.0,436.0,2,149200.0
-118.16,34.19,40.0,1840.0,358.0,1218.0,347.0,4,177900.0
-118.16,34.18,44.0,1870.0,389.0,1345.0,391.0,2,136100.0
-118.16,34.17,52.0,1193.0,228.0,703.0,221.0,3,163800.0
-118.16,34.17,46.0,1508.0,261.0,674.0,255.0,4,155400.0
-118.16,34.16,52.0,1576.0,239.0,696.0,249.0,6,261800.0
-118.16,34.16,44.0,1284.0,278.0,925.0,261.0,2,178400.0
-118.16,34.16,43.0,1276.0,226.0,545.0,209.0,4,230700.0
-118.16,34.15,19.0,1721.0,290.0,571.0,278.0,7,500001.0
-118.16,34.15,17.0,821.0,163.0,229.0,164.0,7,263000.0
-118.16,34.14,41.0,3039.0,482.0,973.0,446.0,7,500001.0
-118.16,34.14,27.0,1551.0,254.0,816.0,233.0,8,500001.0
-118.16,34.12,38.0,2231.0,489.0,940.0,484.0,5,435100.0
-118.16,34.11,48.0,1091.0,236.0,632.0,234.0,4,263600.0
-118.16,34.09,52.0,1722.0,448.0,1122.0,425.0,3,224000.0
-118.16,34.09,50.0,1568.0,302.0,1093.0,333.0,3,162100.0
-118.16,34.09,36.0,3334.0,920.0,2881.0,800.0,2,170800.0
-118.16,34.08,43.0,1523.0,378.0,1338.0,352.0,3,144600.0
-118.16,34.07,41.0,247.0,55.0,925.0,50.0,4,135700.0
-118.16,34.06,25.0,4284.0,741.0,2163.0,701.0,6,315100.0
-118.16,34.04,45.0,332.0,70.0,302.0,60.0,3,156300.0
-118.16,34.04,38.0,1076.0,286.0,1535.0,323.0,3,145000.0
-118.16,34.04,22.0,2991.0,791.0,2486.0,754.0,2,181900.0
-118.16,34.04,11.0,852.0,215.0,806.0,202.0,1,134400.0
-118.16,34.03,45.0,894.0,231.0,925.0,222.0,3,145000.0
-118.16,34.03,41.0,1377.0,293.0,1142.0,272.0,3,141600.0
-118.16,34.02,44.0,1218.0,374.0,1175.0,342.0,2,173900.0
-118.16,34.02,42.0,814.0,216.0,773.0,208.0,3,156900.0
-118.16,34.02,41.0,1256.0,391.0,1511.0,381.0,2,166000.0
-118.16,34.02,35.0,1734.0,493.0,2053.0,508.0,2,149200.0
-118.16,34.02,34.0,1474.0,511.0,1962.0,501.0,2,139600.0
-118.16,34.01,40.0,1552.0,419.0,1919.0,427.0,2,137500.0
-118.16,34.01,37.0,690.0,261.0,952.0,255.0,2,158900.0
-118.16,34.01,36.0,931.0,246.0,732.0,235.0,2,142800.0
-118.16,34.0,37.0,1341.0,336.0,1233.0,306.0,4,150500.0
-118.16,33.98,33.0,1196.0,313.0,1448.0,320.0,3,162500.0
-118.16,33.97,39.0,1444.0,447.0,1890.0,416.0,2,176600.0
-118.16,33.97,32.0,1347.0,434.0,1756.0,438.0,2,190600.0
-118.16,33.97,31.0,1363.0,428.0,1897.0,364.0,2,191100.0
-118.16,33.97,30.0,2419.0,715.0,3208.0,719.0,2,176000.0
-118.16,33.97,13.0,221.0,63.0,286.0,64.0,2,175000.0
-118.16,33.94,32.0,2210.0,456.0,1270.0,484.0,5,178600.0
-118.16,33.94,25.0,5675.0,1224.0,3317.0,1119.0,4,232900.0
-118.16,33.94,25.0,3341.0,789.0,1685.0,751.0,4,238300.0
-118.16,33.93,35.0,757.0,151.0,474.0,132.0,4,179800.0
-118.16,33.92,44.0,1368.0,277.0,899.0,271.0,4,161300.0
-118.16,33.92,36.0,2062.0,351.0,1134.0,358.0,4,218900.0
-118.16,33.91,6.0,3445.0,847.0,2467.0,712.0,3,144000.0
-118.16,33.91,41.0,1806.0,408.0,1146.0,374.0,3,162200.0
-118.16,33.91,28.0,2922.0,739.0,3013.0,673.0,3,127100.0
-118.16,33.9,28.0,2410.0,616.0,2399.0,594.0,3,156700.0
-118.16,33.89,6.0,1655.0,536.0,1201.0,487.0,2,145800.0
-118.16,33.89,46.0,940.0,219.0,599.0,214.0,3,190900.0
-118.16,33.88,33.0,2180.0,522.0,1634.0,467.0,3,167000.0
-118.16,33.88,30.0,1694.0,398.0,1181.0,383.0,3,169500.0
-118.16,33.88,18.0,2287.0,662.0,1804.0,537.0,2,170300.0
-118.16,33.87,32.0,1854.0,471.0,1363.0,478.0,3,156700.0
-118.16,33.86,26.0,6607.0,1663.0,4066.0,1558.0,3,156300.0
-118.16,33.85,36.0,2668.0,473.0,1315.0,478.0,4,215600.0
-118.16,33.85,36.0,1979.0,339.0,952.0,339.0,4,216200.0
-118.16,33.84,36.0,2831.0,573.0,1462.0,569.0,4,214600.0
-118.16,33.84,36.0,2444.0,432.0,1199.0,424.0,4,218800.0
-118.16,33.84,36.0,2220.0,367.0,1002.0,351.0,5,219500.0
-118.16,33.84,36.0,1348.0,234.0,643.0,221.0,4,211000.0
-118.16,33.8,9.0,3564.0,835.0,1530.0,807.0,5,175000.0
-118.16,33.79,26.0,3061.0,844.0,2135.0,769.0,3,164000.0
-118.16,33.79,25.0,5463.0,1265.0,3010.0,1179.0,3,199100.0
-118.16,33.79,25.0,3742.0,1180.0,3916.0,1063.0,2,153700.0
-118.16,33.78,52.0,3248.0,853.0,1819.0,815.0,3,222900.0
-118.16,33.78,39.0,4075.0,1085.0,2470.0,1025.0,2,222500.0
-118.16,33.78,33.0,2048.0,585.0,2074.0,597.0,2,152700.0
-118.16,33.78,29.0,3684.0,1301.0,3891.0,1143.0,2,179700.0
-118.16,33.78,15.0,4798.0,1374.0,3087.0,1212.0,2,163300.0
-118.16,33.78,14.0,1709.0,558.0,1939.0,520.0,2,139100.0
-118.16,33.77,49.0,3382.0,787.0,1314.0,756.0,4,382100.0
-118.16,33.77,38.0,3235.0,769.0,1284.0,752.0,3,304100.0
-118.16,33.77,30.0,4439.0,1105.0,1749.0,1011.0,4,306300.0
-118.16,33.77,30.0,2800.0,757.0,1292.0,742.0,3,272200.0
-118.16,33.77,29.0,3078.0,786.0,1460.0,736.0,3,232500.0
-118.16,33.72,29.0,2743.0,708.0,1059.0,651.0,4,500000.0
-118.17,34.87,9.0,1507.0,293.0,761.0,278.0,3,87900.0
-118.17,34.86,21.0,2370.0,540.0,1488.0,554.0,3,83300.0
-118.17,34.68,13.0,5341.0,773.0,2288.0,724.0,7,185600.0
-118.17,34.67,5.0,8352.0,1555.0,3723.0,1389.0,5,140300.0
-118.17,34.66,9.0,1561.0,253.0,731.0,233.0,6,173200.0
-118.17,34.61,7.0,2465.0,336.0,978.0,332.0,7,292200.0
-118.17,34.19,45.0,1790.0,316.0,1035.0,312.0,4,173100.0
-118.17,34.18,38.0,1280.0,231.0,828.0,237.0,4,166700.0
-118.17,34.14,45.0,2257.0,285.0,759.0,305.0,12,500001.0
-118.17,34.12,37.0,2246.0,481.0,995.0,459.0,4,354700.0
-118.17,34.12,35.0,2568.0,672.0,1696.0,605.0,3,169200.0
-118.17,34.12,30.0,3376.0,720.0,1990.0,725.0,4,232000.0
-118.17,34.11,26.0,4971.0,996.0,2370.0,932.0,5,381400.0
-118.17,34.1,48.0,2514.0,595.0,2484.0,601.0,3,142500.0
-118.17,34.1,37.0,299.0,89.0,318.0,92.0,1,145800.0
-118.17,34.1,25.0,4444.0,647.0,1922.0,652.0,8,477300.0
-118.17,34.09,36.0,3066.0,797.0,3097.0,780.0,3,156500.0
-118.17,34.09,33.0,2907.0,797.0,3212.0,793.0,2,146600.0
-118.17,34.08,39.0,787.0,181.0,731.0,179.0,3,158500.0
-118.17,34.08,33.0,851.0,231.0,936.0,228.0,3,147500.0
-118.17,34.07,19.0,2150.0,544.0,1510.0,467.0,3,150000.0
-118.17,34.06,44.0,1856.0,461.0,1853.0,452.0,3,131900.0
-118.17,34.06,43.0,464.0,116.0,416.0,120.0,2,142600.0
-118.17,34.05,45.0,733.0,178.0,715.0,165.0,3,124100.0
-118.17,34.05,39.0,962.0,229.0,999.0,221.0,3,126000.0
-118.17,34.05,35.0,1256.0,294.0,2990.0,302.0,3,121800.0
-118.17,34.04,46.0,705.0,167.0,655.0,149.0,4,141100.0
-118.17,34.04,45.0,911.0,238.0,1005.0,229.0,3,114000.0
-118.17,34.04,44.0,691.0,155.0,613.0,142.0,2,133900.0
-118.17,34.04,43.0,908.0,232.0,1005.0,224.0,2,134000.0
-118.17,34.04,39.0,563.0,138.0,682.0,137.0,3,150000.0
-118.17,34.04,38.0,385.0,102.0,402.0,95.0,2,129700.0
-118.17,34.03,43.0,1636.0,506.0,1855.0,502.0,2,152400.0
-118.17,34.03,42.0,882.0,292.0,1248.0,281.0,3,120000.0
-118.17,34.03,41.0,2099.0,530.0,2325.0,528.0,2,140800.0
-118.17,34.03,31.0,1014.0,252.0,1064.0,247.0,2,125500.0
-118.17,34.02,42.0,946.0,272.0,1191.0,261.0,2,132000.0
-118.17,34.02,39.0,759.0,215.0,883.0,226.0,2,143800.0
-118.17,34.02,34.0,760.0,219.0,968.0,202.0,2,145000.0
-118.17,34.02,33.0,346.0,103.0,488.0,107.0,2,112500.0
-118.17,34.01,36.0,1657.0,425.0,1689.0,418.0,3,149300.0
-118.17,34.01,30.0,1228.0,358.0,1603.0,323.0,3,130800.0
-118.17,33.98,41.0,756.0,195.0,873.0,212.0,3,156000.0
-118.17,33.98,41.0,428.0,111.0,585.0,139.0,3,132100.0
-118.17,33.98,27.0,1871.0,556.0,2542.0,581.0,3,164400.0
-118.17,33.97,33.0,2410.0,641.0,2106.0,593.0,2,168200.0
-118.17,33.97,31.0,3388.0,1059.0,3558.0,957.0,2,159000.0
-118.17,33.96,29.0,2913.0,787.0,3803.0,740.0,3,146500.0
-118.17,33.96,25.0,3297.0,1066.0,5027.0,1041.0,2,164200.0
-118.17,33.96,25.0,2249.0,681.0,2621.0,628.0,2,164200.0
-118.17,33.95,23.0,1991.0,584.0,1380.0,535.0,2,181900.0
-118.17,33.94,17.0,1145.0,209.0,499.0,202.0,5,165500.0
-118.17,33.92,43.0,2099.0,398.0,1276.0,387.0,3,166800.0
-118.17,33.92,36.0,2447.0,503.0,1532.0,498.0,4,171800.0
-118.17,33.91,42.0,856.0,167.0,748.0,195.0,4,145800.0
-118.17,33.91,39.0,1157.0,273.0,877.0,305.0,3,171000.0
-118.17,33.91,37.0,1499.0,288.0,1237.0,344.0,4,162300.0
-118.17,33.9,12.0,3653.0,993.0,3215.0,854.0,3,114200.0
-118.17,33.89,52.0,63.0,12.0,47.0,8.0,7,350000.0
-118.17,33.89,11.0,3605.0,880.0,3637.0,873.0,3,160700.0
-118.17,33.88,42.0,1645.0,371.0,1161.0,351.0,3,162700.0
-118.17,33.88,29.0,815.0,206.0,590.0,183.0,3,166700.0
-118.17,33.87,45.0,2110.0,494.0,1404.0,454.0,3,165900.0
-118.17,33.87,40.0,2462.0,587.0,1821.0,536.0,4,162600.0
-118.17,33.86,44.0,1701.0,396.0,1091.0,384.0,3,162300.0
-118.17,33.86,40.0,1301.0,342.0,954.0,336.0,2,158000.0
-118.17,33.86,10.0,1664.0,508.0,1369.0,493.0,3,175000.0
-118.17,33.85,39.0,2247.0,526.0,1670.0,525.0,3,173000.0
-118.17,33.85,37.0,3714.0,708.0,1956.0,694.0,4,200500.0
-118.17,33.84,45.0,1853.0,328.0,945.0,320.0,5,219200.0
-118.17,33.84,45.0,1533.0,331.0,791.0,335.0,3,186600.0
-118.17,33.84,29.0,4716.0,1372.0,2515.0,1272.0,3,208700.0
-118.17,33.83,45.0,2019.0,363.0,880.0,339.0,4,217300.0
-118.17,33.83,45.0,1808.0,315.0,800.0,302.0,5,277700.0
-118.17,33.82,52.0,2539.0,497.0,1152.0,488.0,4,268200.0
-118.17,33.79,36.0,948.0,303.0,1042.0,301.0,2,100000.0
-118.17,33.79,32.0,2171.0,672.0,3002.0,648.0,2,139700.0
-118.17,33.79,28.0,1219.0,408.0,1816.0,348.0,2,118300.0
-118.17,33.78,44.0,2364.0,746.0,3184.0,672.0,2,147500.0
-118.17,33.78,29.0,2920.0,962.0,3580.0,772.0,2,140200.0
-118.17,33.78,23.0,3768.0,1261.0,3940.0,1098.0,2,186200.0
-118.17,33.77,45.0,2508.0,797.0,1340.0,720.0,3,191100.0
-118.17,33.77,45.0,2151.0,643.0,1047.0,579.0,3,218800.0
-118.17,33.77,45.0,2143.0,697.0,1004.0,594.0,3,220000.0
-118.17,33.77,39.0,2953.0,878.0,1379.0,785.0,2,180400.0
-118.17,33.77,37.0,1127.0,327.0,492.0,331.0,3,241700.0
-118.17,33.77,36.0,2933.0,881.0,2077.0,838.0,2,181300.0
-118.17,33.77,25.0,4405.0,1262.0,2178.0,1090.0,3,225000.0
-118.17,33.77,12.0,4409.0,1401.0,3068.0,1262.0,2,154700.0
-118.18,37.35,16.0,3806.0,794.0,1501.0,714.0,2,108300.0
-118.18,36.63,23.0,2311.0,487.0,1019.0,384.0,2,104700.0
-118.18,34.63,19.0,3562.0,606.0,1677.0,578.0,4,228100.0
-118.18,34.22,40.0,1983.0,298.0,853.0,271.0,6,241700.0
-118.18,34.2,44.0,1473.0,250.0,668.0,239.0,9,415900.0
-118.18,34.19,48.0,1371.0,164.0,528.0,155.0,15,500001.0
-118.18,34.17,43.0,4269.0,591.0,1467.0,582.0,9,500001.0
-118.18,34.16,34.0,5012.0,746.0,1699.0,715.0,9,500001.0
-118.18,34.14,38.0,3039.0,487.0,1131.0,465.0,8,360900.0
-118.18,34.13,52.0,2228.0,475.0,1311.0,452.0,4,182100.0
-118.18,34.13,44.0,2734.0,415.0,1057.0,424.0,8,477800.0
-118.18,34.12,52.0,1081.0,311.0,904.0,283.0,2,165100.0
-118.18,34.12,45.0,2397.0,488.0,1569.0,471.0,4,167900.0
-118.18,34.11,44.0,1346.0,398.0,1204.0,344.0,2,152200.0
-118.18,34.11,33.0,1523.0,391.0,753.0,298.0,3,183800.0
-118.18,34.1,8.0,1116.0,267.0,435.0,235.0,5,230900.0
-118.18,34.1,7.0,2529.0,689.0,1215.0,577.0,5,153100.0
-118.18,34.1,10.0,1940.0,445.0,763.0,412.0,5,166700.0
-118.18,34.1,10.0,1907.0,398.0,921.0,369.0,5,200400.0
-118.18,34.09,44.0,1688.0,426.0,1605.0,384.0,3,184900.0
-118.18,34.09,40.0,2744.0,708.0,2747.0,674.0,3,148800.0
-118.18,34.08,35.0,2226.0,602.0,2230.0,549.0,3,129300.0
-118.18,34.08,33.0,1369.0,408.0,1475.0,377.0,2,151900.0
-118.18,34.08,31.0,1318.0,311.0,1164.0,289.0,3,135500.0
-118.18,34.07,28.0,2616.0,630.0,2218.0,621.0,3,156000.0
-118.18,34.06,45.0,934.0,228.0,893.0,192.0,3,140300.0
-118.18,34.06,33.0,278.0,71.0,266.0,56.0,1,98200.0
-118.18,34.06,27.0,2025.0,565.0,2189.0,577.0,3,148600.0
-118.18,34.05,41.0,616.0,196.0,814.0,180.0,3,115100.0
-118.18,34.05,41.0,389.0,102.0,455.0,107.0,3,109200.0
-118.18,34.05,38.0,3272.0,731.0,3299.0,726.0,3,126500.0
-118.18,34.04,44.0,1079.0,275.0,1249.0,249.0,3,141700.0
-118.18,34.04,36.0,1807.0,630.0,2118.0,669.0,2,129000.0
-118.18,34.03,44.0,1629.0,420.0,1893.0,387.0,2,137500.0
-118.18,34.03,40.0,2631.0,698.0,2920.0,677.0,2,145600.0
-118.18,34.03,39.0,609.0,145.0,690.0,134.0,3,145800.0
-118.18,34.03,37.0,2115.0,580.0,2842.0,572.0,2,121300.0
-118.18,34.02,37.0,2631.0,734.0,3228.0,701.0,2,132200.0
-118.18,34.02,35.0,661.0,142.0,720.0,143.0,3,142500.0
-118.18,34.02,33.0,832.0,226.0,987.0,220.0,3,125000.0
-118.18,34.01,42.0,1845.0,497.0,2191.0,492.0,2,127300.0
-118.18,33.99,38.0,1010.0,315.0,1157.0,301.0,2,161800.0
-118.18,33.99,36.0,988.0,337.0,1508.0,351.0,2,154800.0
-118.18,33.99,35.0,1230.0,407.0,1512.0,364.0,2,170800.0
-118.18,33.98,40.0,1698.0,431.0,1280.0,405.0,3,206300.0
-118.18,33.98,36.0,903.0,266.0,1068.0,251.0,3,165400.0
-118.18,33.98,30.0,1735.0,573.0,2237.0,545.0,2,156100.0
-118.18,33.98,24.0,1880.0,642.0,2646.0,605.0,2,162000.0
-118.18,33.97,34.0,3214.0,899.0,3086.0,808.0,2,189400.0
-118.18,33.97,30.0,2887.0,866.0,2806.0,830.0,2,169400.0
-118.18,33.97,26.0,6895.0,1877.0,8551.0,1808.0,2,154500.0
-118.18,33.96,20.0,427.0,118.0,402.0,105.0,1,137500.0
-118.18,33.95,42.0,2608.0,610.0,2062.0,616.0,4,167500.0
-118.18,33.95,39.0,2121.0,579.0,1991.0,528.0,3,152200.0
-118.18,33.94,44.0,1337.0,245.0,968.0,240.0,3,183600.0
-118.18,33.94,43.0,2724.0,612.0,2340.0,570.0,3,165000.0
-118.18,33.93,35.0,952.0,271.0,949.0,261.0,2,147200.0
-118.18,33.93,31.0,1516.0,400.0,1820.0,398.0,2,122900.0
-118.18,33.92,32.0,2035.0,519.0,2282.0,480.0,3,136400.0
-118.18,33.92,29.0,749.0,185.0,708.0,196.0,2,136900.0
-118.18,33.91,36.0,1138.0,238.0,878.0,224.0,2,134400.0
-118.18,33.9,32.0,778.0,227.0,933.0,209.0,3,143800.0
-118.18,33.9,25.0,1709.0,442.0,1177.0,410.0,2,155000.0
-118.18,33.89,25.0,5896.0,1464.0,4149.0,1362.0,3,131900.0
-118.18,33.88,47.0,882.0,185.0,536.0,174.0,5,163000.0
-118.18,33.88,44.0,1308.0,267.0,783.0,237.0,5,167700.0
-118.18,33.88,42.0,2326.0,503.0,1832.0,501.0,3,161000.0
-118.18,33.87,44.0,2137.0,461.0,1126.0,439.0,3,172900.0
-118.18,33.87,44.0,1832.0,401.0,1056.0,405.0,4,175100.0
-118.18,33.87,38.0,2664.0,626.0,1627.0,604.0,4,161900.0
-118.18,33.86,39.0,2925.0,732.0,1702.0,642.0,2,160800.0
-118.18,33.85,44.0,1890.0,465.0,1378.0,430.0,4,143200.0
-118.18,33.85,40.0,2597.0,582.0,1285.0,559.0,4,213800.0
-118.18,33.85,38.0,3596.0,862.0,2416.0,832.0,4,169800.0
-118.18,33.85,30.0,2548.0,717.0,2086.0,700.0,1,134400.0
-118.18,33.84,43.0,2561.0,544.0,1063.0,537.0,4,418600.0
-118.18,33.84,35.0,1415.0,294.0,591.0,291.0,3,315600.0
-118.18,33.83,52.0,2569.0,484.0,1030.0,451.0,4,268400.0
-118.18,33.83,45.0,1535.0,274.0,591.0,276.0,4,371700.0
-118.18,33.83,44.0,1497.0,277.0,542.0,274.0,5,321800.0
-118.18,33.83,39.0,3622.0,745.0,1330.0,648.0,3,425500.0
-118.18,33.82,52.0,2618.0,472.0,943.0,440.0,4,254000.0
-118.18,33.82,43.0,284.0,65.0,167.0,68.0,4,207500.0
-118.18,33.81,27.0,471.0,132.0,315.0,96.0,2,154200.0
-118.18,33.8,30.0,2734.0,758.0,2951.0,691.0,2,117600.0
-118.18,33.8,15.0,2407.0,589.0,1591.0,506.0,3,148100.0
-118.18,33.79,42.0,1571.0,435.0,1631.0,417.0,2,128000.0
-118.18,33.79,27.0,1580.0,510.0,1896.0,448.0,2,130000.0
-118.18,33.79,20.0,1255.0,360.0,1201.0,318.0,1,162500.0
-118.18,33.78,52.0,1180.0,381.0,1046.0,332.0,2,162500.0
-118.18,33.78,36.0,1697.0,550.0,1379.0,434.0,1,129700.0
-118.18,33.78,26.0,3042.0,1253.0,4812.0,1141.0,2,146200.0
-118.18,33.78,20.0,1852.0,556.0,1712.0,556.0,1,152500.0
-118.18,33.78,17.0,1419.0,436.0,1300.0,360.0,2,100000.0
-118.18,33.77,49.0,2297.0,759.0,1105.0,629.0,2,175000.0
-118.18,33.77,45.0,1434.0,627.0,735.0,518.0,2,162500.0
-118.18,33.77,41.0,2048.0,601.0,852.0,533.0,3,193800.0
-118.18,33.77,39.0,1645.0,547.0,1339.0,499.0,2,155000.0
-118.18,33.77,37.0,2653.0,754.0,1087.0,698.0,2,325000.0
-118.18,33.77,36.0,1833.0,688.0,1128.0,620.0,1,112500.0
-118.18,33.77,29.0,1776.0,606.0,1391.0,488.0,1,137500.0
-118.19,34.87,2.0,2103.0,389.0,923.0,338.0,5,111100.0
-118.19,34.77,16.0,2035.0,370.0,704.0,330.0,2,146400.0
-118.19,34.67,8.0,11275.0,1822.0,5731.0,1692.0,5,167900.0
-118.19,34.65,33.0,1781.0,326.0,913.0,314.0,4,126800.0
-118.19,34.22,32.0,10626.0,1504.0,4353.0,1482.0,10,500001.0
-118.19,34.21,41.0,1602.0,228.0,680.0,225.0,7,500001.0
-118.19,34.2,41.0,2031.0,294.0,859.0,302.0,7,483700.0
-118.19,34.19,34.0,2061.0,260.0,825.0,254.0,15,500001.0
-118.19,34.16,49.0,1788.0,267.0,735.0,266.0,7,375700.0
-118.19,34.14,47.0,2525.0,523.0,1514.0,498.0,4,209200.0
-118.19,34.13,50.0,1309.0,302.0,883.0,293.0,3,198000.0
-118.19,34.12,52.0,679.0,132.0,483.0,163.0,4,162500.0
-118.19,34.12,44.0,1219.0,324.0,1036.0,282.0,4,170600.0
-118.19,34.12,41.0,2591.0,682.0,2366.0,583.0,2,146400.0
-118.19,34.12,36.0,2833.0,720.0,2148.0,709.0,3,172100.0
-118.19,34.12,35.0,2524.0,749.0,2487.0,679.0,2,167700.0
-118.19,34.11,40.0,1266.0,348.0,1032.0,315.0,2,150000.0
-118.19,34.11,38.0,1158.0,309.0,1051.0,322.0,2,169300.0
-118.19,34.11,26.0,1638.0,457.0,1155.0,437.0,3,143800.0
-118.19,34.1,42.0,1577.0,379.0,1317.0,378.0,3,153900.0
-118.19,34.1,39.0,2054.0,423.0,1205.0,403.0,4,213000.0
-118.19,34.09,41.0,2090.0,530.0,2043.0,537.0,2,144200.0
-118.19,34.08,38.0,1241.0,298.0,1055.0,263.0,2,115500.0
-118.19,34.07,42.0,1555.0,337.0,1152.0,348.0,3,169600.0
-118.19,34.07,38.0,2965.0,665.0,2128.0,650.0,3,166300.0
-118.19,34.06,47.0,2324.0,658.0,3020.0,594.0,1,93800.0
-118.19,34.06,44.0,1734.0,364.0,1133.0,351.0,3,163100.0
-118.19,34.06,37.0,1715.0,456.0,2052.0,440.0,2,116100.0
-118.19,34.06,32.0,555.0,159.0,748.0,163.0,2,137500.0
-118.19,34.05,47.0,1273.0,264.0,1193.0,260.0,2,122900.0
-118.19,34.05,46.0,1051.0,302.0,1435.0,305.0,2,133600.0
-118.19,34.05,43.0,977.0,266.0,1084.0,259.0,3,127900.0
-118.19,34.05,42.0,1291.0,345.0,1535.0,332.0,2,119200.0
-118.19,34.05,41.0,1098.0,264.0,1178.0,245.0,2,124300.0
-118.19,34.05,37.0,349.0,79.0,276.0,64.0,3,125000.0
-118.19,34.05,35.0,1296.0,307.0,1423.0,276.0,3,135200.0
-118.19,34.04,43.0,1682.0,422.0,1706.0,409.0,2,153300.0
-118.19,34.04,40.0,1279.0,316.0,1438.0,329.0,2,157600.0
-118.19,34.04,40.0,1095.0,305.0,1322.0,281.0,2,150000.0
-118.19,34.04,39.0,1074.0,323.0,1613.0,308.0,2,131700.0
-118.19,34.04,34.0,1011.0,274.0,1164.0,262.0,3,146900.0
-118.19,34.03,52.0,1053.0,246.0,1036.0,249.0,2,136700.0
-118.19,34.03,50.0,1183.0,246.0,851.0,231.0,3,142600.0
-118.19,34.03,42.0,2250.0,629.0,2588.0,609.0,2,134200.0
-118.19,34.03,31.0,525.0,136.0,627.0,145.0,3,125000.0
-118.19,34.02,45.0,1535.0,432.0,1820.0,419.0,2,142800.0
-118.19,34.02,44.0,2702.0,770.0,3260.0,721.0,2,144800.0
-118.19,34.02,40.0,474.0,124.0,546.0,121.0,2,137500.0
-118.19,34.02,34.0,1478.0,369.0,1735.0,348.0,2,136700.0
-118.19,33.99,42.0,1429.0,436.0,1537.0,389.0,3,157500.0
-118.19,33.99,40.0,1547.0,434.0,1930.0,427.0,3,157300.0
-118.19,33.99,38.0,1212.0,272.0,1129.0,263.0,3,142300.0
-118.19,33.99,36.0,1273.0,379.0,1398.0,353.0,2,147800.0
-118.19,33.99,35.0,1172.0,436.0,1741.0,408.0,2,154700.0
-118.19,33.98,40.0,973.0,272.0,1257.0,258.0,3,158000.0
-118.19,33.98,36.0,4179.0,1266.0,4582.0,1196.0,2,172100.0
-118.19,33.98,34.0,1022.0,286.0,1058.0,275.0,3,156700.0
-118.19,33.98,33.0,151.0,83.0,380.0,83.0,1,189600.0
-118.19,33.97,34.0,2700.0,763.0,2815.0,767.0,2,178400.0
-118.19,33.97,30.0,1790.0,556.0,1827.0,520.0,2,181300.0
-118.19,33.96,40.0,979.0,296.0,934.0,292.0,3,151800.0
-118.19,33.96,28.0,3507.0,969.0,3740.0,970.0,2,142000.0
-118.19,33.95,44.0,1436.0,271.0,850.0,269.0,3,179100.0
-118.19,33.95,42.0,2309.0,685.0,2609.0,673.0,3,162100.0
-118.19,33.95,42.0,1651.0,463.0,1559.0,436.0,2,148100.0
-118.19,33.95,41.0,1368.0,309.0,1244.0,312.0,3,164800.0
-118.19,33.94,45.0,1871.0,371.0,1315.0,382.0,3,160800.0
-118.19,33.94,45.0,1403.0,315.0,1111.0,311.0,3,168100.0
-118.19,33.93,44.0,1613.0,345.0,1227.0,342.0,3,145700.0
-118.19,33.93,40.0,1334.0,276.0,1226.0,278.0,3,144300.0
-118.19,33.92,43.0,2339.0,487.0,1732.0,449.0,3,139400.0
-118.19,33.92,36.0,1356.0,314.0,1469.0,300.0,2,139800.0
-118.19,33.92,35.0,915.0,241.0,1153.0,252.0,3,115800.0
-118.19,33.91,35.0,2695.0,748.0,2935.0,706.0,2,132400.0
-118.19,33.91,33.0,915.0,225.0,826.0,212.0,3,117400.0
-118.19,33.9,36.0,2326.0,543.0,2073.0,494.0,2,112900.0
-118.19,33.9,36.0,1073.0,271.0,1385.0,288.0,2,104800.0
-118.19,33.9,32.0,2762.0,652.0,2677.0,632.0,3,105600.0
-118.19,33.89,38.0,4018.0,986.0,3702.0,927.0,3,113600.0
-118.19,33.89,32.0,1696.0,438.0,1639.0,376.0,2,107300.0
-118.19,33.89,31.0,886.0,224.0,1154.0,247.0,2,99500.0
-118.19,33.87,35.0,1769.0,436.0,1166.0,386.0,3,178300.0
-118.19,33.87,27.0,4701.0,1359.0,2571.0,1216.0,3,184100.0
-118.19,33.86,46.0,1824.0,438.0,1200.0,451.0,3,156700.0
-118.19,33.86,42.0,1999.0,431.0,1060.0,399.0,4,167100.0
-118.19,33.86,38.0,2009.0,524.0,1449.0,451.0,3,155400.0
-118.19,33.86,36.0,2013.0,546.0,1659.0,522.0,3,153600.0
-118.19,33.86,35.0,1133.0,296.0,774.0,271.0,2,137500.0
-118.19,33.85,45.0,1167.0,302.0,773.0,287.0,3,150300.0
-118.19,33.85,30.0,3533.0,1061.0,2678.0,1033.0,2,151900.0
-118.19,33.84,24.0,1228.0,320.0,537.0,273.0,2,192000.0
-118.19,33.83,43.0,2641.0,411.0,1011.0,444.0,6,444200.0
-118.19,33.83,42.0,1773.0,360.0,815.0,299.0,5,406300.0
-118.19,33.82,19.0,2953.0,895.0,1914.0,855.0,4,290000.0
-118.19,33.81,21.0,1835.0,427.0,1038.0,384.0,4,198500.0
-118.19,33.8,41.0,2125.0,591.0,1604.0,555.0,3,190600.0
-118.19,33.8,38.0,2010.0,595.0,1535.0,525.0,2,160400.0
-118.19,33.8,36.0,2326.0,729.0,2635.0,657.0,2,141800.0
-118.19,33.79,43.0,1823.0,600.0,2339.0,560.0,2,130600.0
-118.19,33.79,41.0,2114.0,612.0,2357.0,529.0,2,142600.0
-118.19,33.79,37.0,1834.0,551.0,1967.0,476.0,2,126600.0
-118.19,33.79,30.0,3107.0,994.0,3543.0,850.0,2,141700.0
-118.19,33.78,8.0,992.0,393.0,694.0,331.0,3,162500.0
-118.19,33.78,42.0,1021.0,300.0,533.0,187.0,2,175000.0
-118.19,33.78,35.0,1511.0,593.0,914.0,539.0,1,187500.0
-118.19,33.78,31.0,1648.0,484.0,898.0,457.0,2,162500.0
-118.19,33.78,29.0,1013.0,392.0,1083.0,316.0,2,162500.0
-118.19,33.78,21.0,2741.0,1029.0,2924.0,969.0,1,218800.0
-118.19,33.77,52.0,1562.0,616.0,692.0,512.0,1,200000.0
-118.19,33.77,35.0,1574.0,603.0,820.0,514.0,1,137500.0
-118.2,34.69,5.0,9076.0,1503.0,7694.0,1278.0,5,163400.0
-118.2,34.21,42.0,1493.0,237.0,665.0,224.0,7,443900.0
-118.2,34.21,40.0,1477.0,228.0,609.0,224.0,8,500001.0
-118.2,34.2,44.0,2890.0,438.0,1219.0,429.0,7,500001.0
-118.2,34.16,31.0,5550.0,881.0,2465.0,862.0,7,446100.0
-118.2,34.14,52.0,3800.0,646.0,1842.0,620.0,6,293900.0
-118.2,34.14,52.0,2090.0,466.0,1219.0,390.0,4,204200.0
-118.2,34.14,51.0,1941.0,378.0,1012.0,371.0,4,217000.0
-118.2,34.13,52.0,2035.0,459.0,2589.0,438.0,4,193600.0
-118.2,34.13,30.0,3369.0,824.0,2032.0,795.0,4,196400.0
-118.2,34.12,52.0,1580.0,426.0,1462.0,406.0,3,167600.0
-118.2,34.12,44.0,1565.0,398.0,1500.0,407.0,3,155600.0
-118.2,34.12,41.0,1908.0,503.0,1557.0,453.0,3,162000.0
-118.2,34.11,52.0,678.0,173.0,791.0,186.0,4,171300.0
-118.2,34.11,52.0,1901.0,525.0,1856.0,480.0,3,156400.0
-118.2,34.11,46.0,3659.0,1068.0,4153.0,993.0,3,162900.0
-118.2,34.11,37.0,2040.0,611.0,1698.0,545.0,2,166300.0
-118.2,34.11,36.0,1441.0,534.0,1809.0,500.0,2,185700.0
-118.2,34.1,30.0,3643.0,1197.0,4336.0,1163.0,2,154500.0
-118.2,34.09,39.0,1594.0,430.0,1668.0,378.0,3,138200.0
-118.2,34.08,49.0,1320.0,309.0,1405.0,328.0,2,114000.0
-118.2,34.08,41.0,1807.0,429.0,1699.0,424.0,2,126000.0
-118.2,34.07,34.0,1765.0,551.0,2203.0,500.0,2,159600.0
-118.2,34.07,21.0,1353.0,380.0,1688.0,367.0,2,139600.0
-118.2,34.06,46.0,453.0,119.0,533.0,132.0,2,112500.0
-118.2,34.06,40.0,1181.0,335.0,1441.0,337.0,2,111800.0
-118.2,34.05,8.0,762.0,204.0,728.0,174.0,2,137500.0
-118.2,34.05,50.0,1407.0,401.0,1526.0,385.0,2,121800.0
-118.2,34.05,43.0,1165.0,317.0,1279.0,303.0,2,141700.0
-118.2,34.05,42.0,1703.0,586.0,2490.0,581.0,2,147200.0
-118.2,34.05,41.0,1268.0,398.0,1887.0,407.0,3,150000.0
-118.2,34.05,40.0,1146.0,323.0,1354.0,321.0,2,121900.0
-118.2,34.05,40.0,1082.0,318.0,1085.0,273.0,2,117200.0
-118.2,34.05,36.0,2672.0,675.0,2883.0,674.0,2,142800.0
-118.2,34.04,52.0,1249.0,307.0,1223.0,297.0,2,136300.0
-118.2,34.04,44.0,1399.0,386.0,1419.0,373.0,2,143800.0
-118.2,34.04,36.0,1625.0,490.0,2003.0,478.0,2,147200.0
-118.2,34.03,52.0,774.0,209.0,813.0,203.0,2,135200.0
-118.2,34.03,52.0,583.0,157.0,730.0,174.0,1,140600.0
-118.2,34.03,52.0,1754.0,452.0,1849.0,445.0,2,122800.0
-118.2,34.03,41.0,1292.0,334.0,1150.0,322.0,2,135200.0
-118.2,34.03,37.0,1583.0,392.0,1776.0,377.0,3,140800.0
-118.2,34.02,42.0,498.0,120.0,548.0,119.0,4,126600.0
-118.2,34.02,26.0,36.0,9.0,35.0,9.0,2,175000.0
-118.2,33.99,35.0,1705.0,523.0,2252.0,508.0,2,154200.0
-118.2,33.99,35.0,1608.0,465.0,2140.0,488.0,3,154700.0
-118.2,33.99,33.0,1134.0,375.0,1615.0,354.0,2,141700.0
-118.2,33.99,31.0,1186.0,387.0,2087.0,409.0,2,154600.0
-118.2,33.99,30.0,1474.0,459.0,1844.0,464.0,3,160000.0
-118.2,33.98,38.0,867.0,243.0,950.0,235.0,2,163100.0
-118.2,33.98,32.0,1403.0,399.0,1506.0,375.0,2,172700.0
-118.2,33.98,30.0,2369.0,753.0,3259.0,770.0,2,158500.0
-118.2,33.97,30.0,1911.0,562.0,2055.0,534.0,2,154600.0
-118.2,33.97,28.0,2474.0,702.0,2830.0,694.0,3,166200.0
-118.2,33.96,44.0,3114.0,779.0,2959.0,776.0,3,171700.0
-118.2,33.96,43.0,1233.0,306.0,1190.0,282.0,3,161300.0
-118.2,33.96,41.0,1512.0,400.0,1690.0,367.0,3,167000.0
-118.2,33.96,37.0,2127.0,533.0,2021.0,480.0,3,164600.0
-118.2,33.95,41.0,679.0,184.0,788.0,185.0,2,165300.0
-118.2,33.95,35.0,1924.0,520.0,2101.0,541.0,2,151500.0
-118.2,33.94,45.0,1818.0,408.0,1705.0,373.0,4,157500.0
-118.2,33.94,45.0,1570.0,328.0,1321.0,300.0,4,171800.0
-118.2,33.94,44.0,1413.0,298.0,1200.0,307.0,4,169300.0
-118.2,33.93,41.0,857.0,201.0,934.0,227.0,3,145700.0
-118.2,33.93,40.0,1929.0,417.0,1780.0,419.0,3,149400.0
-118.2,33.93,36.0,2210.0,634.0,2341.0,553.0,2,131100.0
-118.2,33.93,36.0,1191.0,345.0,1193.0,295.0,3,138800.0
-118.2,33.92,45.0,1283.0,253.0,1025.0,248.0,3,141200.0
-118.2,33.92,42.0,1411.0,314.0,1432.0,322.0,3,138800.0
-118.2,33.92,39.0,1050.0,217.0,895.0,207.0,3,155600.0
-118.2,33.92,36.0,414.0,104.0,477.0,130.0,4,130400.0
-118.2,33.91,43.0,1381.0,278.0,1494.0,298.0,4,118400.0
-118.2,33.91,36.0,2283.0,499.0,1836.0,462.0,3,118100.0
-118.2,33.9,34.0,1552.0,444.0,2093.0,413.0,2,103200.0
-118.2,33.9,33.0,1435.0,322.0,1298.0,299.0,3,105100.0
-118.2,33.9,26.0,1000.0,275.0,1178.0,263.0,2,105000.0
-118.2,33.89,40.0,2538.0,564.0,2170.0,541.0,3,107900.0
-118.2,33.88,40.0,2945.0,725.0,2858.0,690.0,3,136900.0
-118.2,33.88,40.0,1699.0,346.0,1188.0,329.0,4,147300.0
-118.2,33.87,42.0,1482.0,310.0,1052.0,317.0,4,158200.0
-118.2,33.87,36.0,1554.0,273.0,974.0,264.0,4,161400.0
-118.2,33.87,26.0,703.0,202.0,757.0,212.0,3,155500.0
-118.2,33.86,27.0,2732.0,867.0,1690.0,794.0,3,160200.0
-118.2,33.85,46.0,1854.0,462.0,1360.0,429.0,2,158200.0
-118.2,33.85,33.0,2557.0,731.0,2286.0,700.0,2,149100.0
-118.2,33.84,35.0,3405.0,779.0,1953.0,671.0,3,159200.0
-118.2,33.83,35.0,3737.0,613.0,1305.0,583.0,7,490300.0
-118.2,33.82,21.0,2251.0,452.0,913.0,420.0,5,272200.0
-118.2,33.81,47.0,2347.0,437.0,1219.0,420.0,5,209900.0
-118.2,33.81,46.0,1388.0,254.0,742.0,241.0,5,212100.0
-118.2,33.81,45.0,944.0,178.0,533.0,193.0,3,206900.0
-118.2,33.81,43.0,3013.0,574.0,1525.0,529.0,5,194000.0
-118.2,33.8,52.0,1786.0,445.0,1090.0,430.0,3,194900.0
-118.2,33.8,52.0,1009.0,216.0,614.0,231.0,4,200800.0
-118.2,33.8,42.0,4577.0,1146.0,2749.0,1094.0,3,197500.0
-118.2,33.79,48.0,2105.0,592.0,1807.0,539.0,3,190400.0
-118.2,33.79,47.0,767.0,195.0,569.0,195.0,3,185200.0
-118.2,33.79,47.0,2549.0,626.0,1388.0,606.0,3,192700.0
-118.2,33.79,25.0,2851.0,968.0,3744.0,906.0,2,116700.0
-118.2,33.78,52.0,2662.0,893.0,3018.0,763.0,2,162500.0
-118.2,33.78,46.0,1889.0,651.0,1545.0,587.0,2,175000.0
-118.2,33.77,42.0,517.0,233.0,995.0,212.0,2,106300.0
-118.2,33.77,41.0,1158.0,396.0,1209.0,336.0,3,129200.0
-118.2,33.77,40.0,2034.0,899.0,1257.0,797.0,1,131300.0
-118.2,33.77,24.0,2404.0,819.0,1566.0,753.0,2,145800.0
-118.21,34.65,17.0,4001.0,814.0,2313.0,756.0,3,140100.0
-118.21,34.64,16.0,2573.0,427.0,1273.0,426.0,6,181100.0
-118.21,34.22,37.0,2260.0,322.0,941.0,303.0,8,500001.0
-118.21,34.21,41.0,1676.0,263.0,757.0,255.0,5,450800.0
-118.21,34.2,35.0,3646.0,552.0,1409.0,534.0,6,500001.0
-118.21,34.18,14.0,2672.0,335.0,1113.0,318.0,12,500001.0
-118.21,34.17,24.0,8590.0,1231.0,3401.0,1178.0,8,472700.0
-118.21,34.16,25.0,434.0,74.0,199.0,75.0,6,420500.0
-118.21,34.14,25.0,1908.0,628.0,1412.0,588.0,2,189800.0
-118.21,34.13,52.0,2465.0,611.0,1433.0,570.0,3,214200.0
-118.21,34.12,52.0,1590.0,360.0,1127.0,321.0,3,173900.0
-118.21,34.12,41.0,1904.0,514.0,1666.0,498.0,4,175800.0
-118.21,34.12,35.0,1937.0,439.0,1523.0,412.0,4,170500.0
-118.21,34.1,47.0,5077.0,1271.0,3348.0,1106.0,3,186800.0
-118.21,34.1,40.0,1684.0,316.0,795.0,330.0,5,218300.0
-118.21,34.1,36.0,2000.0,533.0,1234.0,535.0,4,241700.0
-118.21,34.09,39.0,1561.0,445.0,1780.0,391.0,2,144200.0
-118.21,34.09,39.0,1287.0,353.0,1171.0,345.0,2,138500.0
-118.21,34.09,37.0,1822.0,498.0,1961.0,506.0,2,159200.0
-118.21,34.09,34.0,1660.0,412.0,1678.0,382.0,3,148200.0
-118.21,34.08,52.0,3672.0,808.0,3062.0,764.0,3,153000.0
-118.21,34.08,39.0,986.0,361.0,1347.0,299.0,2,133900.0
-118.21,34.08,26.0,2574.0,807.0,3163.0,802.0,2,173200.0
-118.21,34.07,52.0,1770.0,435.0,1848.0,439.0,2,167200.0
-118.21,34.07,47.0,1346.0,383.0,1452.0,371.0,2,191700.0
-118.21,34.07,42.0,902.0,318.0,1312.0,323.0,2,168800.0
-118.21,34.07,31.0,1453.0,404.0,1486.0,389.0,2,153100.0
-118.21,34.07,31.0,1077.0,300.0,1198.0,274.0,2,160200.0
-118.21,34.06,30.0,511.0,153.0,1152.0,149.0,2,156800.0
-118.21,34.06,29.0,1478.0,413.0,1580.0,394.0,2,147500.0
-118.21,34.05,47.0,722.0,235.0,930.0,226.0,3,114300.0
-118.21,34.05,28.0,950.0,357.0,1485.0,345.0,2,136400.0
-118.21,34.05,28.0,1841.0,809.0,3199.0,727.0,2,151600.0
-118.21,34.05,28.0,1079.0,306.0,1358.0,285.0,3,131900.0
-118.21,34.05,26.0,745.0,258.0,694.0,236.0,1,129200.0
-118.21,34.04,52.0,846.0,271.0,1153.0,281.0,2,155000.0
-118.21,34.04,47.0,1306.0,391.0,1499.0,346.0,2,139600.0
-118.21,34.04,43.0,1502.0,477.0,1844.0,477.0,2,152500.0
-118.21,34.04,36.0,1825.0,479.0,2097.0,480.0,2,135300.0
-118.21,34.03,52.0,497.0,132.0,547.0,121.0,2,146300.0
-118.21,34.03,47.0,876.0,228.0,872.0,231.0,2,145000.0
-118.21,34.03,45.0,1860.0,472.0,1893.0,456.0,3,141800.0
-118.21,34.03,44.0,1550.0,407.0,1718.0,403.0,3,141100.0
-118.21,34.02,52.0,22.0,7.0,55.0,7.0,8,67500.0
-118.21,34.02,45.0,792.0,203.0,872.0,188.0,3,129700.0
-118.21,34.02,43.0,1811.0,513.0,2123.0,487.0,1,133300.0
-118.21,33.99,39.0,47.0,16.0,51.0,23.0,3,112500.0
-118.21,33.98,39.0,1315.0,306.0,1257.0,298.0,3,169000.0
-118.21,33.98,37.0,788.0,215.0,883.0,221.0,3,164600.0
-118.21,33.97,43.0,1751.0,400.0,1558.0,379.0,3,166100.0
-118.21,33.97,35.0,1863.0,537.0,2274.0,510.0,2,171300.0
-118.21,33.96,43.0,1686.0,446.0,1590.0,474.0,2,159300.0
-118.21,33.96,39.0,2265.0,628.0,2323.0,599.0,2,155300.0
-118.21,33.95,43.0,1500.0,419.0,1726.0,440.0,2,165100.0
-118.21,33.95,38.0,1889.0,565.0,2087.0,559.0,2,154000.0
-118.21,33.95,35.0,2134.0,650.0,2248.0,587.0,2,153400.0
-118.21,33.95,35.0,2129.0,614.0,2376.0,618.0,2,160800.0
-118.21,33.95,32.0,1116.0,328.0,1265.0,302.0,2,155200.0
-118.21,33.94,41.0,1807.0,442.0,1628.0,443.0,3,156100.0
-118.21,33.94,40.0,2227.0,594.0,2244.0,580.0,2,143800.0
-118.21,33.94,34.0,892.0,318.0,1443.0,341.0,2,162500.0
-118.21,33.93,41.0,619.0,138.0,636.0,145.0,3,118100.0
-118.21,33.93,36.0,1337.0,382.0,1769.0,393.0,3,121000.0
-118.21,33.93,30.0,2831.0,862.0,3649.0,883.0,2,152100.0
-118.21,33.92,41.0,1722.0,363.0,1432.0,326.0,3,151200.0
-118.21,33.92,36.0,602.0,150.0,645.0,145.0,3,115400.0
-118.21,33.92,35.0,1669.0,445.0,1870.0,412.0,3,117300.0
-118.21,33.91,37.0,1073.0,265.0,1197.0,250.0,3,133000.0
-118.21,33.91,26.0,2422.0,632.0,2601.0,583.0,2,110200.0
-118.21,33.91,24.0,1545.0,391.0,1807.0,388.0,3,105300.0
-118.21,33.9,43.0,1810.0,357.0,1335.0,358.0,3,118800.0
-118.21,33.89,45.0,1211.0,234.0,1128.0,261.0,3,110700.0
-118.21,33.89,42.0,1254.0,225.0,929.0,235.0,4,116200.0
-118.21,33.89,39.0,1565.0,364.0,1389.0,360.0,3,113900.0
-118.21,33.88,38.0,929.0,166.0,686.0,183.0,3,119400.0
-118.21,33.88,32.0,1507.0,379.0,1082.0,350.0,3,138200.0
-118.21,33.88,29.0,1976.0,444.0,1254.0,371.0,2,126800.0
-118.21,33.84,28.0,822.0,205.0,627.0,192.0,3,166300.0
-118.21,33.83,38.0,793.0,193.0,601.0,187.0,3,176100.0
-118.21,33.82,45.0,455.0,92.0,394.0,89.0,5,165700.0
-118.21,33.82,43.0,1005.0,199.0,723.0,191.0,4,162500.0
-118.21,33.82,34.0,1719.0,398.0,1444.0,372.0,3,139300.0
-118.21,33.82,33.0,1278.0,311.0,1157.0,320.0,4,146800.0
-118.21,33.81,45.0,1816.0,398.0,1524.0,388.0,4,157900.0
-118.21,33.81,45.0,1693.0,337.0,1255.0,333.0,4,159700.0
-118.21,33.81,43.0,905.0,199.0,764.0,204.0,3,162200.0
-118.21,33.81,40.0,1815.0,428.0,1807.0,413.0,3,160700.0
-118.21,33.8,44.0,1387.0,280.0,984.0,302.0,4,143100.0
-118.21,33.79,44.0,121.0,29.0,153.0,30.0,2,150000.0
-118.21,33.79,39.0,1598.0,458.0,1691.0,399.0,2,141800.0
-118.21,33.79,33.0,32.0,18.0,96.0,36.0,5,112500.0
-118.22,34.67,28.0,2357.0,408.0,1162.0,384.0,4,179700.0
-118.22,34.63,4.0,14348.0,2145.0,5839.0,1806.0,5,222400.0
-118.22,34.23,34.0,3296.0,483.0,1268.0,478.0,8,500001.0
-118.22,34.22,39.0,2686.0,417.0,1094.0,402.0,7,500001.0
-118.22,34.21,29.0,2174.0,418.0,1030.0,395.0,4,341700.0
-118.22,34.19,36.0,959.0,204.0,446.0,210.0,3,331300.0
-118.22,34.19,36.0,2443.0,492.0,1115.0,493.0,4,409800.0
-118.22,34.19,31.0,4704.0,920.0,1895.0,886.0,5,400000.0
-118.22,34.14,52.0,2298.0,406.0,1203.0,387.0,6,274600.0
-118.22,34.14,52.0,1388.0,271.0,735.0,239.0,4,247700.0
-118.22,34.14,50.0,3657.0,708.0,1725.0,644.0,6,258100.0
-118.22,34.13,52.0,791.0,174.0,501.0,162.0,3,178100.0
-118.22,34.13,47.0,1585.0,420.0,949.0,366.0,3,173800.0
-118.22,34.13,40.0,2749.0,580.0,1375.0,511.0,5,205800.0
-118.22,34.13,35.0,2983.0,526.0,1614.0,543.0,6,272400.0
-118.22,34.12,37.0,1298.0,242.0,750.0,255.0,5,240800.0
-118.22,34.11,36.0,2870.0,529.0,1371.0,565.0,5,220900.0
-118.22,34.1,35.0,4003.0,788.0,2785.0,764.0,4,252100.0
-118.22,34.1,33.0,1903.0,386.0,1187.0,340.0,4,196600.0
-118.22,34.09,45.0,1072.0,275.0,996.0,243.0,3,165000.0
-118.22,34.09,42.0,1706.0,488.0,1941.0,447.0,3,149700.0
-118.22,34.09,40.0,1081.0,282.0,970.0,263.0,2,150000.0
-118.22,34.09,36.0,1427.0,415.0,1835.0,410.0,2,138900.0
-118.22,34.08,34.0,1709.0,562.0,2105.0,503.0,2,152100.0
-118.22,34.08,31.0,394.0,117.0,573.0,131.0,2,154200.0
-118.22,34.07,36.0,839.0,250.0,1079.0,245.0,2,158300.0
-118.22,34.07,35.0,1504.0,477.0,2059.0,498.0,2,145800.0
-118.22,34.06,52.0,48.0,6.0,41.0,10.0,10,112500.0
-118.22,34.06,34.0,1083.0,364.0,1132.0,338.0,2,153100.0
-118.22,34.05,44.0,1105.0,346.0,1598.0,372.0,1,115600.0
-118.22,34.05,41.0,1422.0,478.0,1640.0,434.0,2,157100.0
-118.22,34.05,36.0,1243.0,470.0,1668.0,444.0,1,137500.0
-118.22,34.05,34.0,1113.0,313.0,928.0,290.0,3,155000.0
-118.22,34.04,43.0,798.0,308.0,1417.0,325.0,1,141700.0
-118.22,34.04,43.0,2343.0,803.0,2468.0,707.0,2,115000.0
-118.22,34.03,45.0,554.0,214.0,888.0,218.0,2,139600.0
-118.22,33.99,24.0,1402.0,482.0,1976.0,466.0,3,163200.0
-118.22,33.98,42.0,626.0,143.0,625.0,156.0,3,166300.0
-118.22,33.98,36.0,1514.0,453.0,1496.0,448.0,2,148200.0
-118.22,33.98,34.0,2225.0,753.0,2980.0,736.0,2,128800.0
-118.22,33.98,30.0,1971.0,645.0,2650.0,605.0,2,169900.0
-118.22,33.98,18.0,1781.0,765.0,1913.0,702.0,1,255000.0
-118.22,33.98,15.0,1011.0,274.0,899.0,219.0,3,190600.0
-118.22,33.97,47.0,1688.0,386.0,1663.0,381.0,4,171300.0
-118.22,33.97,47.0,1147.0,297.0,1097.0,307.0,3,162900.0
-118.22,33.97,47.0,1058.0,295.0,1097.0,274.0,3,183300.0
-118.22,33.97,43.0,381.0,67.0,259.0,60.0,3,166100.0
-118.22,33.96,32.0,2232.0,603.0,2361.0,608.0,3,170900.0
-118.22,33.95,42.0,3896.0,981.0,4496.0,993.0,3,150900.0
-118.22,33.94,42.0,1115.0,297.0,1412.0,325.0,3,153500.0
-118.22,33.94,42.0,1046.0,287.0,1218.0,289.0,3,143400.0
-118.22,33.94,40.0,930.0,258.0,1203.0,244.0,3,115400.0
-118.22,33.94,38.0,788.0,224.0,1155.0,208.0,3,153800.0
-118.22,33.93,39.0,1921.0,483.0,2286.0,470.0,3,130000.0
-118.22,33.92,32.0,1263.0,333.0,1789.0,346.0,2,89300.0
-118.22,33.92,23.0,926.0,409.0,1856.0,408.0,2,100000.0
-118.22,33.91,31.0,571.0,153.0,841.0,158.0,3,89200.0
-118.22,33.91,28.0,1847.0,500.0,2263.0,473.0,2,103200.0
-118.22,33.9,40.0,1802.0,496.0,2096.0,468.0,2,97900.0
-118.22,33.9,38.0,796.0,159.0,679.0,167.0,4,110400.0
-118.22,33.9,35.0,1649.0,424.0,1786.0,388.0,1,105600.0
-118.22,33.9,30.0,1007.0,260.0,1112.0,238.0,2,115600.0
-118.22,33.89,41.0,990.0,228.0,776.0,207.0,2,120200.0
-118.22,33.89,37.0,797.0,190.0,485.0,166.0,3,95200.0
-118.22,33.89,36.0,873.0,240.0,1086.0,217.0,2,126600.0
-118.22,33.89,26.0,266.0,75.0,252.0,59.0,2,138100.0
-118.22,33.88,35.0,998.0,313.0,1335.0,311.0,2,102500.0
-118.22,33.86,16.0,8732.0,1489.0,3944.0,1493.0,5,203500.0
-118.22,33.84,38.0,1928.0,429.0,1358.0,399.0,4,160300.0
-118.22,33.84,35.0,1131.0,273.0,1007.0,269.0,4,168300.0
-118.22,33.83,44.0,1792.0,404.0,1115.0,358.0,4,174400.0
-118.22,33.83,43.0,1426.0,272.0,871.0,276.0,4,175200.0
-118.22,33.83,42.0,1370.0,299.0,1018.0,328.0,4,160200.0
-118.22,33.82,30.0,1680.0,469.0,1779.0,429.0,4,146300.0
-118.22,33.82,17.0,5357.0,1332.0,3030.0,1266.0,2,138100.0
-118.22,33.81,41.0,726.0,166.0,602.0,183.0,4,156900.0
-118.22,33.81,38.0,1486.0,359.0,1345.0,326.0,3,147800.0
-118.22,33.8,36.0,1285.0,347.0,1291.0,337.0,4,157100.0
-118.22,33.8,33.0,1984.0,477.0,1764.0,440.0,4,165100.0
-118.22,33.79,48.0,143.0,41.0,222.0,50.0,2,104200.0
-118.23,35.48,17.0,2354.0,514.0,775.0,380.0,2,59400.0
-118.23,34.66,25.0,2627.0,387.0,1059.0,338.0,4,138200.0
-118.23,34.24,31.0,3857.0,607.0,1695.0,572.0,8,396400.0
-118.23,34.23,34.0,2377.0,362.0,1055.0,362.0,6,367100.0
-118.23,34.22,37.0,1376.0,237.0,618.0,226.0,6,431800.0
-118.23,34.22,36.0,2288.0,439.0,1079.0,434.0,5,361000.0
-118.23,34.21,50.0,309.0,47.0,121.0,45.0,6,285000.0
-118.23,34.21,38.0,1399.0,390.0,859.0,386.0,3,234800.0
-118.23,34.21,36.0,2988.0,719.0,1357.0,657.0,4,268000.0
-118.23,34.21,32.0,1464.0,406.0,693.0,380.0,3,200000.0
-118.23,34.2,51.0,1477.0,280.0,750.0,295.0,5,317900.0
-118.23,34.2,48.0,1473.0,294.0,807.0,296.0,3,306300.0
-118.23,34.18,47.0,1853.0,345.0,757.0,310.0,4,422000.0
-118.23,34.18,45.0,2332.0,343.0,943.0,339.0,8,446600.0
-118.23,34.16,31.0,3105.0,582.0,1359.0,547.0,5,429100.0
-118.23,34.15,40.0,2124.0,370.0,998.0,372.0,5,370400.0
-118.23,34.15,26.0,1649.0,522.0,1332.0,483.0,3,257100.0
-118.23,34.14,33.0,2865.0,864.0,2061.0,790.0,3,201300.0
-118.23,34.14,25.0,2864.0,844.0,1745.0,803.0,3,224300.0
-118.23,34.13,48.0,737.0,166.0,462.0,131.0,4,212500.0
-118.23,34.13,47.0,1162.0,235.0,781.0,268.0,5,244400.0
-118.23,34.13,37.0,1799.0,426.0,1088.0,417.0,3,244500.0
-118.23,34.13,34.0,609.0,149.0,407.0,145.0,5,185800.0
-118.23,34.12,32.0,2094.0,491.0,1413.0,479.0,5,221100.0
-118.23,34.12,28.0,1546.0,465.0,974.0,408.0,2,183800.0
-118.23,34.11,35.0,4148.0,971.0,3220.0,892.0,3,187100.0
-118.23,34.11,33.0,2612.0,646.0,2496.0,606.0,3,156000.0
-118.23,34.11,31.0,1021.0,191.0,495.0,191.0,6,223500.0
-118.23,34.1,46.0,2483.0,587.0,2121.0,553.0,2,152900.0
-118.23,34.1,41.0,1353.0,379.0,1536.0,416.0,2,157000.0
-118.23,34.1,38.0,1051.0,249.0,799.0,229.0,3,143800.0
-118.23,34.09,47.0,859.0,239.0,913.0,234.0,3,136100.0
-118.23,34.09,45.0,1747.0,484.0,1680.0,441.0,3,155500.0
-118.23,34.09,41.0,438.0,201.0,690.0,161.0,2,181300.0
-118.23,34.07,40.0,506.0,119.0,397.0,114.0,3,143800.0
-118.23,34.07,35.0,1335.0,440.0,1586.0,445.0,2,156300.0
-118.23,34.05,52.0,346.0,270.0,346.0,251.0,3,225000.0
-118.23,34.0,35.0,167.0,60.0,267.0,55.0,2,350000.0
-118.23,33.99,5.0,706.0,203.0,839.0,199.0,5,165000.0
-118.23,33.99,37.0,378.0,176.0,714.0,156.0,2,112500.0
-118.23,33.98,35.0,1366.0,496.0,2160.0,497.0,2,150000.0
-118.23,33.98,30.0,2562.0,959.0,3909.0,955.0,2,150600.0
-118.23,33.98,25.0,986.0,310.0,1439.0,251.0,2,183300.0
-118.23,33.97,47.0,932.0,295.0,1226.0,264.0,2,111400.0
-118.23,33.97,44.0,2748.0,715.0,2962.0,703.0,3,169300.0
-118.23,33.96,44.0,3186.0,876.0,3913.0,842.0,3,148200.0
-118.23,33.96,42.0,1977.0,570.0,2406.0,557.0,3,151600.0
-118.23,33.96,39.0,405.0,163.0,686.0,164.0,2,94800.0
-118.23,33.95,43.0,1683.0,520.0,2190.0,494.0,2,152800.0
-118.23,33.95,42.0,705.0,173.0,739.0,140.0,1,99000.0
-118.23,33.95,37.0,2667.0,671.0,2865.0,683.0,1,87500.0
-118.23,33.95,27.0,504.0,142.0,789.0,167.0,1,91400.0
-118.23,33.94,39.0,1141.0,258.0,1313.0,234.0,2,90100.0
-118.23,33.94,36.0,1110.0,307.0,1417.0,302.0,2,92100.0
-118.23,33.94,35.0,1090.0,267.0,1339.0,263.0,2,97600.0
-118.23,33.93,37.0,239.0,49.0,308.0,52.0,1,105400.0
-118.23,33.93,36.0,501.0,123.0,487.0,118.0,1,87000.0
-118.23,33.93,35.0,1149.0,277.0,909.0,214.0,2,96700.0
-118.23,33.93,30.0,1147.0,260.0,1219.0,210.0,2,93200.0
-118.23,33.93,23.0,545.0,131.0,610.0,126.0,1,95100.0
-118.23,33.92,32.0,1735.0,430.0,1699.0,386.0,1,103800.0
-118.23,33.92,24.0,1555.0,406.0,1665.0,361.0,2,98800.0
-118.23,33.91,34.0,789.0,200.0,1041.0,191.0,3,90300.0
-118.23,33.91,34.0,661.0,146.0,742.0,143.0,2,88200.0
-118.23,33.91,34.0,1060.0,276.0,1215.0,250.0,2,84700.0
-118.23,33.91,33.0,677.0,182.0,984.0,174.0,3,88900.0
-118.23,33.9,34.0,2462.0,553.0,2334.0,502.0,2,96800.0
-118.23,33.9,31.0,2143.0,522.0,2276.0,519.0,2,100800.0
-118.23,33.89,36.0,2598.0,514.0,1872.0,514.0,3,117700.0
-118.23,33.89,35.0,1255.0,344.0,1782.0,343.0,2,95100.0
-118.23,33.88,41.0,1941.0,367.0,1204.0,323.0,3,113700.0
-118.23,33.88,35.0,842.0,201.0,763.0,189.0,3,109800.0
-118.23,33.84,25.0,1106.0,207.0,888.0,216.0,5,207000.0
-118.23,33.8,26.0,239.0,135.0,165.0,112.0,1,187500.0
-118.23,33.78,20.0,59.0,24.0,69.0,23.0,3,350000.0
-118.24,34.24,31.0,3812.0,595.0,1645.0,591.0,8,380100.0
-118.24,34.23,43.0,1061.0,208.0,514.0,208.0,6,254200.0
-118.24,34.23,42.0,1541.0,280.0,753.0,264.0,5,292100.0
-118.24,34.23,41.0,1912.0,308.0,896.0,314.0,5,352700.0
-118.24,34.22,36.0,2507.0,517.0,1232.0,470.0,6,241300.0
-118.24,34.22,34.0,1722.0,406.0,926.0,371.0,4,252000.0
-118.24,34.21,32.0,3817.0,886.0,1888.0,829.0,4,245600.0
-118.24,34.16,52.0,850.0,162.0,493.0,160.0,7,298800.0
-118.24,34.16,52.0,2187.0,284.0,733.0,274.0,10,406200.0
-118.24,34.16,52.0,1904.0,297.0,797.0,286.0,7,380400.0
-118.24,34.16,40.0,2549.0,591.0,1156.0,546.0,3,374300.0
-118.24,34.15,7.0,2063.0,670.0,1892.0,643.0,2,202300.0
-118.24,34.15,45.0,1235.0,271.0,499.0,263.0,3,282600.0
-118.24,34.15,20.0,2734.0,658.0,1562.0,607.0,3,284100.0
-118.24,34.15,19.0,4852.0,1465.0,3171.0,1332.0,3,192900.0
-118.24,34.14,9.0,4877.0,1488.0,4486.0,1458.0,2,222100.0
-118.24,34.14,36.0,1813.0,560.0,1501.0,544.0,2,238000.0
-118.24,34.14,28.0,1843.0,554.0,1402.0,512.0,2,254000.0
-118.24,34.14,20.0,3196.0,994.0,2929.0,983.0,3,219500.0
-118.24,34.13,45.0,2170.0,401.0,1043.0,394.0,6,269000.0
-118.24,34.13,45.0,1971.0,439.0,1245.0,430.0,4,260500.0
-118.24,34.13,37.0,1644.0,395.0,959.0,383.0,3,257700.0
-118.24,34.12,41.0,1213.0,301.0,801.0,300.0,3,204200.0
-118.24,34.12,34.0,80.0,26.0,125.0,35.0,1,154200.0
-118.24,34.12,29.0,2904.0,892.0,3320.0,765.0,3,168800.0
-118.24,34.11,50.0,2141.0,451.0,1777.0,426.0,3,178800.0
-118.24,34.11,39.0,1148.0,348.0,1161.0,333.0,2,176700.0
-118.24,34.1,42.0,1525.0,456.0,1688.0,432.0,3,141300.0
-118.24,34.08,52.0,137.0,26.0,65.0,24.0,4,137500.0
-118.24,34.08,52.0,109.0,20.0,86.0,24.0,5,187500.0
-118.24,34.07,27.0,223.0,80.0,249.0,82.0,2,137500.0
-118.24,34.06,8.0,1204.0,552.0,1074.0,517.0,1,87500.0
-118.24,34.06,33.0,390.0,199.0,435.0,193.0,1,350000.0
-118.24,34.06,19.0,2870.0,1021.0,3325.0,978.0,2,162500.0
-118.24,34.05,13.0,1703.0,697.0,1823.0,669.0,1,181300.0
-118.24,34.04,52.0,116.0,107.0,171.0,92.0,1,112500.0
-118.24,34.02,48.0,542.0,150.0,571.0,114.0,2,90600.0
-118.24,34.01,43.0,1456.0,444.0,2098.0,433.0,2,99200.0
-118.24,34.01,30.0,405.0,86.0,376.0,68.0,2,127500.0
-118.24,34.0,43.0,863.0,206.0,788.0,187.0,1,95000.0
-118.24,34.0,38.0,1715.0,414.0,1714.0,389.0,2,108200.0
-118.24,33.99,44.0,448.0,116.0,504.0,96.0,2,98600.0
-118.24,33.99,41.0,1425.0,372.0,1803.0,353.0,2,88200.0
-118.24,33.99,33.0,885.0,294.0,1270.0,282.0,2,118800.0
-118.24,33.99,28.0,312.0,89.0,498.0,87.0,2,96400.0
-118.24,33.98,45.0,173.0,42.0,230.0,57.0,3,110700.0
-118.24,33.98,37.0,1196.0,364.0,1622.0,327.0,2,108900.0
-118.24,33.98,30.0,861.0,250.0,1062.0,231.0,2,115400.0
-118.24,33.97,41.0,1182.0,346.0,1644.0,346.0,2,115100.0
-118.24,33.97,38.0,1657.0,467.0,2033.0,443.0,2,118500.0
-118.24,33.97,37.0,1053.0,263.0,1354.0,292.0,3,112500.0
-118.24,33.96,44.0,1338.0,366.0,1765.0,388.0,2,109900.0
-118.24,33.96,39.0,643.0,186.0,821.0,191.0,3,97300.0
-118.24,33.96,37.0,1602.0,388.0,1553.0,342.0,2,93400.0
-118.24,33.96,30.0,859.0,221.0,912.0,191.0,2,105100.0
-118.24,33.95,40.0,1193.0,280.0,1210.0,286.0,1,89500.0
-118.24,33.95,37.0,649.0,147.0,653.0,147.0,1,97500.0
-118.24,33.95,37.0,441.0,125.0,390.0,98.0,2,90200.0
-118.24,33.95,36.0,2316.0,543.0,1938.0,507.0,1,97400.0
-118.24,33.95,21.0,1260.0,342.0,1167.0,310.0,1,107600.0
-118.24,33.94,42.0,380.0,106.0,411.0,100.0,1,90000.0
-118.24,33.94,39.0,1215.0,273.0,1211.0,265.0,2,95500.0
-118.24,33.94,37.0,869.0,241.0,1040.0,233.0,2,84200.0
-118.24,33.94,34.0,796.0,180.0,673.0,144.0,2,88300.0
-118.24,33.94,30.0,940.0,211.0,1071.0,204.0,1,92000.0
-118.24,33.93,37.0,1027.0,258.0,824.0,248.0,2,86300.0
-118.24,33.93,32.0,1063.0,282.0,992.0,253.0,1,88700.0
-118.24,33.92,44.0,1079.0,210.0,601.0,182.0,2,106400.0
-118.24,33.92,42.0,328.0,100.0,605.0,87.0,2,97400.0
-118.24,33.92,40.0,1772.0,369.0,1122.0,324.0,3,96100.0
-118.24,33.91,40.0,972.0,240.0,761.0,225.0,1,88200.0
-118.24,33.91,38.0,745.0,152.0,721.0,160.0,2,102900.0
-118.24,33.91,36.0,1446.0,316.0,1286.0,314.0,3,103600.0
-118.24,33.9,40.0,1308.0,272.0,901.0,257.0,3,98000.0
-118.24,33.9,39.0,642.0,129.0,475.0,123.0,1,92600.0
-118.24,33.9,38.0,2055.0,442.0,1518.0,425.0,2,103000.0
-118.24,33.9,35.0,1079.0,247.0,1055.0,243.0,2,93600.0
-118.24,33.89,34.0,1479.0,332.0,1166.0,322.0,3,100900.0
-118.24,33.88,37.0,1843.0,366.0,1207.0,351.0,2,111000.0
-118.24,33.83,22.0,7368.0,1367.0,4721.0,1342.0,5,213100.0
-118.24,33.78,24.0,574.0,173.0,784.0,162.0,2,152300.0
-118.25,34.25,34.0,3150.0,518.0,1392.0,480.0,5,336900.0
-118.25,34.23,41.0,1979.0,496.0,1157.0,459.0,4,217700.0
-118.25,34.23,37.0,1954.0,368.0,967.0,370.0,5,261300.0
-118.25,34.23,35.0,2839.0,592.0,1413.0,538.0,4,271200.0
-118.25,34.23,34.0,2421.0,475.0,1232.0,454.0,5,296200.0
-118.25,34.17,52.0,1532.0,292.0,631.0,275.0,5,372900.0
-118.25,34.16,24.0,5131.0,1436.0,2690.0,1371.0,3,280000.0
-118.25,34.16,14.0,3700.0,945.0,1681.0,905.0,4,200000.0
-118.25,34.15,32.0,1377.0,444.0,768.0,422.0,2,187500.0
-118.25,34.15,31.0,1238.0,338.0,605.0,331.0,3,228100.0
-118.25,34.15,20.0,3960.0,1027.0,1729.0,978.0,3,193800.0
-118.25,34.15,15.0,3712.0,1005.0,1888.0,890.0,4,209600.0
-118.25,34.14,37.0,584.0,260.0,552.0,235.0,2,275000.0
-118.25,34.14,30.0,1615.0,570.0,1245.0,544.0,2,196900.0
-118.25,34.14,25.0,5980.0,1856.0,5217.0,1772.0,3,184500.0
-118.25,34.14,13.0,3487.0,1131.0,3749.0,1072.0,2,221900.0
-118.25,34.13,36.0,2946.0,1025.0,2542.0,912.0,2,255900.0
-118.25,34.12,21.0,739.0,265.0,861.0,246.0,2,181300.0
-118.25,34.12,11.0,1281.0,418.0,1584.0,330.0,3,153100.0
-118.25,34.11,52.0,125.0,42.0,99.0,40.0,3,170000.0
-118.25,34.11,43.0,2230.0,583.0,1667.0,543.0,3,217800.0
-118.25,34.11,43.0,2222.0,635.0,1817.0,606.0,3,208900.0
-118.25,34.1,42.0,598.0,147.0,312.0,144.0,3,164300.0
-118.25,34.1,42.0,4198.0,956.0,1935.0,878.0,4,277300.0
-118.25,34.09,52.0,3142.0,765.0,1728.0,682.0,3,189800.0
-118.25,34.09,52.0,2050.0,429.0,957.0,418.0,4,210000.0
-118.25,34.09,52.0,1866.0,470.0,1211.0,417.0,3,189400.0
-118.25,34.09,43.0,1903.0,635.0,1919.0,613.0,3,174300.0
-118.25,34.08,47.0,2133.0,689.0,2104.0,662.0,3,169200.0
-118.25,34.07,47.0,2059.0,618.0,2033.0,544.0,2,217900.0
-118.25,34.07,43.0,764.0,322.0,1275.0,306.0,2,175000.0
-118.25,34.07,18.0,4297.0,1420.0,4332.0,1286.0,2,192500.0
-118.25,34.07,16.0,719.0,225.0,801.0,218.0,2,133300.0
-118.25,34.06,12.0,4011.0,1438.0,1673.0,1088.0,5,287500.0
-118.25,34.05,8.0,3105.0,1256.0,1086.0,997.0,1,275000.0
-118.25,34.05,52.0,2806.0,1944.0,2232.0,1605.0,1,350000.0
-118.25,34.03,52.0,1274.0,418.0,1655.0,368.0,2,124000.0
-118.25,34.02,35.0,1368.0,486.0,2239.0,461.0,2,114300.0
-118.25,34.02,33.0,1676.0,525.0,2564.0,515.0,2,100800.0
-118.25,34.02,32.0,1375.0,448.0,1698.0,432.0,2,130700.0
-118.25,34.02,32.0,1311.0,410.0,1792.0,396.0,2,119900.0
-118.25,34.01,43.0,1575.0,475.0,1980.0,469.0,2,100500.0
-118.25,34.01,43.0,1429.0,386.0,1412.0,354.0,1,107200.0
-118.25,34.01,36.0,879.0,262.0,1034.0,236.0,1,99300.0
-118.25,34.01,31.0,1301.0,403.0,1952.0,377.0,2,100800.0
-118.25,34.01,30.0,962.0,291.0,1280.0,263.0,1,110200.0
-118.25,34.01,28.0,481.0,136.0,596.0,128.0,1,90300.0
-118.25,34.0,41.0,1768.0,475.0,1721.0,474.0,1,90400.0
-118.25,34.0,36.0,1176.0,309.0,1267.0,292.0,2,105000.0
-118.25,34.0,34.0,1905.0,552.0,2194.0,521.0,1,95800.0
-118.25,34.0,32.0,1218.0,342.0,1292.0,304.0,2,102900.0
-118.25,34.0,29.0,1419.0,363.0,1696.0,317.0,2,101300.0
-118.25,33.99,42.0,2261.0,574.0,2496.0,527.0,2,98500.0
-118.25,33.99,41.0,2215.0,544.0,2054.0,480.0,2,100300.0
-118.25,33.98,44.0,1087.0,335.0,1441.0,310.0,2,112500.0
-118.25,33.98,40.0,1867.0,633.0,2223.0,609.0,2,105100.0
-118.25,33.98,37.0,1503.0,392.0,1886.0,401.0,3,125000.0
-118.25,33.98,37.0,1045.0,361.0,1666.0,337.0,2,97200.0
-118.25,33.97,43.0,1735.0,535.0,2288.0,524.0,2,98800.0
-118.25,33.97,39.0,1346.0,380.0,1520.0,356.0,1,108700.0
-118.25,33.97,38.0,1231.0,346.0,1217.0,354.0,2,106600.0
-118.25,33.97,37.0,794.0,210.0,814.0,213.0,2,112000.0
-118.25,33.97,36.0,1026.0,294.0,1316.0,268.0,2,102600.0
-118.25,33.97,32.0,879.0,257.0,1057.0,230.0,2,114800.0
-118.25,33.96,48.0,1052.0,234.0,793.0,216.0,2,92900.0
-118.25,33.96,43.0,2015.0,419.0,1543.0,399.0,2,98100.0
-118.25,33.96,43.0,1876.0,454.0,1571.0,458.0,2,112500.0
-118.25,33.96,42.0,1326.0,295.0,918.0,258.0,2,98800.0
-118.25,33.95,48.0,1766.0,424.0,1655.0,420.0,1,95500.0
-118.25,33.95,41.0,1576.0,339.0,1252.0,302.0,2,98100.0
-118.25,33.95,35.0,1405.0,326.0,1086.0,273.0,1,89800.0
-118.25,33.95,28.0,2136.0,575.0,1799.0,476.0,2,95700.0
-118.25,33.94,44.0,1463.0,312.0,940.0,312.0,2,99800.0
-118.25,33.94,43.0,793.0,235.0,736.0,231.0,1,90400.0
-118.25,33.94,37.0,1002.0,270.0,1092.0,273.0,2,94500.0
-118.25,33.93,42.0,763.0,191.0,754.0,174.0,2,101800.0
-118.25,33.93,42.0,657.0,147.0,526.0,132.0,2,110200.0
-118.25,33.93,38.0,180.0,43.0,246.0,56.0,3,90000.0
-118.25,33.93,36.0,2452.0,734.0,2664.0,667.0,1,100000.0
-118.25,33.93,27.0,581.0,135.0,647.0,131.0,3,83100.0
-118.25,33.92,46.0,723.0,154.0,411.0,165.0,2,96500.0
-118.25,33.92,44.0,1737.0,363.0,1184.0,343.0,3,95900.0
-118.25,33.92,44.0,1137.0,235.0,747.0,225.0,2,92600.0
-118.25,33.91,36.0,1950.0,365.0,1125.0,374.0,3,119300.0
-118.25,33.91,35.0,1479.0,272.0,963.0,292.0,3,109500.0
-118.25,33.9,42.0,1386.0,320.0,1163.0,319.0,2,89500.0
-118.25,33.9,38.0,1201.0,223.0,733.0,206.0,3,105800.0
-118.25,33.9,37.0,2119.0,442.0,1372.0,406.0,2,106200.0
-118.25,33.9,36.0,1135.0,231.0,614.0,227.0,3,113100.0
-118.25,33.89,41.0,1476.0,286.0,1086.0,278.0,2,111700.0
-118.25,33.89,37.0,1042.0,213.0,699.0,196.0,3,103200.0
-118.25,33.89,36.0,406.0,71.0,268.0,77.0,4,115800.0
-118.25,33.89,36.0,1527.0,309.0,1154.0,279.0,3,105500.0
-118.25,33.89,35.0,1582.0,391.0,1957.0,404.0,2,91500.0
-118.25,33.89,34.0,1367.0,288.0,1183.0,286.0,3,104100.0
-118.25,33.88,37.0,1027.0,217.0,1042.0,254.0,2,98600.0
-118.25,33.86,26.0,3022.0,476.0,1852.0,452.0,6,186400.0
-118.25,33.8,36.0,1697.0,394.0,1274.0,396.0,3,163100.0
-118.25,33.79,39.0,981.0,286.0,1183.0,298.0,2,139800.0
-118.25,33.79,34.0,1349.0,371.0,1716.0,380.0,3,138100.0
-118.25,33.79,32.0,1205.0,340.0,1799.0,370.0,2,128000.0
-118.25,33.78,32.0,296.0,139.0,511.0,133.0,1,182100.0
-118.26,34.5,6.0,5813.0,908.0,2275.0,790.0,5,340400.0
-118.26,34.24,42.0,890.0,179.0,555.0,200.0,4,271900.0
-118.26,34.24,35.0,2485.0,418.0,1226.0,406.0,6,329500.0
-118.26,34.24,35.0,1666.0,280.0,788.0,273.0,7,344400.0
-118.26,34.23,43.0,1428.0,325.0,836.0,302.0,5,209200.0
-118.26,34.23,38.0,1107.0,194.0,518.0,195.0,8,263700.0
-118.26,34.23,33.0,1805.0,303.0,838.0,301.0,5,326600.0
-118.26,34.18,32.0,14556.0,2077.0,5459.0,2017.0,8,500001.0
-118.26,34.17,20.0,5949.0,1417.0,2593.0,1337.0,4,318600.0
-118.26,34.16,20.0,3407.0,885.0,1883.0,870.0,4,351100.0
-118.26,34.16,19.0,2919.0,857.0,1866.0,811.0,3,206300.0
-118.26,34.16,18.0,1775.0,525.0,950.0,522.0,4,177100.0
-118.26,34.15,6.0,3340.0,945.0,2315.0,846.0,3,252300.0
-118.26,34.15,18.0,2481.0,756.0,1763.0,675.0,3,247500.0
-118.26,34.15,14.0,2981.0,894.0,1941.0,863.0,3,178600.0
-118.26,34.14,6.0,1727.0,506.0,1200.0,439.0,4,210700.0
-118.26,34.14,29.0,3431.0,1222.0,4094.0,1205.0,2,248100.0
-118.26,34.14,23.0,1336.0,396.0,1255.0,359.0,3,205000.0
-118.26,34.13,37.0,196.0,74.0,194.0,68.0,1,218800.0
-118.26,34.13,37.0,1383.0,470.0,1185.0,451.0,2,207100.0
-118.26,34.12,52.0,2290.0,520.0,1278.0,485.0,4,238200.0
-118.26,34.12,52.0,1942.0,476.0,1375.0,477.0,3,209100.0
-118.26,34.11,52.0,1740.0,402.0,749.0,335.0,4,270700.0
-118.26,34.1,52.0,1310.0,263.0,689.0,208.0,4,350000.0
-118.26,34.1,48.0,2566.0,571.0,1421.0,563.0,4,318600.0
-118.26,34.09,51.0,1532.0,366.0,669.0,333.0,4,278800.0
-118.26,34.09,36.0,3503.0,833.0,2652.0,788.0,4,241400.0
-118.26,34.08,52.0,984.0,276.0,994.0,260.0,2,166700.0
-118.26,34.08,50.0,1791.0,660.0,2183.0,675.0,2,166700.0
-118.26,34.08,46.0,945.0,250.0,910.0,252.0,4,187500.0
-118.26,34.08,45.0,2174.0,627.0,1992.0,557.0,3,167800.0
-118.26,34.08,41.0,1396.0,360.0,1069.0,363.0,2,203300.0
-118.26,34.07,52.0,830.0,200.0,701.0,189.0,3,232100.0
-118.26,34.07,52.0,1802.0,613.0,2382.0,587.0,2,185900.0
-118.26,34.07,46.0,2341.0,703.0,2371.0,648.0,2,181700.0
-118.26,34.07,36.0,2306.0,813.0,2823.0,765.0,2,170500.0
-118.26,34.07,28.0,579.0,184.0,673.0,202.0,3,187500.0
-118.26,34.06,38.0,715.0,282.0,1174.0,300.0,2,225000.0
-118.26,34.06,15.0,326.0,123.0,490.0,105.0,1,175000.0
-118.26,34.05,52.0,58.0,52.0,41.0,27.0,4,500001.0
-118.26,34.04,6.0,1529.0,566.0,1051.0,473.0,2,162500.0
-118.26,34.03,49.0,299.0,90.0,287.0,68.0,1,100000.0
-118.26,34.02,48.0,1465.0,440.0,1859.0,400.0,1,96200.0
-118.26,34.02,46.0,1249.0,357.0,1607.0,331.0,2,114800.0
-118.26,34.02,38.0,980.0,285.0,1308.0,310.0,2,123100.0
-118.26,34.02,38.0,1091.0,349.0,1786.0,340.0,2,136500.0
-118.26,34.02,37.0,1551.0,501.0,2173.0,474.0,2,117700.0
-118.26,34.01,47.0,1269.0,323.0,1628.0,325.0,2,115800.0
-118.26,34.01,43.0,2179.0,682.0,2624.0,609.0,2,108200.0
-118.26,34.01,38.0,697.0,208.0,749.0,206.0,1,118800.0
-118.26,34.01,37.0,2451.0,668.0,2824.0,598.0,2,99600.0
-118.26,34.0,41.0,1733.0,492.0,1776.0,453.0,2,104200.0
-118.26,34.0,37.0,2615.0,697.0,2484.0,630.0,2,103400.0
-118.26,34.0,27.0,1611.0,479.0,1457.0,458.0,1,91900.0
-118.26,33.99,47.0,1865.0,465.0,1916.0,438.0,2,95000.0
-118.26,33.99,30.0,1702.0,443.0,1966.0,442.0,2,97500.0
-118.26,33.98,43.0,762.0,206.0,854.0,188.0,1,98200.0
-118.26,33.97,52.0,1331.0,346.0,1144.0,362.0,2,90600.0
-118.26,33.97,46.0,1295.0,351.0,1120.0,323.0,2,98200.0
-118.26,33.97,46.0,1086.0,249.0,880.0,250.0,2,95700.0
-118.26,33.97,44.0,1246.0,308.0,1031.0,295.0,2,96300.0
-118.26,33.96,40.0,1475.0,347.0,1222.0,298.0,2,95300.0
-118.26,33.96,39.0,1542.0,375.0,1256.0,361.0,2,100000.0
-118.26,33.96,39.0,1255.0,323.0,902.0,327.0,2,94000.0
-118.26,33.96,37.0,1625.0,383.0,1243.0,350.0,1,89800.0
-118.26,33.95,44.0,1513.0,369.0,1088.0,344.0,1,94400.0
-118.26,33.94,45.0,1080.0,218.0,850.0,237.0,2,93400.0
-118.26,33.94,44.0,795.0,181.0,716.0,167.0,2,90300.0
-118.26,33.94,44.0,1103.0,265.0,760.0,247.0,2,99600.0
-118.26,33.93,42.0,1433.0,295.0,775.0,293.0,1,104800.0
-118.26,33.93,36.0,1102.0,247.0,702.0,225.0,2,95400.0
-118.26,33.93,35.0,1562.0,403.0,1587.0,406.0,1,93200.0
-118.26,33.92,42.0,3320.0,682.0,2105.0,632.0,2,104600.0
-118.26,33.92,40.0,1076.0,244.0,705.0,255.0,2,98900.0
-118.26,33.91,44.0,892.0,139.0,440.0,159.0,3,120800.0
-118.26,33.91,39.0,935.0,210.0,711.0,193.0,2,101900.0
-118.26,33.9,22.0,894.0,232.0,754.0,222.0,2,110700.0
-118.26,33.89,36.0,923.0,165.0,603.0,191.0,4,120700.0
-118.26,33.89,36.0,2230.0,417.0,1395.0,381.0,3,109600.0
-118.26,33.85,25.0,2324.0,326.0,1087.0,328.0,5,207000.0
-118.26,33.85,24.0,9071.0,1335.0,4558.0,1327.0,6,197500.0
-118.26,33.83,28.0,4112.0,861.0,3211.0,841.0,4,192200.0
-118.26,33.82,28.0,5091.0,1074.0,4753.0,1033.0,4,117400.0
-118.26,33.8,41.0,2004.0,481.0,1658.0,456.0,3,171100.0
-118.26,33.79,42.0,1162.0,264.0,1044.0,241.0,4,205600.0
-118.26,33.79,30.0,1291.0,230.0,835.0,215.0,6,181500.0
-118.26,33.78,36.0,2191.0,739.0,2931.0,692.0,2,163100.0
-118.26,33.78,35.0,1239.0,473.0,1524.0,387.0,2,154700.0
-118.26,33.78,21.0,2188.0,706.0,2265.0,652.0,2,164700.0
-118.26,33.77,36.0,886.0,253.0,809.0,219.0,2,164200.0
-118.27,34.92,20.0,873.0,175.0,422.0,159.0,3,91700.0
-118.27,34.68,19.0,552.0,129.0,314.0,106.0,3,185400.0
-118.27,34.46,10.0,2184.0,405.0,1119.0,370.0,5,294000.0
-118.27,34.25,39.0,699.0,150.0,358.0,143.0,4,195800.0
-118.27,34.25,37.0,2489.0,454.0,1215.0,431.0,5,257600.0
-118.27,34.25,35.0,779.0,143.0,371.0,150.0,5,230100.0
-118.27,34.25,35.0,2091.0,360.0,879.0,326.0,4,261900.0
-118.27,34.24,30.0,2180.0,369.0,1050.0,390.0,6,277600.0
-118.27,34.22,34.0,8206.0,1186.0,3141.0,1150.0,7,462200.0
-118.27,34.18,52.0,3034.0,406.0,1158.0,399.0,6,498400.0
-118.27,34.17,52.0,2287.0,295.0,829.0,296.0,8,500001.0
-118.27,34.17,52.0,2010.0,286.0,908.0,326.0,7,374000.0
-118.27,34.17,48.0,1560.0,280.0,825.0,269.0,6,354700.0
-118.27,34.16,52.0,830.0,183.0,479.0,179.0,3,253700.0
-118.27,34.16,47.0,1453.0,356.0,787.0,345.0,3,255500.0
-118.27,34.16,45.0,1865.0,360.0,973.0,349.0,4,321200.0
-118.27,34.16,15.0,5036.0,1299.0,3164.0,1175.0,3,238700.0
-118.27,34.15,7.0,2837.0,776.0,2287.0,736.0,3,229000.0
-118.27,34.15,25.0,3018.0,806.0,2205.0,742.0,3,220200.0
-118.27,34.15,22.0,2265.0,637.0,1684.0,561.0,3,217100.0
-118.27,34.14,29.0,3768.0,1211.0,2320.0,1030.0,3,204500.0
-118.27,34.14,10.0,1060.0,332.0,1025.0,288.0,3,175000.0
-118.27,34.13,47.0,1375.0,359.0,1512.0,418.0,2,208900.0
-118.27,34.13,46.0,1613.0,396.0,966.0,416.0,3,230300.0
-118.27,34.12,50.0,2037.0,440.0,1089.0,417.0,4,230600.0
-118.27,34.11,41.0,4138.0,1130.0,1859.0,1030.0,3,306800.0
-118.27,34.1,41.0,3729.0,740.0,1364.0,707.0,6,412700.0
-118.27,34.09,52.0,3225.0,763.0,1559.0,710.0,4,268800.0
-118.27,34.09,52.0,2327.0,555.0,1048.0,491.0,4,252300.0
-118.27,34.09,52.0,1079.0,222.0,439.0,201.0,5,230800.0
-118.27,34.09,44.0,3646.0,912.0,1783.0,861.0,3,225000.0
-118.27,34.08,46.0,3007.0,854.0,2587.0,814.0,3,184300.0
-118.27,34.08,43.0,962.0,253.0,658.0,244.0,3,185000.0
-118.27,34.08,38.0,2265.0,801.0,2899.0,792.0,3,157500.0
-118.27,34.08,35.0,1147.0,365.0,1016.0,296.0,2,198800.0
-118.27,34.07,42.0,1175.0,428.0,1593.0,407.0,2,213300.0
-118.27,34.07,34.0,786.0,341.0,1239.0,320.0,2,152100.0
-118.27,34.07,33.0,1177.0,468.0,1533.0,430.0,2,183300.0
-118.27,34.07,32.0,1657.0,579.0,2071.0,598.0,2,152500.0
-118.27,34.07,27.0,1190.0,518.0,1795.0,422.0,2,160000.0
-118.27,34.06,45.0,564.0,353.0,1172.0,319.0,1,187500.0
-118.27,34.06,33.0,1416.0,686.0,2013.0,614.0,2,208300.0
-118.27,34.06,30.0,1771.0,788.0,2188.0,764.0,2,154200.0
-118.27,34.06,25.0,1714.0,1176.0,3723.0,1036.0,1,112500.0
-118.27,34.06,17.0,2124.0,1168.0,3915.0,1137.0,1,137500.0
-118.27,34.05,52.0,1292.0,864.0,2081.0,724.0,1,275000.0
-118.27,34.05,47.0,661.0,359.0,1406.0,307.0,1,112500.0
-118.27,34.05,37.0,350.0,245.0,1122.0,248.0,3,137500.0
-118.27,34.05,25.0,1316.0,836.0,2796.0,784.0,2,325000.0
-118.27,34.05,24.0,323.0,214.0,751.0,189.0,2,225000.0
-118.27,34.05,12.0,535.0,328.0,1194.0,365.0,1,275000.0
-118.27,34.04,13.0,1784.0,730.0,2158.0,682.0,2,118100.0
-118.27,34.03,51.0,1280.0,422.0,1560.0,381.0,2,125000.0
-118.27,34.03,50.0,395.0,232.0,948.0,243.0,2,175000.0
-118.27,34.02,40.0,561.0,284.0,662.0,205.0,1,187500.0
-118.27,34.02,39.0,2004.0,633.0,3050.0,621.0,2,127300.0
-118.27,34.01,47.0,921.0,264.0,881.0,221.0,1,114100.0
-118.27,34.01,42.0,990.0,289.0,1167.0,281.0,1,126800.0
-118.27,34.01,35.0,1672.0,556.0,2106.0,519.0,1,129200.0
-118.27,34.01,35.0,1193.0,355.0,1784.0,341.0,2,116100.0
-118.27,34.0,48.0,1869.0,461.0,1834.0,441.0,2,107400.0
-118.27,34.0,47.0,780.0,237.0,888.0,215.0,2,95800.0
-118.27,34.0,46.0,1748.0,428.0,1707.0,409.0,2,103800.0
-118.27,34.0,43.0,1258.0,381.0,1276.0,358.0,2,106900.0
-118.27,34.0,40.0,2099.0,599.0,2311.0,529.0,2,101500.0
-118.27,33.99,41.0,656.0,162.0,730.0,170.0,2,101800.0
-118.27,33.99,38.0,1407.0,447.0,1783.0,402.0,2,97100.0
-118.27,33.99,35.0,932.0,294.0,1153.0,282.0,1,100000.0
-118.27,33.99,30.0,504.0,140.0,529.0,123.0,2,100000.0
-118.27,33.98,45.0,1696.0,424.0,1502.0,429.0,1,99200.0
-118.27,33.98,44.0,1722.0,457.0,2177.0,401.0,2,92500.0
-118.27,33.98,39.0,2062.0,588.0,1933.0,570.0,1,97000.0
-118.27,33.98,30.0,1966.0,584.0,2028.0,535.0,2,101500.0
-118.27,33.97,45.0,1546.0,371.0,1186.0,366.0,2,96800.0
-118.27,33.97,34.0,1462.0,394.0,1310.0,351.0,1,90100.0
-118.27,33.96,38.0,977.0,295.0,1073.0,292.0,1,86400.0
-118.27,33.96,34.0,1040.0,276.0,1083.0,255.0,2,90900.0
-118.27,33.95,43.0,1156.0,291.0,1074.0,299.0,2,94900.0
-118.27,33.95,40.0,935.0,226.0,818.0,236.0,2,101300.0
-118.27,33.95,39.0,1529.0,358.0,1154.0,357.0,1,97900.0
-118.27,33.95,34.0,1261.0,315.0,1027.0,303.0,2,88800.0
-118.27,33.95,29.0,1579.0,351.0,1056.0,322.0,2,98500.0
-118.27,33.94,39.0,2078.0,561.0,1901.0,504.0,1,96900.0
-118.27,33.94,38.0,1314.0,318.0,1080.0,285.0,2,89800.0
-118.27,33.94,37.0,973.0,221.0,842.0,178.0,2,94900.0
-118.27,33.93,38.0,2073.0,500.0,1657.0,470.0,1,88400.0
-118.27,33.93,36.0,1467.0,369.0,1247.0,347.0,2,92700.0
-118.27,33.92,36.0,1465.0,346.0,1147.0,324.0,2,88800.0
-118.27,33.92,35.0,1818.0,374.0,1444.0,372.0,3,106800.0
-118.27,33.92,34.0,1178.0,260.0,1166.0,244.0,2,93300.0
-118.27,33.91,42.0,1786.0,358.0,1318.0,373.0,3,101100.0
-118.27,33.91,37.0,3018.0,547.0,1720.0,512.0,3,124100.0
-118.27,33.91,32.0,2238.0,471.0,1292.0,467.0,1,110600.0
-118.27,33.89,32.0,1969.0,397.0,1349.0,370.0,4,138100.0
-118.27,33.86,33.0,1685.0,333.0,1484.0,318.0,4,167000.0
-118.27,33.86,29.0,2587.0,489.0,2115.0,475.0,4,168600.0
-118.27,33.86,26.0,1097.0,167.0,701.0,188.0,7,196600.0
-118.27,33.84,24.0,6303.0,1277.0,3728.0,1252.0,4,208600.0
-118.27,33.83,28.0,2152.0,415.0,1623.0,429.0,4,200500.0
-118.27,33.82,39.0,1357.0,249.0,763.0,229.0,4,200300.0
-118.27,33.82,37.0,943.0,218.0,803.0,216.0,5,191100.0
-118.27,33.82,36.0,1593.0,334.0,1427.0,320.0,4,166900.0
-118.27,33.82,33.0,1596.0,337.0,1650.0,329.0,4,173500.0
-118.27,33.82,28.0,1642.0,434.0,1575.0,420.0,4,201900.0
-118.27,33.81,42.0,865.0,208.0,811.0,218.0,4,165300.0
-118.27,33.81,38.0,1607.0,337.0,1130.0,334.0,4,190700.0
-118.27,33.8,38.0,1446.0,327.0,980.0,319.0,3,177700.0
-118.27,33.8,28.0,4698.0,902.0,3287.0,881.0,5,215900.0
-118.27,33.79,39.0,1417.0,359.0,1450.0,367.0,3,172000.0
-118.27,33.79,36.0,2218.0,561.0,1789.0,527.0,3,182300.0
-118.27,33.79,31.0,1535.0,369.0,1291.0,340.0,3,174000.0
-118.27,33.79,26.0,2109.0,651.0,2120.0,605.0,2,158700.0
-118.27,33.78,21.0,3354.0,1174.0,4426.0,1110.0,3,167300.0
-118.27,33.77,26.0,2272.0,694.0,2567.0,595.0,2,150600.0
-118.28,34.76,19.0,3430.0,601.0,1817.0,571.0,5,163600.0
-118.28,34.26,32.0,1079.0,207.0,486.0,167.0,5,213000.0
-118.28,34.25,35.0,2045.0,450.0,1166.0,407.0,4,197600.0
-118.28,34.25,29.0,2559.0,787.0,1886.0,769.0,3,162100.0
-118.28,34.24,32.0,2542.0,526.0,1278.0,493.0,4,263600.0
-118.28,34.24,29.0,3390.0,580.0,1543.0,576.0,6,316900.0
-118.28,34.18,52.0,2602.0,418.0,1137.0,419.0,5,358000.0
-118.28,34.18,50.0,2195.0,336.0,878.0,309.0,7,365600.0
-118.28,34.18,47.0,2243.0,339.0,911.0,319.0,7,446800.0
-118.28,34.17,52.0,2332.0,433.0,1135.0,440.0,6,331200.0
-118.28,34.16,49.0,1393.0,290.0,605.0,282.0,3,257400.0
-118.28,34.11,52.0,2036.0,348.0,775.0,332.0,5,397500.0
-118.28,34.11,52.0,1803.0,437.0,787.0,388.0,5,360500.0
-118.28,34.11,38.0,4453.0,1156.0,1830.0,1099.0,4,495600.0
-118.28,34.1,49.0,2843.0,880.0,2004.0,796.0,3,217300.0
-118.28,34.1,49.0,1767.0,467.0,1066.0,438.0,3,210900.0
-118.28,34.1,48.0,805.0,246.0,633.0,235.0,2,200000.0
-118.28,34.1,44.0,2728.0,585.0,1227.0,567.0,4,324000.0
-118.28,34.09,52.0,2273.0,663.0,1480.0,597.0,2,196500.0
-118.28,34.09,49.0,3828.0,1197.0,2862.0,1009.0,2,219200.0
-118.28,34.09,38.0,790.0,275.0,664.0,194.0,3,175000.0
-118.28,34.08,52.0,2465.0,773.0,2328.0,746.0,3,203100.0
-118.28,34.08,42.0,997.0,374.0,982.0,372.0,3,200000.0
-118.28,34.08,40.0,1630.0,543.0,1568.0,510.0,3,169100.0
-118.28,34.08,39.0,3162.0,896.0,1934.0,818.0,3,213500.0
-118.28,34.07,41.0,1072.0,331.0,1111.0,314.0,2,207100.0
-118.28,34.07,32.0,1777.0,536.0,1684.0,489.0,2,190000.0
-118.28,34.07,25.0,7522.0,3179.0,7221.0,2902.0,2,177500.0
-118.28,34.07,24.0,3247.0,1281.0,2642.0,1182.0,2,216700.0
-118.28,34.07,14.0,1924.0,926.0,2226.0,792.0,2,265900.0
-118.28,34.06,52.0,936.0,454.0,990.0,354.0,1,187500.0
-118.28,34.06,52.0,1261.0,616.0,2309.0,581.0,2,225000.0
-118.28,34.06,42.0,2472.0,1368.0,3795.0,1179.0,1,162500.0
-118.28,34.06,17.0,2518.0,1196.0,3051.0,1000.0,2,175000.0
-118.28,34.06,14.0,1787.0,853.0,2251.0,763.0,1,400000.0
-118.28,34.05,44.0,1273.0,474.0,1754.0,460.0,2,275000.0
-118.28,34.05,41.0,1788.0,774.0,2931.0,702.0,1,158900.0
-118.28,34.05,31.0,1525.0,730.0,2510.0,652.0,2,162500.0
-118.28,34.05,28.0,1306.0,637.0,2079.0,598.0,1,275000.0
-118.28,34.04,48.0,1521.0,513.0,1772.0,458.0,2,162500.0
-118.28,34.04,39.0,1155.0,433.0,1857.0,424.0,2,153400.0
-118.28,34.04,25.0,1582.0,780.0,2390.0,719.0,1,200000.0
-118.28,34.04,20.0,1193.0,454.0,1880.0,453.0,2,180000.0
-118.28,34.04,19.0,460.0,241.0,890.0,229.0,2,162500.0
-118.28,34.03,45.0,943.0,289.0,953.0,238.0,2,151600.0
-118.28,34.03,41.0,1933.0,791.0,3121.0,719.0,2,147500.0
-118.28,34.03,25.0,1407.0,550.0,1193.0,472.0,1,225000.0
-118.28,34.02,52.0,281.0,103.0,470.0,96.0,2,38800.0
-118.28,34.02,46.0,1098.0,426.0,1510.0,374.0,2,156300.0
-118.28,34.01,50.0,2601.0,794.0,3080.0,770.0,2,122900.0
-118.28,34.01,46.0,441.0,167.0,621.0,144.0,2,162500.0
-118.28,34.01,34.0,2305.0,775.0,2450.0,740.0,2,132000.0
-118.28,34.0,48.0,1514.0,376.0,1353.0,344.0,2,96100.0
-118.28,34.0,46.0,1650.0,463.0,1992.0,458.0,2,114100.0
-118.28,34.0,44.0,2636.0,725.0,2182.0,651.0,1,124000.0
-118.28,34.0,43.0,713.0,245.0,880.0,237.0,1,103600.0
-118.28,34.0,42.0,1534.0,417.0,1295.0,380.0,2,119200.0
-118.28,34.0,38.0,3335.0,921.0,3612.0,887.0,2,118800.0
-118.28,33.99,52.0,1283.0,342.0,1363.0,329.0,3,101900.0
-118.28,33.99,49.0,2174.0,481.0,1861.0,484.0,2,95000.0
-118.28,33.99,46.0,2577.0,703.0,2446.0,687.0,1,98300.0
-118.28,33.99,46.0,1211.0,321.0,1153.0,282.0,2,99300.0
-118.28,33.99,38.0,1454.0,323.0,1098.0,297.0,2,104000.0
-118.28,33.99,37.0,1971.0,513.0,1673.0,464.0,1,103000.0
-118.28,33.98,47.0,865.0,193.0,782.0,217.0,2,93000.0
-118.28,33.98,45.0,1720.0,416.0,1382.0,365.0,1,92300.0
-118.28,33.98,43.0,1240.0,312.0,1100.0,311.0,2,97500.0
-118.28,33.98,39.0,1306.0,345.0,1332.0,331.0,2,92200.0
-118.28,33.98,19.0,883.0,313.0,726.0,277.0,1,121400.0
-118.28,33.97,40.0,2180.0,642.0,2464.0,631.0,2,90100.0
-118.28,33.97,38.0,1819.0,497.0,2110.0,499.0,2,97300.0
-118.28,33.97,35.0,2305.0,634.0,1978.0,568.0,1,100000.0
-118.28,33.97,34.0,2771.0,802.0,2782.0,715.0,2,99000.0
-118.28,33.97,31.0,2017.0,566.0,2063.0,521.0,2,107000.0
-118.28,33.97,31.0,1068.0,271.0,1091.0,281.0,2,102600.0
-118.28,33.96,42.0,1604.0,399.0,1581.0,387.0,2,96700.0
-118.28,33.96,42.0,1206.0,304.0,1167.0,250.0,2,101300.0
-118.28,33.96,41.0,1175.0,340.0,1241.0,352.0,1,98400.0
-118.28,33.96,37.0,1812.0,500.0,1640.0,447.0,2,99100.0
-118.28,33.96,34.0,2074.0,562.0,1913.0,514.0,2,102100.0
-118.28,33.96,23.0,1983.0,611.0,2048.0,600.0,2,91400.0
-118.28,33.95,41.0,835.0,208.0,707.0,192.0,1,86200.0
-118.28,33.95,40.0,2044.0,538.0,2150.0,524.0,2,94800.0
-118.28,33.94,9.0,456.0,130.0,438.0,114.0,1,81300.0
-118.28,33.94,44.0,1631.0,338.0,1197.0,355.0,3,100000.0
-118.28,33.94,43.0,1201.0,292.0,840.0,252.0,3,105600.0
-118.28,33.93,52.0,117.0,33.0,74.0,45.0,0,90600.0
-118.28,33.93,45.0,529.0,112.0,448.0,120.0,4,90600.0
-118.28,33.93,43.0,269.0,74.0,295.0,79.0,2,90600.0
-118.28,33.93,21.0,847.0,278.0,1283.0,277.0,1,94100.0
-118.28,33.92,39.0,1472.0,302.0,1036.0,318.0,3,110000.0
-118.28,33.92,39.0,1274.0,282.0,975.0,277.0,2,90400.0
-118.28,33.92,37.0,742.0,151.0,729.0,144.0,3,105400.0
-118.28,33.92,37.0,1761.0,409.0,1309.0,357.0,2,175900.0
-118.28,33.91,41.0,620.0,133.0,642.0,162.0,3,159600.0
-118.28,33.88,19.0,2758.0,675.0,2047.0,591.0,3,179700.0
-118.28,33.85,27.0,489.0,98.0,403.0,97.0,5,180800.0
-118.28,33.83,28.0,880.0,168.0,717.0,142.0,5,175700.0
-118.28,33.82,30.0,3615.0,760.0,2813.0,752.0,5,217700.0
-118.28,33.82,26.0,4586.0,1042.0,3680.0,1027.0,4,205100.0
-118.28,33.81,29.0,2755.0,508.0,2046.0,488.0,5,212400.0
-118.28,33.8,38.0,1471.0,329.0,1207.0,335.0,4,165500.0
-118.28,33.79,36.0,1989.0,458.0,1668.0,455.0,3,168000.0
-118.28,33.78,37.0,1212.0,304.0,1076.0,293.0,3,160100.0
-118.28,33.78,20.0,2233.0,591.0,1915.0,558.0,3,169100.0
-118.28,33.75,21.0,2442.0,719.0,1916.0,646.0,1,208300.0
-118.28,33.75,18.0,393.0,189.0,429.0,188.0,2,187500.0
-118.28,33.74,44.0,1853.0,556.0,2090.0,539.0,2,248100.0
-118.28,33.74,40.0,1751.0,512.0,1939.0,503.0,2,200000.0
-118.28,33.74,16.0,855.0,271.0,486.0,250.0,1,350000.0
-118.28,33.73,45.0,2137.0,559.0,1550.0,529.0,2,227200.0
-118.28,33.73,39.0,2602.0,802.0,2178.0,737.0,2,234500.0
-118.28,33.68,8.0,2842.0,522.0,1624.0,510.0,4,287500.0
-118.29,34.65,18.0,6893.0,1372.0,2837.0,1221.0,3,218400.0
-118.29,34.36,34.0,503.0,99.0,275.0,68.0,5,375000.0
-118.29,34.26,33.0,3177.0,713.0,1845.0,612.0,4,191100.0
-118.29,34.25,8.0,5568.0,1514.0,3565.0,1374.0,3,161500.0
-118.29,34.25,19.0,1988.0,594.0,1399.0,527.0,2,175000.0
-118.29,34.18,36.0,3120.0,620.0,1441.0,612.0,4,320400.0
-118.29,34.17,17.0,3852.0,1066.0,2986.0,993.0,2,255400.0
-118.29,34.17,12.0,2238.0,682.0,1882.0,611.0,3,208300.0
-118.29,34.16,42.0,413.0,107.0,349.0,107.0,4,189800.0
-118.29,34.16,35.0,1257.0,318.0,764.0,319.0,3,238000.0
-118.29,34.16,31.0,1262.0,338.0,1019.0,332.0,4,241900.0
-118.29,34.11,49.0,2850.0,379.0,1113.0,380.0,13,500001.0
-118.29,34.11,48.0,1448.0,295.0,681.0,287.0,3,436400.0
-118.29,34.11,40.0,2681.0,737.0,1144.0,669.0,3,264300.0
-118.29,34.11,30.0,2774.0,570.0,1076.0,580.0,5,500001.0
-118.29,34.11,24.0,3696.0,1125.0,1685.0,1031.0,2,266700.0
-118.29,34.1,43.0,1711.0,443.0,1190.0,429.0,4,265500.0
-118.29,34.1,39.0,631.0,298.0,744.0,274.0,3,162500.0
-118.29,34.1,39.0,2196.0,582.0,1165.0,538.0,3,254200.0
-118.29,34.09,52.0,1272.0,322.0,984.0,353.0,2,261600.0
-118.29,34.09,43.0,1583.0,658.0,1941.0,614.0,2,225000.0
-118.29,34.09,39.0,336.0,173.0,586.0,151.0,2,262500.0
-118.29,34.09,35.0,2624.0,1116.0,3548.0,1008.0,2,198400.0
-118.29,34.09,34.0,2716.0,1114.0,2991.0,1021.0,2,187500.0
-118.29,34.09,29.0,2240.0,792.0,2254.0,739.0,2,172500.0
-118.29,34.09,28.0,1562.0,648.0,1974.0,597.0,2,112500.0
-118.29,34.08,49.0,649.0,315.0,987.0,329.0,2,316700.0
-118.29,34.08,43.0,3056.0,1345.0,3920.0,1304.0,2,300000.0
-118.29,34.08,38.0,380.0,130.0,445.0,140.0,2,137500.0
-118.29,34.08,34.0,479.0,182.0,557.0,170.0,2,210000.0
-118.29,34.08,23.0,1864.0,937.0,2795.0,858.0,2,212500.0
-118.29,34.07,26.0,2302.0,1124.0,2660.0,1004.0,2,253100.0
-118.29,34.07,24.0,4021.0,1707.0,3727.0,1529.0,2,112500.0
-118.29,34.07,22.0,492.0,269.0,634.0,261.0,2,300000.0
-118.29,34.07,19.0,3013.0,1118.0,2465.0,1008.0,3,290600.0
-118.29,34.06,9.0,1554.0,815.0,1704.0,761.0,2,141700.0
-118.29,34.06,46.0,1759.0,1012.0,2716.0,877.0,2,350000.0
-118.29,34.06,42.0,3894.0,2293.0,6846.0,2156.0,2,70000.0
-118.29,34.06,27.0,2456.0,1111.0,4137.0,1104.0,2,187500.0
-118.29,34.06,23.0,2040.0,778.0,2235.0,697.0,2,233300.0
-118.29,34.05,31.0,2818.0,1252.0,4126.0,1200.0,2,229200.0
-118.29,34.05,18.0,3585.0,1661.0,5229.0,1534.0,2,250000.0
-118.29,34.04,48.0,1353.0,488.0,1945.0,487.0,2,123700.0
-118.29,34.04,44.0,1941.0,579.0,2049.0,535.0,2,143000.0
-118.29,34.04,41.0,659.0,291.0,1224.0,290.0,2,132500.0
-118.29,34.04,32.0,432.0,182.0,702.0,186.0,2,125000.0
-118.29,34.04,31.0,700.0,299.0,1272.0,298.0,2,128100.0
-118.29,34.03,42.0,1680.0,557.0,2099.0,526.0,2,136400.0
-118.29,34.03,38.0,1501.0,437.0,1777.0,441.0,2,135200.0
-118.29,34.03,29.0,3544.0,1384.0,3323.0,1213.0,1,258300.0
-118.29,34.03,22.0,3313.0,1235.0,2381.0,1063.0,1,168800.0
-118.29,34.02,26.0,2001.0,582.0,2044.0,557.0,1,118800.0
-118.29,34.02,21.0,1641.0,491.0,1526.0,453.0,2,141300.0
-118.29,34.01,50.0,2238.0,673.0,2247.0,583.0,2,125000.0
-118.29,34.01,42.0,814.0,223.0,511.0,188.0,2,123200.0
-118.29,34.01,40.0,885.0,312.0,799.0,221.0,1,143800.0
-118.29,34.01,39.0,751.0,207.0,1010.0,231.0,2,137500.0
-118.29,34.01,30.0,1385.0,518.0,1730.0,472.0,1,142500.0
-118.29,34.0,52.0,2579.0,494.0,1558.0,458.0,2,109600.0
-118.29,34.0,52.0,1319.0,295.0,898.0,271.0,3,128600.0
-118.29,34.0,44.0,1753.0,387.0,1165.0,380.0,2,105800.0
-118.29,33.99,46.0,2608.0,636.0,1766.0,596.0,2,114800.0
-118.29,33.99,43.0,1902.0,398.0,1153.0,363.0,2,112900.0
-118.29,33.99,39.0,979.0,235.0,857.0,236.0,3,108900.0
-118.29,33.98,48.0,1124.0,231.0,783.0,223.0,3,93100.0
-118.29,33.98,46.0,1118.0,300.0,786.0,254.0,1,110000.0
-118.29,33.98,44.0,2261.0,555.0,1348.0,455.0,2,97200.0
-118.29,33.98,42.0,2833.0,768.0,2542.0,725.0,1,100000.0
-118.29,33.98,41.0,1582.0,416.0,1422.0,370.0,1,108300.0
-118.29,33.98,30.0,1162.0,318.0,1207.0,289.0,1,100000.0
-118.29,33.97,48.0,3139.0,587.0,1319.0,506.0,4,134200.0
-118.29,33.97,43.0,2660.0,672.0,2133.0,588.0,2,107300.0
-118.29,33.96,39.0,1340.0,409.0,1463.0,367.0,2,111400.0
-118.29,33.96,36.0,1717.0,417.0,902.0,368.0,1,113200.0
-118.29,33.96,32.0,3508.0,917.0,2794.0,839.0,2,100000.0
-118.29,33.95,40.0,2808.0,695.0,2357.0,627.0,2,102300.0
-118.29,33.95,39.0,1701.0,428.0,1468.0,411.0,2,93200.0
-118.29,33.95,32.0,721.0,205.0,842.0,208.0,2,89700.0
-118.29,33.95,31.0,2839.0,792.0,2390.0,729.0,2,109800.0
-118.29,33.94,38.0,2407.0,630.0,1774.0,562.0,2,108600.0
-118.29,33.94,34.0,1089.0,278.0,995.0,315.0,2,107700.0
-118.29,33.94,32.0,2701.0,708.0,1880.0,590.0,2,123800.0
-118.29,33.93,43.0,2021.0,379.0,1051.0,352.0,3,129900.0
-118.29,33.93,41.0,896.0,198.0,605.0,168.0,2,128100.0
-118.29,33.93,32.0,1815.0,488.0,1715.0,475.0,2,111200.0
-118.29,33.92,40.0,1935.0,461.0,1616.0,433.0,3,120200.0
-118.29,33.92,34.0,1799.0,362.0,1293.0,355.0,4,145200.0
-118.29,33.92,34.0,1374.0,240.0,906.0,248.0,5,155500.0
-118.29,33.92,23.0,2503.0,532.0,1735.0,505.0,3,162800.0
-118.29,33.91,28.0,1501.0,446.0,1028.0,418.0,2,177500.0
-118.29,33.9,42.0,1273.0,309.0,1203.0,348.0,4,162000.0
-118.29,33.89,32.0,2355.0,583.0,1605.0,571.0,4,218200.0
-118.29,33.88,32.0,2307.0,493.0,1754.0,528.0,4,232800.0
-118.29,33.88,27.0,2082.0,612.0,2009.0,548.0,3,184100.0
-118.29,33.88,21.0,4946.0,1231.0,3186.0,1167.0,3,237000.0
-118.29,33.87,32.0,1700.0,340.0,864.0,317.0,4,238700.0
-118.29,33.85,10.0,1391.0,420.0,1378.0,377.0,2,222200.0
-118.29,33.84,34.0,2617.0,558.0,1396.0,515.0,5,218000.0
-118.29,33.84,23.0,3626.0,799.0,2321.0,731.0,5,237900.0
-118.29,33.84,11.0,2274.0,617.0,1897.0,622.0,4,162900.0
-118.29,33.82,21.0,4383.0,901.0,2689.0,913.0,3,218800.0
-118.29,33.81,19.0,7023.0,1538.0,3993.0,1412.0,5,218200.0
-118.29,33.8,21.0,9944.0,1623.0,4185.0,1582.0,5,329400.0
-118.29,33.79,16.0,1867.0,571.0,951.0,498.0,3,154200.0
-118.29,33.79,10.0,3708.0,1016.0,2855.0,948.0,2,165400.0
-118.29,33.74,52.0,1438.0,472.0,1018.0,399.0,2,306700.0
-118.29,33.74,41.0,1382.0,361.0,905.0,344.0,3,238300.0
-118.29,33.74,30.0,2074.0,533.0,1311.0,531.0,2,225800.0
-118.29,33.74,29.0,1503.0,411.0,1368.0,390.0,2,195300.0
-118.29,33.73,43.0,1854.0,519.0,1151.0,486.0,3,225000.0
-118.29,33.73,30.0,3161.0,813.0,1865.0,771.0,3,231700.0
-118.29,33.73,21.0,2492.0,711.0,1699.0,672.0,2,242300.0
-118.29,33.72,39.0,2651.0,590.0,1103.0,508.0,3,254300.0
-118.29,33.72,25.0,2469.0,584.0,1253.0,535.0,3,257500.0
-118.29,33.72,21.0,1568.0,452.0,801.0,422.0,4,225000.0
-118.29,33.71,40.0,1933.0,475.0,902.0,412.0,4,332800.0
-118.29,33.71,40.0,1644.0,471.0,780.0,416.0,3,464300.0
-118.29,33.71,36.0,3135.0,746.0,1815.0,697.0,4,300000.0
-118.3,37.17,22.0,3480.0,673.0,1541.0,636.0,3,94500.0
-118.3,34.26,40.0,1065.0,214.0,605.0,183.0,4,185900.0
-118.3,34.26,28.0,1643.0,489.0,1142.0,458.0,3,200600.0
-118.3,34.25,36.0,1300.0,304.0,688.0,261.0,3,176700.0
-118.3,34.19,52.0,2962.0,468.0,1364.0,466.0,5,343500.0
-118.3,34.19,51.0,1502.0,243.0,586.0,231.0,4,332400.0
-118.3,34.19,14.0,3615.0,913.0,1924.0,852.0,4,280900.0
-118.3,34.18,5.0,5492.0,1549.0,2997.0,1405.0,3,172100.0
-118.3,34.18,13.0,7174.0,1997.0,4293.0,1872.0,3,251900.0
-118.3,34.17,37.0,350.0,115.0,342.0,111.0,3,200000.0
-118.3,34.17,30.0,48.0,14.0,74.0,16.0,5,162500.0
-118.3,34.17,17.0,4041.0,1169.0,3309.0,1117.0,3,222400.0
-118.3,34.17,16.0,1353.0,398.0,1211.0,357.0,3,205000.0
-118.3,34.16,40.0,1875.0,460.0,869.0,438.0,3,243600.0
-118.3,34.16,35.0,3213.0,874.0,2401.0,819.0,3,256800.0
-118.3,34.11,52.0,3136.0,675.0,1213.0,606.0,4,391900.0
-118.3,34.11,52.0,1954.0,245.0,645.0,237.0,7,500001.0
-118.3,34.11,25.0,1590.0,218.0,568.0,206.0,8,500001.0
-118.3,34.1,38.0,2067.0,914.0,2717.0,853.0,2,250000.0
-118.3,34.1,37.0,5305.0,1980.0,3895.0,1874.0,2,283300.0
-118.3,34.1,36.0,2284.0,899.0,1964.0,839.0,2,203300.0
-118.3,34.1,35.0,7517.0,2961.0,5899.0,2769.0,2,340000.0
-118.3,34.1,25.0,3926.0,1715.0,4865.0,1612.0,2,262500.0
-118.3,34.09,40.0,3058.0,1215.0,3953.0,1223.0,2,218800.0
-118.3,34.09,36.0,2332.0,993.0,3155.0,927.0,2,230400.0
-118.3,34.09,32.0,2202.0,674.0,2178.0,635.0,2,226700.0
-118.3,34.09,29.0,3245.0,1190.0,3906.0,1102.0,2,253300.0
-118.3,34.09,25.0,2345.0,852.0,2860.0,862.0,1,205600.0
-118.3,34.08,36.0,1276.0,503.0,1502.0,450.0,2,205600.0
-118.3,34.08,34.0,2501.0,1047.0,3326.0,970.0,2,247500.0
-118.3,34.08,34.0,1562.0,651.0,1774.0,559.0,2,225000.0
-118.3,34.08,32.0,2880.0,1063.0,3646.0,1028.0,2,258300.0
-118.3,34.07,46.0,5677.0,2610.0,7443.0,2406.0,2,237500.0
-118.3,34.07,36.0,2657.0,738.0,2274.0,723.0,3,281700.0
-118.3,34.07,31.0,1489.0,664.0,1793.0,556.0,2,230600.0
-118.3,34.07,28.0,5221.0,2530.0,5840.0,2374.0,2,300000.0
-118.3,34.07,26.0,2107.0,757.0,2660.0,740.0,2,282300.0
-118.3,34.07,18.0,3759.0,1621.0,3296.0,1462.0,2,175000.0
-118.3,34.06,43.0,1366.0,740.0,942.0,672.0,2,150000.0
-118.3,34.06,33.0,2437.0,1283.0,3906.0,1084.0,2,270000.0
-118.3,34.06,23.0,2512.0,1203.0,3720.0,1118.0,2,322200.0
-118.3,34.06,21.0,3960.0,1490.0,3468.0,1335.0,2,475000.0
-118.3,34.06,20.0,1782.0,896.0,1749.0,823.0,2,75000.0
-118.3,34.05,46.0,1386.0,457.0,1845.0,485.0,2,157700.0
-118.3,34.05,44.0,1612.0,650.0,2028.0,593.0,2,115600.0
-118.3,34.05,42.0,1476.0,610.0,1605.0,545.0,2,214300.0
-118.3,34.05,39.0,993.0,506.0,1765.0,464.0,1,121900.0
-118.3,34.05,36.0,1723.0,569.0,1664.0,501.0,2,161100.0
-118.3,34.05,34.0,1453.0,588.0,1987.0,589.0,2,187500.0
-118.3,34.04,50.0,1757.0,522.0,2080.0,488.0,2,180000.0
-118.3,34.04,37.0,1470.0,399.0,1579.0,390.0,2,150000.0
-118.3,34.04,35.0,1090.0,345.0,1605.0,330.0,2,152800.0
-118.3,34.04,24.0,2092.0,585.0,1757.0,538.0,2,175000.0
-118.3,34.03,47.0,2241.0,559.0,1775.0,504.0,2,147900.0
-118.3,34.03,41.0,1653.0,426.0,1868.0,393.0,2,162500.0
-118.3,34.03,40.0,1695.0,374.0,1138.0,357.0,3,150000.0
-118.3,34.03,37.0,2781.0,766.0,2586.0,729.0,2,187500.0
-118.3,34.02,42.0,2386.0,670.0,2327.0,661.0,2,108000.0
-118.3,34.02,34.0,3184.0,772.0,2474.0,705.0,2,137500.0
-118.3,34.02,31.0,1933.0,478.0,1522.0,423.0,2,119300.0
-118.3,34.01,48.0,4217.0,1095.0,3298.0,949.0,2,122300.0
-118.3,34.01,35.0,1147.0,290.0,818.0,281.0,2,111700.0
-118.3,34.0,52.0,1743.0,421.0,1206.0,384.0,2,116000.0
-118.3,34.0,52.0,1718.0,354.0,1026.0,312.0,2,128000.0
-118.3,34.0,52.0,1686.0,377.0,982.0,356.0,2,116400.0
-118.3,34.0,52.0,1420.0,355.0,1080.0,353.0,2,116100.0
-118.3,34.0,52.0,1296.0,246.0,853.0,238.0,3,111600.0
-118.3,33.99,47.0,2637.0,588.0,1903.0,521.0,2,96500.0
-118.3,33.99,47.0,2212.0,533.0,1903.0,554.0,2,101100.0
-118.3,33.99,45.0,1701.0,452.0,1484.0,427.0,2,91400.0
-118.3,33.99,44.0,1458.0,326.0,1159.0,283.0,1,98200.0
-118.3,33.99,43.0,1534.0,384.0,1231.0,329.0,3,94500.0
-118.3,33.98,48.0,2010.0,445.0,1208.0,404.0,2,95800.0
-118.3,33.98,44.0,1597.0,388.0,902.0,321.0,2,93300.0
-118.3,33.97,50.0,2270.0,451.0,1000.0,412.0,2,119400.0
-118.3,33.97,44.0,1521.0,289.0,1074.0,285.0,2,99800.0
-118.3,33.96,47.0,2112.0,417.0,1161.0,368.0,4,117400.0
-118.3,33.96,39.0,2802.0,618.0,1524.0,529.0,3,136300.0
-118.3,33.95,50.0,1843.0,326.0,892.0,314.0,3,120000.0
-118.3,33.95,41.0,2057.0,550.0,1805.0,506.0,1,100800.0
-118.3,33.95,35.0,1182.0,305.0,977.0,283.0,2,94000.0
-118.3,33.95,27.0,1774.0,444.0,1622.0,402.0,2,96900.0
-118.3,33.94,36.0,3504.0,862.0,2521.0,836.0,3,114900.0
-118.3,33.93,40.0,2434.0,477.0,1646.0,453.0,3,128000.0
-118.3,33.93,36.0,2196.0,633.0,2017.0,583.0,1,124300.0
-118.3,33.93,35.0,1300.0,356.0,1216.0,326.0,1,99200.0
-118.3,33.93,29.0,2228.0,396.0,1140.0,352.0,4,169400.0
-118.3,33.92,34.0,2053.0,382.0,1258.0,380.0,3,154700.0
-118.3,33.91,30.0,1842.0,476.0,1491.0,420.0,3,155100.0
-118.3,33.9,29.0,2617.0,668.0,1868.0,647.0,4,208800.0
-118.3,33.9,27.0,3267.0,762.0,2099.0,647.0,3,224100.0
-118.3,33.9,19.0,2421.0,689.0,1726.0,660.0,3,181400.0
-118.3,33.9,13.0,2455.0,661.0,1975.0,618.0,3,173600.0
-118.3,33.89,37.0,2132.0,565.0,1369.0,565.0,3,218100.0
-118.3,33.89,30.0,2756.0,858.0,1806.0,787.0,3,207800.0
-118.3,33.88,35.0,3227.0,749.0,1881.0,696.0,3,242100.0
-118.3,33.88,30.0,1348.0,333.0,885.0,322.0,3,195300.0
-118.3,33.88,26.0,1221.0,312.0,807.0,330.0,4,253600.0
-118.3,33.87,27.0,3144.0,722.0,1510.0,680.0,3,214700.0
-118.3,33.86,35.0,2016.0,365.0,1083.0,369.0,5,230200.0
-118.3,33.86,35.0,1511.0,274.0,853.0,308.0,5,251300.0
-118.3,33.85,38.0,123.0,36.0,142.0,40.0,2,200000.0
-118.3,33.84,37.0,1241.0,226.0,621.0,255.0,5,232400.0
-118.3,33.84,36.0,1428.0,268.0,825.0,250.0,5,239600.0
-118.3,33.83,33.0,2716.0,660.0,1807.0,661.0,4,226300.0
-118.3,33.83,31.0,2693.0,661.0,1598.0,618.0,3,240200.0
-118.3,33.82,35.0,1499.0,340.0,1141.0,326.0,3,213600.0
-118.3,33.82,26.0,2080.0,560.0,2096.0,506.0,3,184400.0
-118.3,33.82,25.0,2659.0,765.0,2629.0,726.0,3,175900.0
-118.3,33.8,8.0,1115.0,412.0,1472.0,396.0,3,146200.0
-118.3,33.8,27.0,2790.0,513.0,1498.0,519.0,5,268300.0
-118.3,33.79,9.0,2782.0,884.0,1790.0,748.0,3,203300.0
-118.3,33.79,35.0,2793.0,686.0,2255.0,682.0,3,235300.0
-118.3,33.79,21.0,1068.0,283.0,1180.0,274.0,2,157500.0
-118.3,33.79,13.0,3569.0,924.0,2159.0,880.0,3,224200.0
-118.3,33.78,35.0,2572.0,504.0,1172.0,519.0,5,304100.0
-118.3,33.77,18.0,3821.0,795.0,2831.0,769.0,3,346200.0
-118.3,33.76,18.0,9659.0,1716.0,4336.0,1674.0,6,290500.0
-118.3,33.75,48.0,1958.0,386.0,1098.0,380.0,5,273400.0
-118.3,33.75,42.0,967.0,175.0,481.0,163.0,6,265600.0
-118.3,33.75,19.0,2356.0,440.0,1291.0,418.0,4,416100.0
-118.3,33.74,47.0,2223.0,410.0,1163.0,413.0,4,270800.0
-118.3,33.74,28.0,1065.0,215.0,887.0,217.0,4,270500.0
-118.3,33.74,23.0,3075.0,860.0,1584.0,806.0,3,260500.0
-118.3,33.73,40.0,2582.0,606.0,1304.0,588.0,4,276400.0
-118.3,33.72,35.0,2790.0,447.0,1167.0,441.0,6,361500.0
-118.3,33.72,28.0,2647.0,658.0,1459.0,595.0,3,253400.0
-118.3,33.72,28.0,2510.0,583.0,1388.0,554.0,3,267800.0
-118.31,36.94,35.0,2563.0,530.0,861.0,371.0,2,80600.0
-118.31,35.74,18.0,2327.0,642.0,799.0,335.0,2,92300.0
-118.31,34.28,34.0,3258.0,610.0,1810.0,633.0,5,219900.0
-118.31,34.27,35.0,1446.0,274.0,759.0,291.0,6,215600.0
-118.31,34.26,38.0,2264.0,460.0,1124.0,388.0,4,189600.0
-118.31,34.26,36.0,1882.0,453.0,1005.0,409.0,4,217100.0
-118.31,34.26,34.0,1797.0,363.0,948.0,363.0,4,187300.0
-118.31,34.22,27.0,7714.0,1132.0,3199.0,1100.0,7,446200.0
-118.31,34.2,36.0,1692.0,263.0,778.0,278.0,5,349600.0
-118.31,34.19,42.0,724.0,149.0,420.0,150.0,3,361700.0
-118.31,34.19,27.0,4713.0,1169.0,2372.0,1077.0,4,287900.0
-118.31,34.18,11.0,3112.0,890.0,1700.0,851.0,3,181300.0
-118.31,34.17,24.0,2910.0,917.0,2522.0,873.0,2,219400.0
-118.31,34.17,12.0,3188.0,931.0,2118.0,850.0,3,218300.0
-118.31,34.16,38.0,2347.0,665.0,1317.0,547.0,3,349300.0
-118.31,34.16,37.0,2144.0,446.0,860.0,435.0,4,315000.0
-118.31,34.13,40.0,2822.0,443.0,907.0,414.0,7,498700.0
-118.31,34.12,39.0,3895.0,561.0,1271.0,536.0,8,500001.0
-118.31,34.11,52.0,1875.0,303.0,735.0,293.0,6,433300.0
-118.31,34.1,40.0,4984.0,2158.0,4828.0,2028.0,2,350000.0
-118.31,34.1,36.0,2288.0,1033.0,3030.0,890.0,2,250000.0
-118.31,34.1,34.0,399.0,141.0,482.0,134.0,2,67500.0
-118.31,34.09,42.0,1951.0,846.0,2500.0,813.0,2,218200.0
-118.31,34.09,37.0,773.0,314.0,835.0,312.0,2,193800.0
-118.31,34.09,34.0,2065.0,839.0,2626.0,775.0,2,211100.0
-118.31,34.09,30.0,3165.0,1263.0,3678.0,1141.0,2,240600.0
-118.31,34.09,28.0,720.0,267.0,891.0,265.0,2,100000.0
-118.31,34.08,49.0,2549.0,630.0,1539.0,594.0,3,350900.0
-118.31,34.08,31.0,2275.0,823.0,2189.0,720.0,2,287500.0
-118.31,34.08,30.0,1390.0,457.0,1460.0,423.0,2,254500.0
-118.31,34.08,27.0,1514.0,510.0,1603.0,518.0,3,251100.0
-118.31,34.08,26.0,1609.0,534.0,1868.0,497.0,3,227100.0
-118.31,34.08,23.0,1443.0,521.0,1264.0,450.0,3,220000.0
-118.31,34.07,28.0,2362.0,949.0,2759.0,894.0,2,305600.0
-118.31,34.07,26.0,5062.0,2055.0,4533.0,1822.0,2,166700.0
-118.31,34.07,20.0,3264.0,1248.0,2919.0,1191.0,2,500001.0
-118.31,34.06,52.0,2124.0,756.0,1920.0,756.0,2,328900.0
-118.31,34.06,34.0,2470.0,1197.0,2326.0,1055.0,2,325000.0
-118.31,34.06,34.0,1848.0,667.0,1351.0,589.0,2,410000.0
-118.31,34.06,31.0,2827.0,1084.0,3107.0,993.0,2,360000.0
-118.31,34.06,30.0,3110.0,1269.0,2535.0,1218.0,2,412500.0
-118.31,34.06,24.0,1336.0,453.0,1268.0,426.0,3,500001.0
-118.31,34.06,14.0,1559.0,646.0,1639.0,567.0,2,380000.0
-118.31,34.05,42.0,443.0,223.0,582.0,223.0,2,350000.0
-118.31,34.05,38.0,1864.0,515.0,1768.0,439.0,2,190600.0
-118.31,34.05,35.0,2007.0,571.0,1513.0,554.0,2,229200.0
-118.31,34.05,26.0,1809.0,640.0,2543.0,640.0,2,500000.0
-118.31,34.04,52.0,1277.0,285.0,954.0,334.0,3,234600.0
-118.31,34.04,37.0,2338.0,686.0,2376.0,630.0,2,170300.0
-118.31,34.04,33.0,2691.0,726.0,2390.0,681.0,2,208300.0
-118.31,34.04,29.0,2038.0,578.0,2070.0,570.0,2,214600.0
-118.31,34.03,52.0,1902.0,406.0,1233.0,385.0,3,132200.0
-118.31,34.03,47.0,1315.0,247.0,785.0,245.0,1,138400.0
-118.31,34.03,46.0,2173.0,510.0,1343.0,476.0,2,135500.0
-118.31,34.03,34.0,2041.0,517.0,1479.0,495.0,2,156600.0
-118.31,34.03,29.0,2438.0,867.0,2114.0,753.0,1,150000.0
-118.31,34.02,52.0,1832.0,441.0,1186.0,420.0,1,98400.0
-118.31,34.02,52.0,1173.0,284.0,814.0,295.0,2,111400.0
-118.31,34.02,46.0,1976.0,469.0,1409.0,431.0,2,112100.0
-118.31,34.02,44.0,1555.0,324.0,931.0,265.0,1,105800.0
-118.31,34.02,43.0,2255.0,533.0,1568.0,470.0,2,115200.0
-118.31,34.02,41.0,1046.0,216.0,727.0,201.0,2,116900.0
-118.31,34.02,23.0,1703.0,397.0,1333.0,361.0,1,127100.0
-118.31,34.01,52.0,1793.0,350.0,1303.0,366.0,3,123700.0
-118.31,34.01,50.0,1463.0,354.0,912.0,293.0,2,109400.0
-118.31,34.01,48.0,2544.0,532.0,1357.0,498.0,3,121000.0
-118.31,34.01,39.0,2073.0,566.0,1246.0,547.0,2,117100.0
-118.31,34.0,52.0,2709.0,642.0,1751.0,613.0,2,122500.0
-118.31,34.0,52.0,1630.0,379.0,1413.0,405.0,2,120000.0
-118.31,34.0,52.0,1542.0,309.0,939.0,276.0,2,129100.0
-118.31,34.0,47.0,1551.0,362.0,1329.0,322.0,2,116400.0
-118.31,33.99,49.0,857.0,196.0,694.0,228.0,3,108000.0
-118.31,33.99,47.0,1525.0,359.0,982.0,333.0,2,126600.0
-118.31,33.99,45.0,1489.0,339.0,791.0,316.0,2,104800.0
-118.31,33.99,44.0,1703.0,358.0,789.0,249.0,2,100000.0
-118.31,33.98,52.0,1975.0,379.0,1043.0,371.0,2,112200.0
-118.31,33.98,52.0,1837.0,426.0,1062.0,343.0,2,96500.0
-118.31,33.98,52.0,1607.0,331.0,900.0,295.0,4,96600.0
-118.31,33.98,50.0,1985.0,454.0,1090.0,410.0,2,106600.0
-118.31,33.98,44.0,222.0,54.0,234.0,77.0,5,111700.0
-118.31,33.97,52.0,1629.0,277.0,819.0,288.0,4,142600.0
-118.31,33.97,52.0,1595.0,325.0,823.0,302.0,3,124200.0
-118.31,33.97,48.0,1541.0,314.0,819.0,312.0,3,136100.0
-118.31,33.97,47.0,2066.0,422.0,1156.0,380.0,3,125800.0
-118.31,33.96,52.0,2523.0,460.0,1167.0,413.0,3,127400.0
-118.31,33.96,47.0,2005.0,392.0,1134.0,415.0,4,140300.0
-118.31,33.96,47.0,1586.0,322.0,1077.0,339.0,4,140400.0
-118.31,33.96,46.0,1686.0,303.0,870.0,320.0,3,136300.0
-118.31,33.96,43.0,2149.0,493.0,1316.0,462.0,2,131800.0
-118.31,33.96,43.0,2118.0,569.0,1266.0,500.0,2,121000.0
-118.31,33.95,44.0,2490.0,430.0,1305.0,411.0,5,149600.0
-118.31,33.95,44.0,1558.0,333.0,1095.0,316.0,4,133500.0
-118.31,33.95,43.0,1823.0,358.0,1065.0,342.0,3,131000.0
-118.31,33.94,44.0,1854.0,367.0,976.0,335.0,4,126700.0
-118.31,33.94,41.0,1353.0,286.0,751.0,250.0,3,131700.0
-118.31,33.94,40.0,1917.0,438.0,1021.0,383.0,2,175000.0
-118.31,33.94,40.0,1550.0,278.0,798.0,270.0,4,153800.0
-118.31,33.94,40.0,1323.0,243.0,684.0,229.0,3,145800.0
-118.31,33.93,43.0,1834.0,292.0,997.0,295.0,5,150300.0
-118.31,33.93,37.0,1282.0,244.0,852.0,249.0,4,127900.0
-118.31,33.93,35.0,1580.0,266.0,926.0,282.0,5,158000.0
-118.31,33.92,35.0,1307.0,246.0,672.0,219.0,5,146400.0
-118.31,33.91,36.0,961.0,173.0,625.0,179.0,4,181100.0
-118.31,33.91,31.0,1415.0,339.0,874.0,289.0,4,177900.0
-118.31,33.9,38.0,1400.0,399.0,1131.0,405.0,4,198400.0
-118.31,33.9,30.0,2407.0,581.0,1724.0,531.0,3,194700.0
-118.31,33.9,28.0,1576.0,400.0,891.0,378.0,3,171300.0
-118.31,33.89,37.0,2278.0,508.0,1257.0,498.0,4,220600.0
-118.31,33.88,33.0,2147.0,505.0,1371.0,498.0,2,260700.0
-118.31,33.88,32.0,2421.0,671.0,1491.0,587.0,4,242300.0
-118.31,33.88,21.0,1490.0,430.0,686.0,400.0,2,237500.0
-118.31,33.86,29.0,2243.0,361.0,1051.0,352.0,7,325200.0
-118.31,33.84,52.0,1819.0,464.0,1068.0,424.0,4,270700.0
-118.31,33.84,5.0,3559.0,869.0,2965.0,794.0,3,216700.0
-118.31,33.83,50.0,696.0,311.0,382.0,234.0,3,225000.0
-118.31,33.83,45.0,2929.0,755.0,1635.0,652.0,3,273000.0
-118.31,33.82,39.0,2198.0,425.0,1160.0,436.0,4,323700.0
-118.31,33.82,35.0,3462.0,814.0,1902.0,700.0,3,279900.0
-118.31,33.82,26.0,2345.0,408.0,1195.0,377.0,5,361700.0
-118.31,33.81,30.0,1773.0,356.0,905.0,352.0,4,336000.0
-118.31,33.81,23.0,3942.0,748.0,1679.0,711.0,4,362600.0
-118.31,33.8,31.0,4464.0,991.0,2420.0,947.0,4,277900.0
-118.31,33.8,29.0,2795.0,572.0,1469.0,557.0,4,308900.0
-118.31,33.79,38.0,1601.0,352.0,711.0,304.0,3,250000.0
-118.31,33.79,35.0,2290.0,563.0,1374.0,530.0,3,254700.0
-118.31,33.78,30.0,4573.0,819.0,2411.0,819.0,4,383800.0
-118.31,33.76,26.0,4486.0,709.0,1873.0,719.0,7,414700.0
-118.31,33.75,36.0,2715.0,474.0,1303.0,457.0,5,357300.0
-118.31,33.75,34.0,2338.0,393.0,1031.0,373.0,6,396400.0
-118.31,33.74,36.0,2464.0,472.0,1111.0,457.0,5,350000.0
-118.31,33.74,22.0,5042.0,974.0,2260.0,935.0,4,351200.0
-118.31,33.73,52.0,1665.0,280.0,656.0,282.0,5,351900.0
-118.31,33.73,52.0,1642.0,287.0,692.0,288.0,4,321500.0
-118.31,33.73,36.0,1725.0,295.0,799.0,306.0,5,368500.0
-118.31,33.73,33.0,2265.0,366.0,986.0,388.0,5,409800.0
-118.31,33.67,42.0,1297.0,246.0,611.0,242.0,5,401900.0
-118.32,34.62,31.0,1398.0,273.0,884.0,299.0,5,264900.0
-118.32,34.26,32.0,3690.0,791.0,1804.0,715.0,4,222700.0
-118.32,34.2,36.0,759.0,136.0,372.0,135.0,5,328900.0
-118.32,34.2,36.0,1978.0,337.0,834.0,311.0,4,294400.0
-118.32,34.2,29.0,2209.0,444.0,952.0,403.0,4,341200.0
-118.32,34.19,37.0,589.0,119.0,375.0,122.0,3,222700.0
-118.32,34.19,37.0,1519.0,331.0,613.0,315.0,3,272500.0
-118.32,34.19,37.0,1335.0,249.0,485.0,240.0,4,352100.0
-118.32,34.18,49.0,192.0,41.0,83.0,38.0,3,118800.0
-118.32,34.18,44.0,1594.0,389.0,832.0,340.0,3,212100.0
-118.32,34.17,47.0,2589.0,465.0,1284.0,485.0,5,247100.0
-118.32,34.17,45.0,3448.0,690.0,1562.0,643.0,4,258800.0
-118.32,34.17,40.0,1868.0,356.0,799.0,403.0,3,279300.0
-118.32,34.17,39.0,1995.0,564.0,1202.0,544.0,4,250000.0
-118.32,34.16,49.0,1074.0,170.0,403.0,208.0,6,366700.0
-118.32,34.16,46.0,2345.0,453.0,1031.0,427.0,4,278300.0
-118.32,34.14,23.0,4574.0,1423.0,1624.0,995.0,4,500001.0
-118.32,34.13,34.0,1856.0,273.0,540.0,264.0,4,500001.0
-118.32,34.12,52.0,3410.0,800.0,1218.0,783.0,4,393500.0
-118.32,34.11,42.0,2462.0,543.0,857.0,482.0,4,434400.0
-118.32,34.11,33.0,5135.0,1450.0,2404.0,1292.0,3,435700.0
-118.32,34.1,52.0,786.0,270.0,756.0,273.0,2,206300.0
-118.32,34.1,43.0,1615.0,734.0,1460.0,644.0,1,193800.0
-118.32,34.1,36.0,1655.0,690.0,1957.0,633.0,2,221900.0
-118.32,34.1,31.0,622.0,229.0,597.0,227.0,2,200000.0
-118.32,34.1,30.0,2193.0,965.0,2197.0,836.0,2,137500.0
-118.32,34.1,28.0,1759.0,716.0,1463.0,620.0,2,450000.0
-118.32,34.09,34.0,2473.0,1171.0,2655.0,1083.0,2,162500.0
-118.32,34.09,34.0,1478.0,675.0,1976.0,653.0,2,225000.0
-118.32,34.09,32.0,563.0,191.0,626.0,185.0,2,250000.0
-118.32,34.09,30.0,1871.0,766.0,2595.0,819.0,2,212500.0
-118.32,34.09,27.0,210.0,98.0,332.0,112.0,3,175000.0
-118.32,34.08,52.0,1164.0,257.0,575.0,251.0,3,380400.0
-118.32,34.08,52.0,1137.0,304.0,754.0,297.0,3,330300.0
-118.32,34.08,46.0,2038.0,534.0,1250.0,525.0,2,358100.0
-118.32,34.07,52.0,2980.0,366.0,967.0,359.0,11,500001.0
-118.32,34.07,52.0,2156.0,306.0,861.0,311.0,9,500001.0
-118.32,34.07,25.0,2740.0,707.0,1420.0,664.0,4,404500.0
-118.32,34.06,52.0,983.0,246.0,578.0,204.0,6,500001.0
-118.32,34.06,52.0,955.0,100.0,457.0,120.0,15,500001.0
-118.32,34.06,43.0,2808.0,584.0,1654.0,569.0,4,436800.0
-118.32,34.06,36.0,3239.0,722.0,1383.0,612.0,5,337000.0
-118.32,34.05,50.0,1389.0,364.0,976.0,302.0,2,327300.0
-118.32,34.05,42.0,3343.0,1183.0,3480.0,1146.0,2,250000.0
-118.32,34.05,42.0,3292.0,713.0,2224.0,674.0,4,291500.0
-118.32,34.04,47.0,1989.0,532.0,1430.0,519.0,2,151100.0
-118.32,34.04,44.0,1008.0,223.0,544.0,223.0,3,176800.0
-118.32,34.04,42.0,1766.0,404.0,1117.0,367.0,2,168800.0
-118.32,34.04,39.0,1294.0,330.0,1140.0,313.0,2,165000.0
-118.32,34.03,50.0,1845.0,349.0,1109.0,335.0,3,127800.0
-118.32,34.03,47.0,1734.0,453.0,1272.0,438.0,3,121500.0
-118.32,34.03,47.0,1082.0,198.0,455.0,193.0,3,223200.0
-118.32,34.03,35.0,3189.0,935.0,2221.0,801.0,2,114000.0
-118.32,34.03,31.0,2206.0,501.0,1194.0,435.0,2,227800.0
-118.32,34.02,52.0,2511.0,587.0,1660.0,546.0,3,127100.0
-118.32,34.02,51.0,2010.0,460.0,1355.0,433.0,2,133400.0
-118.32,34.02,50.0,1655.0,256.0,672.0,260.0,4,194300.0
-118.32,34.02,48.0,1949.0,308.0,823.0,340.0,3,189700.0
-118.32,34.02,47.0,1648.0,346.0,1120.0,338.0,2,114200.0
-118.32,34.01,52.0,3104.0,645.0,1498.0,581.0,3,128000.0
-118.32,34.01,47.0,1745.0,371.0,1079.0,368.0,2,123400.0
-118.32,34.01,44.0,4032.0,913.0,1622.0,848.0,2,165800.0
-118.32,34.0,50.0,2189.0,460.0,1097.0,469.0,2,120900.0
-118.32,33.99,49.0,1407.0,269.0,889.0,283.0,2,114200.0
-118.32,33.99,48.0,1260.0,284.0,791.0,280.0,2,115200.0
-118.32,33.99,43.0,2028.0,479.0,1074.0,394.0,3,98700.0
-118.32,33.99,43.0,1257.0,232.0,735.0,232.0,4,108900.0
-118.32,33.98,49.0,1993.0,446.0,1052.0,394.0,2,119800.0
-118.32,33.98,49.0,1412.0,333.0,901.0,328.0,2,118600.0
-118.32,33.98,47.0,949.0,210.0,574.0,217.0,2,114700.0
-118.32,33.98,47.0,1528.0,331.0,864.0,308.0,2,101000.0
-118.32,33.98,46.0,1611.0,339.0,921.0,314.0,3,103300.0
-118.32,33.98,44.0,1448.0,314.0,861.0,310.0,2,108600.0
-118.32,33.98,40.0,1298.0,277.0,791.0,255.0,3,104300.0
-118.32,33.97,52.0,1590.0,302.0,844.0,295.0,3,164900.0
-118.32,33.96,47.0,1885.0,361.0,954.0,357.0,4,171300.0
-118.32,33.96,47.0,1453.0,247.0,721.0,276.0,6,191000.0
-118.32,33.96,47.0,1297.0,292.0,704.0,264.0,3,166500.0
-118.32,33.95,44.0,2131.0,360.0,1040.0,330.0,5,169800.0
-118.32,33.95,44.0,2023.0,325.0,992.0,326.0,5,175600.0
-118.32,33.95,43.0,3819.0,708.0,1505.0,712.0,3,183500.0
-118.32,33.94,37.0,2740.0,504.0,1468.0,479.0,5,168800.0
-118.32,33.94,37.0,1487.0,296.0,863.0,291.0,3,186200.0
-118.32,33.94,36.0,1722.0,280.0,830.0,261.0,4,189000.0
-118.32,33.94,36.0,1153.0,224.0,639.0,226.0,4,192000.0
-118.32,33.92,35.0,1281.0,219.0,710.0,184.0,5,152800.0
-118.32,33.91,35.0,940.0,197.0,640.0,215.0,4,181300.0
-118.32,33.91,35.0,881.0,159.0,605.0,170.0,4,184500.0
-118.32,33.91,34.0,1068.0,198.0,757.0,231.0,6,180500.0
-118.32,33.91,33.0,1729.0,396.0,1073.0,344.0,4,180500.0
-118.32,33.9,37.0,1664.0,401.0,1316.0,409.0,3,216400.0
-118.32,33.9,36.0,1741.0,412.0,1245.0,423.0,4,210300.0
-118.32,33.9,36.0,1520.0,300.0,831.0,291.0,4,212100.0
-118.32,33.9,35.0,3189.0,680.0,1882.0,651.0,4,188000.0
-118.32,33.89,45.0,1928.0,453.0,1323.0,458.0,4,210100.0
-118.32,33.89,44.0,1300.0,252.0,695.0,249.0,5,220600.0
-118.32,33.89,34.0,2675.0,560.0,1270.0,492.0,5,242000.0
-118.32,33.88,37.0,1402.0,254.0,722.0,251.0,6,269000.0
-118.32,33.88,35.0,1818.0,339.0,828.0,319.0,4,282100.0
-118.32,33.88,34.0,1803.0,341.0,947.0,333.0,6,280300.0
-118.32,33.87,35.0,2380.0,404.0,1212.0,422.0,6,283800.0
-118.32,33.87,28.0,3763.0,762.0,1967.0,724.0,5,271900.0
-118.32,33.86,32.0,3485.0,678.0,1715.0,649.0,5,291700.0
-118.32,33.85,42.0,3146.0,770.0,1859.0,740.0,4,234800.0
-118.32,33.84,42.0,1486.0,420.0,897.0,377.0,2,376100.0
-118.32,33.83,51.0,2399.0,516.0,1160.0,514.0,4,318900.0
-118.32,33.83,19.0,3792.0,790.0,2105.0,834.0,5,310000.0
-118.32,33.82,25.0,2587.0,512.0,1219.0,509.0,4,382100.0
-118.32,33.82,22.0,2508.0,402.0,1254.0,395.0,7,379500.0
-118.32,33.81,28.0,2142.0,445.0,1140.0,422.0,5,346200.0
-118.32,33.81,27.0,2113.0,380.0,1109.0,360.0,5,357000.0
-118.32,33.8,29.0,4317.0,1037.0,2102.0,959.0,3,286400.0
-118.32,33.8,29.0,3254.0,717.0,1593.0,680.0,4,285800.0
-118.32,33.79,35.0,2924.0,658.0,1675.0,602.0,4,279900.0
-118.32,33.79,32.0,2381.0,467.0,1264.0,488.0,4,315100.0
-118.32,33.79,21.0,6638.0,1634.0,3240.0,1568.0,4,271100.0
-118.32,33.77,37.0,627.0,95.0,259.0,106.0,7,500001.0
-118.32,33.75,37.0,1080.0,135.0,366.0,142.0,12,500001.0
-118.32,33.75,33.0,2996.0,398.0,1048.0,387.0,9,500001.0
-118.32,33.74,24.0,6097.0,794.0,2248.0,806.0,10,500001.0
-118.32,33.73,25.0,1099.0,168.0,407.0,159.0,8,500001.0
-118.32,33.35,27.0,1675.0,521.0,744.0,331.0,2,450000.0
-118.32,33.34,52.0,996.0,264.0,341.0,160.0,3,450000.0
-118.32,33.33,52.0,2127.0,512.0,733.0,288.0,3,300000.0
-118.33,35.64,15.0,2966.0,669.0,1007.0,465.0,2,72500.0
-118.33,34.27,29.0,3034.0,732.0,1776.0,702.0,3,230200.0
-118.33,34.24,31.0,6434.0,1188.0,3540.0,1131.0,4,293300.0
-118.33,34.21,31.0,3190.0,489.0,1362.0,480.0,7,402900.0
-118.33,34.2,43.0,2322.0,418.0,1106.0,433.0,4,284600.0
-118.33,34.2,43.0,1325.0,254.0,613.0,248.0,4,289000.0
-118.33,34.2,23.0,7179.0,1985.0,4757.0,1924.0,3,206500.0
-118.33,34.19,46.0,2115.0,463.0,1133.0,439.0,4,222000.0
-118.33,34.19,45.0,1505.0,347.0,799.0,319.0,3,217000.0
-118.33,34.18,49.0,1969.0,377.0,977.0,367.0,4,231300.0
-118.33,34.18,48.0,2122.0,385.0,926.0,362.0,6,231400.0
-118.33,34.18,45.0,1552.0,315.0,785.0,316.0,4,235500.0
-118.33,34.17,48.0,2584.0,483.0,1118.0,459.0,4,245100.0
-118.33,34.17,44.0,1934.0,375.0,750.0,365.0,2,251800.0
-118.33,34.16,44.0,2705.0,649.0,1676.0,654.0,3,247900.0
-118.33,34.16,37.0,2381.0,575.0,1235.0,499.0,4,247800.0
-118.33,34.16,23.0,1359.0,428.0,770.0,380.0,3,234600.0
-118.33,34.15,44.0,1321.0,303.0,471.0,301.0,4,331800.0
-118.33,34.15,39.0,493.0,168.0,259.0,138.0,2,17500.0
-118.33,34.12,23.0,1894.0,416.0,769.0,392.0,6,500001.0
-118.33,34.11,38.0,3495.0,1100.0,1939.0,994.0,2,438300.0
-118.33,34.1,48.0,1116.0,524.0,1610.0,483.0,2,237500.0
-118.33,34.1,43.0,2732.0,1646.0,3049.0,1429.0,1,333300.0
-118.33,34.1,29.0,732.0,288.0,691.0,278.0,2,250000.0
-118.33,34.09,40.0,2004.0,687.0,1514.0,542.0,2,220000.0
-118.33,34.09,36.0,654.0,186.0,416.0,138.0,4,200000.0
-118.33,34.09,36.0,561.0,180.0,340.0,127.0,1,165000.0
-118.33,34.08,52.0,1777.0,454.0,671.0,439.0,4,500001.0
-118.33,34.08,50.0,2989.0,832.0,1345.0,775.0,3,442900.0
-118.33,34.07,52.0,2248.0,255.0,813.0,265.0,15,500001.0
-118.33,34.06,52.0,1841.0,240.0,693.0,218.0,15,500001.0
-118.33,34.05,48.0,2405.0,527.0,1868.0,502.0,3,257800.0
-118.33,34.05,45.0,1707.0,519.0,1446.0,466.0,2,171300.0
-118.33,34.05,44.0,1574.0,390.0,1323.0,404.0,3,226300.0
-118.33,34.04,52.0,2545.0,401.0,1004.0,372.0,4,420000.0
-118.33,34.04,33.0,1806.0,444.0,1161.0,393.0,3,161500.0
-118.33,34.03,46.0,2312.0,625.0,1552.0,603.0,2,125000.0
-118.33,34.03,39.0,2840.0,826.0,1911.0,688.0,2,137500.0
-118.33,34.03,33.0,2314.0,624.0,1714.0,582.0,2,183900.0
-118.33,34.02,42.0,2043.0,378.0,869.0,416.0,4,181100.0
-118.33,34.01,47.0,1320.0,259.0,653.0,291.0,4,193000.0
-118.33,34.01,44.0,2182.0,492.0,878.0,493.0,2,181300.0
-118.33,34.0,47.0,825.0,187.0,416.0,173.0,2,133300.0
-118.33,34.0,24.0,873.0,320.0,529.0,308.0,1,151600.0
-118.33,33.99,46.0,1582.0,315.0,777.0,286.0,3,149600.0
-118.33,33.99,44.0,1918.0,387.0,1041.0,364.0,3,126500.0
-118.33,33.99,43.0,2224.0,550.0,1598.0,545.0,3,122500.0
-118.33,33.98,30.0,3112.0,931.0,2739.0,841.0,2,118500.0
-118.33,33.97,47.0,1830.0,369.0,922.0,377.0,4,156400.0
-118.33,33.96,42.0,2084.0,517.0,1062.0,451.0,2,198200.0
-118.33,33.96,42.0,1686.0,361.0,737.0,319.0,2,189200.0
-118.33,33.96,24.0,6513.0,1290.0,2636.0,1271.0,4,189800.0
-118.33,33.94,31.0,3757.0,1102.0,3288.0,964.0,2,137500.0
-118.33,33.93,38.0,694.0,112.0,412.0,119.0,6,156000.0
-118.33,33.93,37.0,4916.0,1134.0,3533.0,1035.0,3,152300.0
-118.33,33.93,37.0,1831.0,356.0,925.0,338.0,4,148400.0
-118.33,33.92,23.0,969.0,288.0,670.0,251.0,3,185400.0
-118.33,33.91,8.0,10731.0,3335.0,7211.0,3028.0,2,192700.0
-118.33,33.91,39.0,1224.0,312.0,1106.0,333.0,3,181800.0
-118.33,33.9,21.0,6603.0,1984.0,5546.0,1745.0,3,163900.0
-118.33,33.89,42.0,1816.0,338.0,897.0,306.0,5,230800.0
-118.33,33.89,39.0,1880.0,361.0,982.0,357.0,4,226900.0
-118.33,33.88,36.0,1271.0,346.0,811.0,345.0,3,283300.0
-118.33,33.88,30.0,1856.0,444.0,899.0,435.0,3,270000.0
-118.33,33.87,44.0,724.0,133.0,373.0,133.0,4,265600.0
-118.33,33.87,36.0,2219.0,406.0,1219.0,403.0,4,267100.0
-118.33,33.87,35.0,743.0,128.0,385.0,137.0,6,278100.0
-118.33,33.86,38.0,914.0,176.0,519.0,174.0,6,255400.0
-118.33,33.86,36.0,854.0,160.0,473.0,150.0,6,259600.0
-118.33,33.84,36.0,1364.0,251.0,668.0,245.0,5,314100.0
-118.33,33.83,5.0,13038.0,2679.0,5272.0,2523.0,6,286400.0
-118.33,33.82,26.0,5591.0,934.0,2824.0,939.0,7,417800.0
-118.33,33.72,25.0,6191.0,1081.0,2297.0,1023.0,6,446700.0
-118.33,33.69,41.0,2168.0,357.0,1171.0,374.0,5,311900.0
-118.33,33.34,52.0,2359.0,591.0,1100.0,431.0,3,414700.0
-118.34,35.27,10.0,2939.0,605.0,1167.0,446.0,2,79000.0
-118.34,34.86,11.0,7353.0,1482.0,3571.0,1308.0,3,130000.0
-118.34,34.26,37.0,1776.0,301.0,702.0,265.0,5,314900.0
-118.34,34.21,36.0,1834.0,316.0,864.0,309.0,5,302200.0
-118.34,34.2,41.0,2860.0,682.0,1516.0,621.0,3,262900.0
-118.34,34.19,48.0,814.0,165.0,490.0,176.0,3,223100.0
-118.34,34.19,47.0,1721.0,343.0,834.0,334.0,4,231200.0
-118.34,34.19,43.0,1029.0,252.0,613.0,255.0,3,219900.0
-118.34,34.19,41.0,1524.0,393.0,1176.0,375.0,3,192400.0
-118.34,34.18,46.0,1393.0,301.0,714.0,295.0,3,229900.0
-118.34,34.18,45.0,3566.0,701.0,1601.0,653.0,4,232000.0
-118.34,34.18,45.0,1328.0,290.0,720.0,289.0,4,226900.0
-118.34,34.17,52.0,1133.0,212.0,545.0,222.0,5,249500.0
-118.34,34.17,49.0,3033.0,580.0,1284.0,561.0,4,232500.0
-118.34,34.17,46.0,1718.0,344.0,756.0,343.0,3,247000.0
-118.34,34.16,46.0,1396.0,294.0,608.0,246.0,4,244500.0
-118.34,34.16,44.0,1717.0,391.0,848.0,353.0,4,254500.0
-118.34,34.16,25.0,6082.0,1763.0,2616.0,1644.0,4,246900.0
-118.34,34.15,40.0,3068.0,756.0,1190.0,695.0,4,497400.0
-118.34,34.15,16.0,1586.0,377.0,625.0,344.0,4,450000.0
-118.34,34.13,45.0,2375.0,417.0,751.0,410.0,7,500001.0
-118.34,34.11,40.0,5485.0,1242.0,2034.0,1133.0,4,500001.0
-118.34,34.1,29.0,3193.0,1452.0,2039.0,1265.0,2,500001.0
-118.34,34.1,28.0,2223.0,752.0,1271.0,684.0,3,232100.0
-118.34,34.1,24.0,1996.0,791.0,1215.0,672.0,2,325000.0
-118.34,34.09,52.0,1731.0,502.0,849.0,466.0,3,321600.0
-118.34,34.09,5.0,2665.0,954.0,1733.0,766.0,2,204700.0
-118.34,34.09,37.0,1442.0,501.0,998.0,503.0,2,200000.0
-118.34,34.08,52.0,2756.0,542.0,971.0,510.0,6,500001.0
-118.34,34.08,52.0,1721.0,195.0,688.0,196.0,15,500001.0
-118.34,34.08,52.0,1430.0,186.0,547.0,178.0,10,500001.0
-118.34,34.08,52.0,1421.0,163.0,495.0,167.0,11,500001.0
-118.34,34.08,50.0,3457.0,854.0,1584.0,841.0,3,346700.0
-118.34,34.07,52.0,3175.0,1057.0,1594.0,997.0,3,225000.0
-118.34,34.07,52.0,2066.0,319.0,981.0,297.0,6,450000.0
-118.34,34.07,52.0,1621.0,284.0,588.0,272.0,6,500001.0
-118.34,34.06,52.0,2089.0,309.0,883.0,281.0,7,500001.0
-118.34,34.06,52.0,2069.0,417.0,826.0,377.0,4,396000.0
-118.34,34.06,52.0,1482.0,336.0,768.0,300.0,4,327300.0
-118.34,34.06,52.0,1314.0,170.0,629.0,214.0,7,500001.0
-118.34,34.06,52.0,1311.0,310.0,707.0,290.0,3,432800.0
-118.34,34.05,52.0,2530.0,458.0,1122.0,449.0,4,321600.0
-118.34,34.05,52.0,2194.0,504.0,997.0,438.0,3,259400.0
-118.34,34.05,50.0,2009.0,419.0,1130.0,402.0,3,213500.0
-118.34,34.05,41.0,2099.0,472.0,1369.0,465.0,3,167100.0
-118.34,34.05,39.0,975.0,292.0,723.0,285.0,2,140600.0
-118.34,34.04,42.0,2010.0,494.0,1203.0,427.0,2,134600.0
-118.34,34.04,42.0,1681.0,360.0,987.0,337.0,3,171400.0
-118.34,34.04,40.0,2064.0,662.0,2140.0,617.0,2,127100.0
-118.34,34.04,37.0,1466.0,529.0,1835.0,500.0,2,123200.0
-118.34,34.04,35.0,2345.0,607.0,2042.0,565.0,3,139700.0
-118.34,34.03,49.0,1295.0,276.0,765.0,265.0,3,130200.0
-118.34,34.03,48.0,1426.0,331.0,784.0,356.0,2,118800.0
-118.34,34.03,47.0,1927.0,561.0,1349.0,508.0,1,125000.0
-118.34,34.02,50.0,1172.0,261.0,685.0,260.0,3,130300.0
-118.34,34.02,48.0,1614.0,320.0,684.0,318.0,4,181000.0
-118.34,34.02,44.0,2067.0,385.0,1046.0,441.0,4,156900.0
-118.34,34.02,44.0,1527.0,246.0,608.0,245.0,4,187800.0
-118.34,34.01,38.0,2318.0,735.0,1407.0,702.0,2,266700.0
-118.34,34.01,35.0,1359.0,359.0,655.0,341.0,3,312500.0
-118.34,34.0,49.0,2863.0,411.0,1108.0,406.0,6,313300.0
-118.34,34.0,49.0,2465.0,372.0,1018.0,359.0,4,296800.0
-118.34,34.0,44.0,3183.0,513.0,1183.0,473.0,5,314900.0
-118.34,33.99,48.0,2225.0,433.0,1170.0,401.0,3,140400.0
-118.34,33.99,48.0,2009.0,335.0,919.0,297.0,5,170500.0
-118.34,33.99,48.0,1172.0,205.0,497.0,190.0,4,183000.0
-118.34,33.99,47.0,1107.0,199.0,437.0,178.0,4,179400.0
-118.34,33.99,46.0,1217.0,322.0,662.0,305.0,3,140300.0
-118.34,33.98,47.0,2649.0,684.0,2374.0,607.0,2,137700.0
-118.34,33.98,46.0,2126.0,409.0,1292.0,414.0,3,149000.0
-118.34,33.98,45.0,1298.0,294.0,1064.0,268.0,4,136600.0
-118.34,33.98,40.0,2108.0,526.0,1922.0,544.0,3,137800.0
-118.34,33.97,45.0,2230.0,364.0,949.0,344.0,6,188200.0
-118.34,33.95,33.0,1923.0,459.0,1412.0,361.0,5,194100.0
-118.34,33.94,37.0,3107.0,903.0,3456.0,734.0,2,147500.0
-118.34,33.93,37.0,1638.0,407.0,1341.0,369.0,3,167700.0
-118.34,33.93,36.0,1528.0,486.0,1824.0,470.0,2,153900.0
-118.34,33.93,35.0,1213.0,284.0,742.0,253.0,4,159900.0
-118.34,33.93,33.0,4294.0,1224.0,4512.0,1189.0,3,143700.0
-118.34,33.93,32.0,1254.0,399.0,1281.0,386.0,2,155700.0
-118.34,33.92,6.0,1047.0,271.0,740.0,248.0,3,193800.0
-118.34,33.92,29.0,1475.0,349.0,965.0,370.0,3,199600.0
-118.34,33.91,8.0,3937.0,1404.0,2691.0,1142.0,2,185700.0
-118.34,33.91,17.0,3724.0,1023.0,2536.0,971.0,3,202100.0
-118.34,33.91,12.0,9975.0,3638.0,7429.0,3405.0,3,192300.0
-118.34,33.9,37.0,542.0,105.0,355.0,118.0,6,227300.0
-118.34,33.9,36.0,1342.0,259.0,706.0,261.0,4,236600.0
-118.34,33.9,36.0,1158.0,219.0,628.0,253.0,5,242700.0
-118.34,33.9,23.0,2395.0,498.0,1309.0,493.0,5,224600.0
-118.34,33.89,36.0,2392.0,444.0,1346.0,445.0,6,245900.0
-118.34,33.89,36.0,2274.0,411.0,1232.0,423.0,5,244500.0
-118.34,33.88,42.0,725.0,183.0,493.0,172.0,3,233300.0
-118.34,33.88,31.0,3122.0,727.0,1885.0,715.0,4,298400.0
-118.34,33.87,34.0,1069.0,217.0,601.0,212.0,5,255900.0
-118.34,33.87,28.0,4605.0,1188.0,2558.0,1093.0,4,266600.0
-118.34,33.87,28.0,2948.0,566.0,1445.0,524.0,5,286500.0
-118.34,33.86,36.0,2223.0,360.0,1162.0,376.0,5,279400.0
-118.34,33.86,35.0,1936.0,343.0,1008.0,346.0,5,285900.0
-118.34,33.84,36.0,1561.0,252.0,740.0,253.0,6,309700.0
-118.34,33.84,36.0,1407.0,231.0,676.0,231.0,5,331900.0
-118.34,33.83,35.0,1818.0,353.0,853.0,321.0,6,350900.0
-118.34,33.8,34.0,1730.0,427.0,1008.0,393.0,4,327700.0
-118.34,33.8,33.0,2194.0,469.0,987.0,397.0,5,318900.0
-118.34,33.8,25.0,4177.0,832.0,2123.0,789.0,5,446800.0
-118.34,33.79,36.0,716.0,123.0,388.0,124.0,5,350000.0
-118.34,33.78,25.0,11016.0,1626.0,4168.0,1584.0,8,500001.0
-118.34,33.76,34.0,5586.0,674.0,1871.0,636.0,15,500001.0
-118.35,34.52,14.0,3490.0,592.0,1710.0,580.0,6,333300.0
-118.35,34.32,52.0,102.0,29.0,54.0,32.0,2,191700.0
-118.35,34.28,30.0,3214.0,513.0,1700.0,533.0,5,248200.0
-118.35,34.27,32.0,604.0,108.0,314.0,113.0,6,205400.0
-118.35,34.25,34.0,2795.0,460.0,1267.0,443.0,6,354400.0
-118.35,34.22,41.0,1560.0,374.0,1668.0,389.0,3,154300.0
-118.35,34.22,19.0,9259.0,1653.0,3963.0,1595.0,6,228700.0
-118.35,34.21,42.0,1073.0,220.0,804.0,226.0,4,172600.0
-118.35,34.21,39.0,1470.0,312.0,1047.0,284.0,3,181400.0
-118.35,34.19,45.0,903.0,190.0,557.0,204.0,4,209100.0
-118.35,34.18,46.0,1840.0,379.0,866.0,360.0,3,230400.0
-118.35,34.17,47.0,858.0,170.0,365.0,171.0,2,225000.0
-118.35,34.17,42.0,1604.0,326.0,814.0,329.0,4,216000.0
-118.35,34.16,49.0,1305.0,228.0,584.0,255.0,6,267900.0
-118.35,34.16,45.0,1390.0,281.0,538.0,270.0,4,293800.0
-118.35,34.16,42.0,2267.0,478.0,1083.0,458.0,3,250000.0
-118.35,34.15,52.0,1680.0,238.0,493.0,211.0,9,500001.0
-118.35,34.15,35.0,2245.0,393.0,783.0,402.0,4,500001.0
-118.35,34.13,39.0,1610.0,278.0,511.0,278.0,4,385900.0
-118.35,34.1,26.0,3977.0,1050.0,1720.0,935.0,3,364500.0
-118.35,34.1,24.0,5477.0,1803.0,2863.0,1755.0,2,237500.0
-118.35,34.1,18.0,7432.0,2793.0,3596.0,2270.0,3,225000.0
-118.35,34.1,18.0,4109.0,1301.0,2103.0,1116.0,2,250000.0
-118.35,34.1,16.0,2930.0,1038.0,1648.0,980.0,3,372200.0
-118.35,34.09,47.0,1800.0,546.0,921.0,478.0,3,280600.0
-118.35,34.09,42.0,2210.0,643.0,1228.0,605.0,3,315800.0
-118.35,34.09,35.0,2705.0,785.0,1526.0,793.0,3,266700.0
-118.35,34.09,35.0,2234.0,689.0,1334.0,662.0,3,236100.0
-118.35,34.09,35.0,1989.0,634.0,1108.0,593.0,2,288900.0
-118.35,34.08,52.0,2877.0,721.0,1186.0,704.0,3,175000.0
-118.35,34.08,52.0,2088.0,388.0,908.0,375.0,4,342000.0
-118.35,34.08,52.0,1801.0,313.0,714.0,293.0,5,479000.0
-118.35,34.08,52.0,1003.0,200.0,514.0,204.0,4,395700.0
-118.35,34.07,52.0,2497.0,406.0,1030.0,412.0,5,500001.0
-118.35,34.07,52.0,2315.0,356.0,894.0,345.0,4,500001.0
-118.35,34.07,46.0,1651.0,410.0,512.0,397.0,4,350000.0
-118.35,34.07,45.0,7803.0,2154.0,3359.0,2041.0,3,287500.0
-118.35,34.07,45.0,3312.0,880.0,1157.0,809.0,4,500001.0
-118.35,34.06,52.0,3446.0,1360.0,1768.0,1245.0,2,500001.0
-118.35,34.06,52.0,2837.0,602.0,1164.0,551.0,3,250000.0
-118.35,34.06,52.0,1368.0,322.0,617.0,303.0,5,440900.0
-118.35,34.06,48.0,3551.0,826.0,1601.0,827.0,3,400000.0
-118.35,34.06,48.0,1354.0,279.0,716.0,309.0,4,385000.0
-118.35,34.05,47.0,2815.0,679.0,1533.0,594.0,3,234100.0
-118.35,34.05,46.0,2149.0,451.0,905.0,443.0,3,290800.0
-118.35,34.04,49.0,1104.0,266.0,668.0,297.0,3,151600.0
-118.35,34.04,45.0,1839.0,459.0,1312.0,460.0,3,138000.0
-118.35,34.04,45.0,1579.0,357.0,713.0,335.0,2,179200.0
-118.35,34.04,41.0,1617.0,423.0,1110.0,375.0,2,169400.0
-118.35,34.04,36.0,1956.0,601.0,1672.0,546.0,2,150700.0
-118.35,34.03,44.0,865.0,208.0,537.0,183.0,2,110900.0
-118.35,34.03,43.0,2122.0,524.0,1510.0,436.0,2,123300.0
-118.35,34.03,42.0,2043.0,512.0,1634.0,501.0,2,125400.0
-118.35,34.03,35.0,1438.0,333.0,794.0,306.0,2,138100.0
-118.35,34.02,52.0,427.0,92.0,233.0,116.0,3,134700.0
-118.35,34.02,34.0,5218.0,1576.0,3538.0,1371.0,2,118800.0
-118.35,34.02,27.0,3358.0,1069.0,2415.0,956.0,1,87500.0
-118.35,34.01,35.0,3776.0,733.0,1583.0,749.0,4,332100.0
-118.35,34.01,33.0,3246.0,601.0,1585.0,603.0,4,353200.0
-118.35,34.0,46.0,3402.0,503.0,1389.0,504.0,5,270400.0
-118.35,34.0,30.0,1879.0,226.0,740.0,266.0,6,492500.0
-118.35,33.99,47.0,2183.0,380.0,927.0,371.0,5,180100.0
-118.35,33.99,45.0,1764.0,401.0,679.0,334.0,3,222100.0
-118.35,33.98,47.0,2512.0,461.0,1082.0,426.0,4,207600.0
-118.35,33.98,42.0,3081.0,680.0,1785.0,609.0,4,170800.0
-118.35,33.98,33.0,1884.0,477.0,1518.0,449.0,3,152800.0
-118.35,33.97,33.0,1495.0,474.0,1272.0,447.0,2,143500.0
-118.35,33.97,30.0,1548.0,330.0,757.0,349.0,4,323800.0
-118.35,33.97,26.0,3832.0,1074.0,2340.0,904.0,3,143400.0
-118.35,33.97,25.0,1864.0,616.0,1710.0,575.0,2,159400.0
-118.35,33.96,26.0,2773.0,681.0,1560.0,631.0,3,164300.0
-118.35,33.96,21.0,2714.0,881.0,1549.0,853.0,1,157500.0
-118.35,33.95,42.0,1779.0,431.0,1507.0,380.0,3,159800.0
-118.35,33.95,30.0,2661.0,765.0,2324.0,724.0,3,137500.0
-118.35,33.95,28.0,4770.0,1328.0,3201.0,1196.0,3,147700.0
-118.35,33.94,42.0,1028.0,278.0,1369.0,261.0,3,144600.0
-118.35,33.94,38.0,1794.0,508.0,2188.0,454.0,3,142200.0
-118.35,33.94,36.0,2225.0,601.0,2755.0,610.0,3,150400.0
-118.35,33.94,35.0,1451.0,435.0,1888.0,420.0,3,149100.0
-118.35,33.93,35.0,1050.0,252.0,918.0,236.0,2,146900.0
-118.35,33.93,34.0,617.0,189.0,810.0,180.0,2,162500.0
-118.35,33.93,33.0,2040.0,576.0,2649.0,561.0,2,170600.0
-118.35,33.93,31.0,2746.0,697.0,1973.0,598.0,4,192800.0
-118.35,33.93,26.0,3156.0,857.0,2394.0,787.0,3,191900.0
-118.35,33.93,25.0,2260.0,692.0,1603.0,673.0,2,223300.0
-118.35,33.91,34.0,2055.0,448.0,1134.0,408.0,4,235400.0
-118.35,33.91,32.0,1660.0,366.0,928.0,398.0,4,269700.0
-118.35,33.91,31.0,2583.0,663.0,1675.0,612.0,4,265000.0
-118.35,33.91,29.0,2461.0,535.0,1236.0,482.0,5,244000.0
-118.35,33.91,28.0,2108.0,534.0,1485.0,536.0,4,241400.0
-118.35,33.91,26.0,2159.0,523.0,1331.0,520.0,4,264500.0
-118.35,33.91,25.0,1884.0,554.0,1337.0,549.0,3,272800.0
-118.35,33.91,19.0,1949.0,559.0,1282.0,498.0,3,231300.0
-118.35,33.9,32.0,1056.0,225.0,565.0,231.0,4,230000.0
-118.35,33.9,31.0,981.0,222.0,734.0,239.0,5,232400.0
-118.35,33.9,31.0,1547.0,344.0,956.0,287.0,3,225000.0
-118.35,33.9,25.0,3309.0,902.0,2299.0,837.0,3,237000.0
-118.35,33.9,22.0,1127.0,287.0,697.0,241.0,3,220300.0
-118.35,33.9,13.0,2887.0,853.0,2197.0,800.0,3,207900.0
-118.35,33.89,34.0,1740.0,387.0,1249.0,375.0,4,233900.0
-118.35,33.89,25.0,1769.0,440.0,1371.0,414.0,3,232700.0
-118.35,33.88,44.0,822.0,180.0,480.0,177.0,4,225800.0
-118.35,33.88,36.0,1583.0,411.0,1097.0,350.0,4,238200.0
-118.35,33.88,36.0,1567.0,362.0,1054.0,386.0,3,233900.0
-118.35,33.88,25.0,1459.0,362.0,1150.0,354.0,3,237500.0
-118.35,33.87,37.0,1420.0,286.0,886.0,290.0,5,261300.0
-118.35,33.87,34.0,2823.0,500.0,1429.0,483.0,6,279600.0
-118.35,33.86,28.0,2075.0,463.0,1216.0,446.0,4,281500.0
-118.35,33.86,24.0,2139.0,481.0,971.0,418.0,4,271300.0
-118.35,33.85,35.0,1248.0,206.0,551.0,185.0,6,348200.0
-118.35,33.85,34.0,1770.0,291.0,916.0,289.0,5,354200.0
-118.35,33.84,22.0,13133.0,3680.0,7180.0,3522.0,4,354700.0
-118.35,33.83,36.0,1102.0,193.0,522.0,172.0,6,342000.0
-118.35,33.82,28.0,7591.0,1710.0,3420.0,1635.0,4,328900.0
-118.35,33.8,19.0,6224.0,1105.0,3152.0,1076.0,6,500001.0
-118.35,33.74,25.0,8272.0,1132.0,3392.0,1132.0,10,500001.0
-118.36,34.26,34.0,3677.0,573.0,1598.0,568.0,7,378000.0
-118.36,34.23,15.0,2485.0,742.0,1994.0,670.0,3,183200.0
-118.36,34.22,37.0,1512.0,348.0,1545.0,351.0,4,160300.0
-118.36,34.19,46.0,1676.0,322.0,846.0,295.0,5,209500.0
-118.36,34.19,11.0,2921.0,685.0,1512.0,664.0,4,176400.0
-118.36,34.18,36.0,2233.0,605.0,1934.0,599.0,3,194900.0
-118.36,34.18,34.0,1471.0,423.0,995.0,386.0,3,188700.0
-118.36,34.18,31.0,1109.0,354.0,1119.0,334.0,2,200000.0
-118.36,34.17,46.0,1268.0,240.0,661.0,239.0,4,229100.0
-118.36,34.17,44.0,2295.0,560.0,1543.0,528.0,2,194100.0
-118.36,34.17,31.0,1939.0,505.0,1584.0,466.0,3,199500.0
-118.36,34.16,43.0,2850.0,709.0,1510.0,670.0,2,274300.0
-118.36,34.16,42.0,2304.0,442.0,862.0,429.0,4,417900.0
-118.36,34.16,32.0,2455.0,556.0,989.0,493.0,4,325000.0
-118.36,34.15,34.0,3659.0,921.0,1338.0,835.0,4,366100.0
-118.36,34.13,36.0,6871.0,1180.0,2216.0,1130.0,8,495600.0
-118.36,34.12,26.0,3902.0,610.0,1468.0,632.0,9,500001.0
-118.36,34.11,35.0,3946.0,695.0,1361.0,620.0,7,500001.0
-118.36,34.1,52.0,1295.0,281.0,578.0,273.0,3,405100.0
-118.36,34.1,52.0,1096.0,247.0,423.0,230.0,3,500001.0
-118.36,34.1,36.0,2963.0,838.0,1129.0,745.0,3,500001.0
-118.36,34.09,38.0,2158.0,582.0,1061.0,577.0,3,355300.0
-118.36,34.09,36.0,1616.0,465.0,773.0,429.0,3,313600.0
-118.36,34.09,36.0,1390.0,458.0,874.0,468.0,3,200000.0
-118.36,34.09,34.0,2832.0,883.0,1594.0,843.0,2,312500.0
-118.36,34.09,33.0,3463.0,1170.0,1845.0,1134.0,2,243800.0
-118.36,34.09,30.0,2353.0,728.0,1365.0,718.0,2,283300.0
-118.36,34.09,28.0,1111.0,300.0,526.0,294.0,3,383300.0
-118.36,34.08,52.0,2373.0,601.0,1135.0,576.0,3,225000.0
-118.36,34.08,52.0,1902.0,488.0,848.0,478.0,3,175000.0
-118.36,34.08,45.0,2195.0,483.0,1265.0,455.0,3,397900.0
-118.36,34.08,40.0,3110.0,764.0,1557.0,763.0,2,367100.0
-118.36,34.07,48.0,1740.0,360.0,748.0,357.0,5,411100.0
-118.36,34.07,40.0,1821.0,447.0,777.0,441.0,2,355200.0
-118.36,34.06,39.0,2810.0,670.0,1109.0,624.0,3,355000.0
-118.36,34.05,50.0,3518.0,812.0,1724.0,758.0,3,338100.0
-118.36,34.05,48.0,1835.0,380.0,956.0,370.0,3,243600.0
-118.36,34.05,48.0,1825.0,404.0,728.0,363.0,3,322600.0
-118.36,34.05,47.0,1424.0,300.0,632.0,278.0,4,295200.0
-118.36,34.05,45.0,2283.0,509.0,1093.0,475.0,3,252000.0
-118.36,34.05,45.0,1879.0,395.0,946.0,409.0,3,254700.0
-118.36,34.05,42.0,1372.0,275.0,674.0,271.0,3,202100.0
-118.36,34.04,49.0,995.0,184.0,462.0,194.0,3,242000.0
-118.36,34.04,48.0,1769.0,429.0,993.0,405.0,2,139400.0
-118.36,34.04,45.0,1767.0,417.0,1052.0,379.0,4,157000.0
-118.36,34.04,34.0,3239.0,806.0,2331.0,765.0,2,125800.0
-118.36,34.03,43.0,1690.0,379.0,1017.0,359.0,2,133500.0
-118.36,34.03,38.0,2365.0,638.0,2259.0,607.0,2,120700.0
-118.36,34.03,38.0,1400.0,376.0,1139.0,315.0,2,120000.0
-118.36,34.03,36.0,1083.0,342.0,1023.0,295.0,2,143800.0
-118.36,34.03,35.0,1819.0,499.0,1666.0,482.0,2,125900.0
-118.36,34.02,46.0,3745.0,798.0,1502.0,808.0,4,195800.0
-118.36,34.02,43.0,1356.0,333.0,796.0,329.0,2,189700.0
-118.36,34.01,33.0,3140.0,466.0,1214.0,464.0,7,350400.0
-118.36,33.99,45.0,2005.0,368.0,909.0,364.0,5,268900.0
-118.36,33.99,43.0,2657.0,548.0,1145.0,524.0,4,287100.0
-118.36,33.99,35.0,3702.0,648.0,1449.0,614.0,5,313700.0
-118.36,33.98,45.0,1559.0,305.0,891.0,341.0,4,259400.0
-118.36,33.98,39.0,813.0,185.0,344.0,154.0,4,218800.0
-118.36,33.98,29.0,2861.0,816.0,1715.0,775.0,3,160900.0
-118.36,33.97,19.0,4651.0,1281.0,2917.0,1121.0,3,142500.0
-118.36,33.97,18.0,1284.0,283.0,990.0,289.0,4,195800.0
-118.36,33.96,37.0,2146.0,573.0,2009.0,592.0,4,177300.0
-118.36,33.96,25.0,1849.0,518.0,1498.0,451.0,3,170000.0
-118.36,33.96,21.0,1802.0,556.0,1286.0,557.0,3,146900.0
-118.36,33.96,17.0,3431.0,934.0,2365.0,810.0,3,129200.0
-118.36,33.95,42.0,2532.0,627.0,2038.0,591.0,3,177500.0
-118.36,33.95,42.0,1139.0,302.0,1283.0,306.0,4,163900.0
-118.36,33.95,42.0,1116.0,303.0,1082.0,299.0,4,170800.0
-118.36,33.95,26.0,3231.0,1089.0,3193.0,1020.0,3,177200.0
-118.36,33.94,39.0,1390.0,410.0,1666.0,371.0,3,156800.0
-118.36,33.94,38.0,2169.0,688.0,3036.0,639.0,2,148500.0
-118.36,33.94,33.0,939.0,284.0,1309.0,250.0,3,152300.0
-118.36,33.93,44.0,520.0,116.0,392.0,106.0,3,202500.0
-118.36,33.93,30.0,1132.0,347.0,1433.0,341.0,3,170000.0
-118.36,33.93,27.0,4445.0,1231.0,3340.0,1113.0,3,204500.0
-118.36,33.92,46.0,1231.0,231.0,793.0,256.0,4,226800.0
-118.36,33.92,26.0,3695.0,1144.0,2308.0,1009.0,3,229300.0
-118.36,33.92,19.0,2807.0,883.0,1546.0,815.0,3,233800.0
-118.36,33.91,42.0,1949.0,422.0,1184.0,423.0,4,225600.0
-118.36,33.91,41.0,2048.0,439.0,1191.0,429.0,4,222500.0
-118.36,33.91,36.0,2064.0,474.0,1366.0,421.0,4,243100.0
-118.36,33.9,42.0,1935.0,388.0,1136.0,379.0,5,230000.0
-118.36,33.9,41.0,1355.0,349.0,655.0,329.0,3,205000.0
-118.36,33.9,39.0,1166.0,222.0,640.0,206.0,4,230400.0
-118.36,33.9,18.0,3380.0,922.0,2276.0,854.0,4,214000.0
-118.36,33.89,40.0,756.0,122.0,371.0,130.0,5,329200.0
-118.36,33.89,37.0,1719.0,426.0,1266.0,424.0,3,228000.0
-118.36,33.89,34.0,760.0,174.0,723.0,198.0,5,227600.0
-118.36,33.88,44.0,1362.0,237.0,709.0,247.0,4,336200.0
-118.36,33.88,33.0,2408.0,534.0,1644.0,523.0,4,236800.0
-118.36,33.88,31.0,2518.0,543.0,1107.0,508.0,5,295800.0
-118.36,33.88,28.0,1313.0,319.0,827.0,308.0,3,260800.0
-118.36,33.88,26.0,1375.0,286.0,829.0,278.0,4,230700.0
-118.36,33.88,25.0,2845.0,710.0,1611.0,628.0,3,267400.0
-118.36,33.87,22.0,2114.0,541.0,1300.0,538.0,3,290000.0
-118.36,33.87,19.0,2512.0,575.0,1275.0,544.0,5,293000.0
-118.36,33.87,17.0,1082.0,291.0,598.0,281.0,4,281900.0
-118.36,33.86,37.0,1768.0,314.0,802.0,290.0,5,295900.0
-118.36,33.86,37.0,1249.0,218.0,583.0,214.0,6,330700.0
-118.36,33.86,36.0,681.0,122.0,360.0,128.0,5,332600.0
-118.36,33.86,35.0,2126.0,434.0,1044.0,433.0,6,297400.0
-118.36,33.86,34.0,1865.0,345.0,963.0,302.0,6,305900.0
-118.36,33.85,36.0,1390.0,230.0,683.0,219.0,5,334400.0
-118.36,33.84,35.0,1577.0,279.0,743.0,274.0,6,343000.0
-118.36,33.84,22.0,11016.0,3170.0,6664.0,2838.0,4,361300.0
-118.36,33.83,36.0,1660.0,300.0,943.0,300.0,5,353600.0
-118.36,33.83,35.0,2828.0,487.0,1439.0,490.0,6,350200.0
-118.36,33.83,35.0,1378.0,247.0,645.0,217.0,6,343400.0
-118.36,33.82,36.0,1784.0,311.0,901.0,293.0,6,339000.0
-118.36,33.82,36.0,1083.0,187.0,522.0,187.0,6,339500.0
-118.36,33.81,34.0,2211.0,502.0,1113.0,488.0,5,356800.0
-118.36,33.81,25.0,9042.0,2022.0,4458.0,1944.0,5,378800.0
-118.36,33.8,34.0,2629.0,369.0,966.0,375.0,10,500001.0
-118.36,33.79,34.0,5166.0,704.0,2071.0,668.0,8,500001.0
-118.37,36.19,10.0,443.0,111.0,48.0,21.0,3,71300.0
-118.37,34.43,11.0,17339.0,2866.0,8721.0,2803.0,6,225200.0
-118.37,34.24,40.0,1283.0,246.0,594.0,236.0,4,229200.0
-118.37,34.23,32.0,1444.0,317.0,1177.0,311.0,4,164600.0
-118.37,34.22,17.0,1787.0,463.0,1671.0,448.0,4,151500.0
-118.37,34.22,11.0,2127.0,581.0,1989.0,530.0,3,174100.0
-118.37,34.21,36.0,2080.0,455.0,1939.0,484.0,4,176600.0
-118.37,34.21,36.0,1392.0,326.0,1181.0,303.0,3,176400.0
-118.37,34.21,34.0,2272.0,558.0,2164.0,484.0,4,175700.0
-118.37,34.2,33.0,1438.0,309.0,1378.0,306.0,3,170400.0
-118.37,34.19,19.0,2890.0,821.0,2203.0,705.0,3,185100.0
-118.37,34.18,42.0,1140.0,300.0,643.0,252.0,3,178400.0
-118.37,34.18,36.0,1608.0,373.0,1217.0,374.0,3,190200.0
-118.37,34.18,35.0,2949.0,794.0,2106.0,746.0,3,177300.0
-118.37,34.18,33.0,1829.0,512.0,1345.0,500.0,3,198900.0
-118.37,34.17,6.0,854.0,350.0,542.0,321.0,1,325000.0
-118.37,34.17,42.0,600.0,171.0,377.0,181.0,2,184400.0
-118.37,34.17,42.0,1713.0,416.0,1349.0,427.0,3,191800.0
-118.37,34.17,15.0,3327.0,1011.0,2683.0,857.0,2,185400.0
-118.37,34.17,10.0,1431.0,473.0,1438.0,429.0,2,221400.0
-118.37,34.16,6.0,6526.0,2007.0,3298.0,1790.0,3,250000.0
-118.37,34.16,25.0,2450.0,618.0,1054.0,578.0,4,262500.0
-118.37,34.16,17.0,4150.0,1148.0,1808.0,1041.0,4,232400.0
-118.37,34.16,10.0,2606.0,748.0,1373.0,680.0,4,225000.0
-118.37,34.15,23.0,4604.0,1319.0,2391.0,1227.0,3,263100.0
-118.37,34.14,8.0,4382.0,1560.0,2138.0,1411.0,4,197900.0
-118.37,34.14,23.0,1883.0,512.0,774.0,478.0,4,396400.0
-118.37,34.14,21.0,4670.0,1161.0,1914.0,1094.0,4,367700.0
-118.37,34.13,28.0,4287.0,627.0,1498.0,615.0,9,500001.0
-118.37,34.12,34.0,2821.0,399.0,843.0,391.0,12,500001.0
-118.37,34.11,42.0,5518.0,979.0,1863.0,957.0,9,500001.0
-118.37,34.09,38.0,4408.0,1295.0,1690.0,1229.0,3,300000.0
-118.37,34.09,38.0,1349.0,344.0,547.0,309.0,3,383300.0
-118.37,34.09,33.0,3180.0,865.0,1347.0,841.0,4,500001.0
-118.37,34.09,31.0,6348.0,1827.0,2559.0,1755.0,3,225000.0
-118.37,34.09,31.0,2697.0,706.0,1059.0,689.0,3,500001.0
-118.37,34.09,24.0,630.0,172.0,257.0,147.0,6,400000.0
-118.37,34.09,22.0,4247.0,1253.0,1766.0,1170.0,3,341700.0
-118.37,34.08,52.0,1466.0,254.0,600.0,253.0,6,393600.0
-118.37,34.08,52.0,1234.0,223.0,543.0,213.0,6,423700.0
-118.37,34.08,28.0,4376.0,1202.0,1847.0,1128.0,3,312500.0
-118.37,34.08,22.0,3008.0,938.0,1224.0,816.0,3,300000.0
-118.37,34.07,52.0,2203.0,437.0,899.0,384.0,4,486900.0
-118.37,34.07,52.0,2195.0,435.0,884.0,432.0,5,486400.0
-118.37,34.07,52.0,1084.0,247.0,468.0,255.0,3,474300.0
-118.37,34.07,50.0,2519.0,537.0,1117.0,516.0,4,405600.0
-118.37,34.07,44.0,2703.0,663.0,1045.0,619.0,3,287500.0
-118.37,34.07,39.0,2309.0,526.0,870.0,546.0,3,453400.0
-118.37,34.06,52.0,843.0,160.0,333.0,151.0,5,446000.0
-118.37,34.06,52.0,2402.0,506.0,878.0,464.0,4,500001.0
-118.37,34.06,52.0,1608.0,289.0,630.0,252.0,6,500001.0
-118.37,34.05,52.0,2346.0,437.0,1121.0,400.0,4,444300.0
-118.37,34.05,48.0,1266.0,234.0,539.0,222.0,4,275000.0
-118.37,34.05,41.0,2369.0,544.0,1252.0,522.0,3,296100.0
-118.37,34.05,35.0,2457.0,552.0,1159.0,523.0,3,345300.0
-118.37,34.04,52.0,1197.0,231.0,671.0,219.0,4,278500.0
-118.37,34.04,43.0,888.0,170.0,514.0,161.0,3,202800.0
-118.37,34.04,43.0,1465.0,278.0,727.0,290.0,4,289400.0
-118.37,34.04,42.0,1809.0,424.0,1094.0,382.0,3,143000.0
-118.37,34.04,25.0,542.0,161.0,442.0,131.0,2,333300.0
-118.37,34.03,43.0,1350.0,287.0,811.0,307.0,3,140900.0
-118.37,34.03,41.0,1425.0,285.0,838.0,296.0,4,188400.0
-118.37,34.03,39.0,213.0,44.0,138.0,52.0,2,196400.0
-118.37,34.03,37.0,1236.0,309.0,966.0,292.0,3,122200.0
-118.37,34.02,44.0,1944.0,458.0,981.0,377.0,3,193200.0
-118.37,34.02,33.0,2263.0,430.0,900.0,382.0,4,246800.0
-118.37,33.99,36.0,3228.0,543.0,1305.0,520.0,5,397000.0
-118.37,33.99,32.0,4018.0,564.0,1400.0,568.0,9,439100.0
-118.37,33.98,39.0,303.0,69.0,131.0,73.0,4,331800.0
-118.37,33.97,41.0,1833.0,355.0,847.0,348.0,6,287800.0
-118.37,33.97,32.0,6699.0,1781.0,2725.0,1544.0,3,285700.0
-118.37,33.97,26.0,6672.0,1729.0,3333.0,1557.0,3,179800.0
-118.37,33.97,21.0,3616.0,1060.0,2515.0,945.0,3,153100.0
-118.37,33.96,26.0,138.0,23.0,100.0,20.0,5,175000.0
-118.37,33.95,35.0,924.0,349.0,1376.0,358.0,2,262500.0
-118.37,33.95,32.0,1067.0,286.0,1053.0,277.0,3,181700.0
-118.37,33.94,29.0,2265.0,813.0,3425.0,781.0,2,149400.0
-118.37,33.93,46.0,1130.0,201.0,503.0,196.0,4,246300.0
-118.37,33.93,10.0,199.0,41.0,61.0,56.0,3,245800.0
-118.37,33.92,44.0,938.0,181.0,502.0,171.0,4,218300.0
-118.37,33.92,40.0,928.0,187.0,521.0,185.0,6,242700.0
-118.37,33.92,39.0,1073.0,206.0,556.0,204.0,5,245600.0
-118.37,33.92,36.0,1075.0,197.0,509.0,197.0,5,238900.0
-118.37,33.91,41.0,1869.0,427.0,1334.0,435.0,4,227800.0
-118.37,33.9,35.0,1651.0,269.0,707.0,252.0,6,294800.0
-118.37,33.9,32.0,332.0,103.0,177.0,102.0,3,256300.0
-118.37,33.89,21.0,2696.0,548.0,1142.0,473.0,6,356800.0
-118.37,33.88,44.0,1325.0,245.0,669.0,253.0,4,324000.0
-118.37,33.88,27.0,1688.0,331.0,811.0,327.0,5,334200.0
-118.37,33.88,26.0,2620.0,530.0,1282.0,525.0,4,340700.0
-118.37,33.88,21.0,966.0,172.0,417.0,158.0,6,342600.0
-118.37,33.87,23.0,1829.0,331.0,891.0,356.0,7,359900.0
-118.37,33.87,19.0,757.0,148.0,361.0,141.0,6,304200.0
-118.37,33.87,18.0,2516.0,485.0,1128.0,433.0,5,338600.0
-118.37,33.87,13.0,2907.0,726.0,1573.0,694.0,4,294000.0
-118.37,33.86,28.0,2685.0,581.0,1243.0,529.0,4,324000.0
-118.37,33.85,34.0,2415.0,404.0,1278.0,414.0,6,341200.0
-118.37,33.85,29.0,3662.0,586.0,1626.0,611.0,6,410000.0
-118.37,33.85,25.0,5622.0,998.0,2537.0,1009.0,6,395300.0
-118.37,33.84,32.0,1751.0,328.0,819.0,323.0,7,339000.0
-118.37,33.84,27.0,3245.0,605.0,1572.0,556.0,5,379000.0
-118.37,33.83,35.0,1207.0,207.0,601.0,213.0,5,353400.0
-118.37,33.82,39.0,2794.0,444.0,1319.0,441.0,6,387800.0
-118.37,33.82,36.0,2463.0,447.0,1125.0,424.0,6,352700.0
-118.37,33.82,36.0,2416.0,394.0,1115.0,386.0,6,366900.0
-118.37,33.82,32.0,2815.0,607.0,1338.0,609.0,5,381200.0
-118.37,33.81,36.0,2031.0,339.0,817.0,337.0,5,458300.0
-118.37,33.81,36.0,1283.0,209.0,563.0,209.0,7,500001.0
-118.37,33.81,33.0,5057.0,790.0,2021.0,748.0,7,482200.0
-118.37,33.79,36.0,1596.0,234.0,654.0,223.0,8,500001.0
-118.37,33.77,26.0,6339.0,876.0,2540.0,880.0,10,500001.0
-118.38,34.3,39.0,1622.0,355.0,903.0,314.0,4,183000.0
-118.38,34.22,20.0,1176.0,344.0,864.0,318.0,2,177700.0
-118.38,34.21,42.0,715.0,145.0,730.0,158.0,4,169500.0
-118.38,34.21,38.0,1363.0,395.0,1798.0,405.0,2,171200.0
-118.38,34.21,35.0,1468.0,303.0,1295.0,300.0,4,170600.0
-118.38,34.21,33.0,1981.0,484.0,1665.0,466.0,3,179100.0
-118.38,34.2,32.0,993.0,285.0,1044.0,248.0,2,187500.0
-118.38,34.2,23.0,4138.0,1171.0,3911.0,1068.0,3,181700.0
-118.38,34.19,42.0,1308.0,289.0,950.0,302.0,3,181500.0
-118.38,34.19,37.0,1434.0,394.0,1667.0,404.0,2,176300.0
-118.38,34.19,30.0,977.0,264.0,736.0,258.0,2,177400.0
-118.38,34.18,44.0,901.0,179.0,473.0,179.0,3,186400.0
-118.38,34.18,40.0,2079.0,568.0,1396.0,526.0,3,190800.0
-118.38,34.18,27.0,4834.0,1527.0,3847.0,1432.0,2,165300.0
-118.38,34.18,24.0,1983.0,651.0,2251.0,574.0,2,200000.0
-118.38,34.17,33.0,1588.0,454.0,739.0,392.0,3,238500.0
-118.38,34.16,46.0,2609.0,593.0,1055.0,585.0,3,309400.0
-118.38,34.16,42.0,2358.0,546.0,1065.0,523.0,3,320600.0
-118.38,34.16,31.0,2197.0,501.0,944.0,474.0,4,319400.0
-118.38,34.15,36.0,2933.0,619.0,1115.0,579.0,4,365900.0
-118.38,34.14,42.0,1253.0,225.0,492.0,224.0,8,386700.0
-118.38,34.11,38.0,2601.0,523.0,870.0,474.0,7,416700.0
-118.38,34.1,39.0,3798.0,586.0,975.0,525.0,9,500001.0
-118.38,34.09,24.0,8264.0,2437.0,3148.0,2274.0,4,281300.0
-118.38,34.08,48.0,1226.0,288.0,370.0,264.0,4,450000.0
-118.38,34.08,30.0,4524.0,1312.0,1910.0,1243.0,3,335300.0
-118.38,34.08,25.0,4625.0,1307.0,1739.0,1191.0,3,485000.0
-118.38,34.07,48.0,2799.0,596.0,1235.0,561.0,4,500001.0
-118.38,34.07,21.0,3653.0,956.0,1510.0,890.0,4,500001.0
-118.38,34.07,16.0,4814.0,1381.0,1897.0,1209.0,3,375000.0
-118.38,34.06,52.0,1311.0,217.0,578.0,205.0,8,500001.0
-118.38,34.06,50.0,1509.0,291.0,690.0,259.0,6,500001.0
-118.38,34.06,31.0,4345.0,1158.0,1987.0,1070.0,3,310000.0
-118.38,34.06,28.0,2522.0,616.0,991.0,574.0,3,362500.0
-118.38,34.06,25.0,2558.0,661.0,1183.0,636.0,4,500000.0
-118.38,34.05,52.0,2053.0,480.0,900.0,417.0,3,417900.0
-118.38,34.05,52.0,1241.0,210.0,526.0,214.0,4,334100.0
-118.38,34.05,52.0,1004.0,231.0,590.0,226.0,4,351000.0
-118.38,34.05,40.0,2352.0,598.0,1133.0,563.0,3,287500.0
-118.38,34.04,45.0,767.0,130.0,254.0,118.0,6,340400.0
-118.38,34.04,39.0,2614.0,569.0,1665.0,553.0,3,271600.0
-118.38,34.04,35.0,2237.0,592.0,1794.0,543.0,2,207700.0
-118.38,34.04,31.0,2846.0,727.0,2120.0,672.0,3,254200.0
-118.38,34.03,44.0,1913.0,441.0,1295.0,432.0,4,266400.0
-118.38,34.03,43.0,912.0,255.0,705.0,246.0,3,185700.0
-118.38,34.03,36.0,2101.0,569.0,1756.0,527.0,3,222100.0
-118.38,34.02,45.0,2098.0,486.0,1343.0,481.0,4,268600.0
-118.38,34.02,31.0,1893.0,450.0,819.0,426.0,4,140600.0
-118.38,34.01,18.0,9528.0,2075.0,3922.0,1920.0,5,304100.0
-118.38,33.99,21.0,11308.0,3039.0,5127.0,2839.0,5,228300.0
-118.38,33.97,42.0,1859.0,337.0,813.0,326.0,6,294500.0
-118.38,33.96,44.0,2395.0,458.0,1287.0,450.0,5,299000.0
-118.38,33.95,35.0,3259.0,967.0,2003.0,920.0,3,400000.0
-118.38,33.95,29.0,1821.0,588.0,1397.0,523.0,3,187500.0
-118.38,33.88,39.0,1489.0,282.0,743.0,270.0,5,456100.0
-118.38,33.88,36.0,2501.0,443.0,1031.0,422.0,5,442100.0
-118.38,33.88,34.0,1830.0,315.0,822.0,307.0,5,453700.0
-118.38,33.88,33.0,1313.0,244.0,561.0,217.0,5,359400.0
-118.38,33.88,27.0,3039.0,606.0,1421.0,564.0,6,345500.0
-118.38,33.87,33.0,1993.0,371.0,918.0,361.0,7,337600.0
-118.38,33.87,27.0,2287.0,491.0,1101.0,466.0,5,316900.0
-118.38,33.87,23.0,2387.0,418.0,1008.0,415.0,6,337900.0
-118.38,33.87,21.0,4151.0,1018.0,2054.0,925.0,5,292900.0
-118.38,33.87,17.0,2791.0,579.0,1467.0,583.0,6,321900.0
-118.38,33.86,29.0,2787.0,475.0,1182.0,444.0,7,352700.0
-118.38,33.86,15.0,1778.0,311.0,908.0,330.0,8,329300.0
-118.38,33.85,31.0,3533.0,729.0,1647.0,679.0,6,384600.0
-118.38,33.85,28.0,4430.0,928.0,2131.0,885.0,5,378100.0
-118.38,33.84,25.0,5775.0,1149.0,2637.0,1117.0,5,379800.0
-118.38,33.83,40.0,3070.0,570.0,1264.0,506.0,5,432700.0
-118.38,33.83,35.0,2152.0,454.0,902.0,414.0,5,427200.0
-118.38,33.83,20.0,2270.0,498.0,1070.0,521.0,4,384800.0
-118.38,33.82,38.0,1318.0,237.0,547.0,225.0,6,416700.0
-118.38,33.82,34.0,1822.0,364.0,750.0,366.0,6,500001.0
-118.38,33.81,41.0,1889.0,301.0,802.0,278.0,6,488500.0
-118.38,33.81,39.0,2400.0,373.0,877.0,372.0,6,500001.0
-118.38,33.81,36.0,1018.0,148.0,329.0,169.0,11,500001.0
-118.38,33.81,33.0,2349.0,407.0,954.0,373.0,6,483600.0
-118.38,33.81,20.0,1975.0,306.0,703.0,292.0,9,410300.0
-118.38,33.8,36.0,4421.0,702.0,1433.0,624.0,8,500001.0
-118.38,33.79,32.0,10445.0,1620.0,4474.0,1576.0,8,500001.0
-118.38,33.77,21.0,11353.0,1537.0,4649.0,1504.0,10,500001.0
-118.38,33.75,23.0,8277.0,1290.0,3176.0,1159.0,8,500001.0
-118.39,37.37,25.0,3295.0,824.0,1477.0,770.0,2,105800.0
-118.39,34.28,24.0,4694.0,820.0,3566.0,777.0,4,166200.0
-118.39,34.22,40.0,712.0,149.0,533.0,155.0,4,165200.0
-118.39,34.22,35.0,1790.0,334.0,1277.0,345.0,5,186800.0
-118.39,34.21,32.0,1869.0,441.0,1516.0,432.0,4,178500.0
-118.39,34.21,14.0,2807.0,868.0,2729.0,803.0,3,172400.0
-118.39,34.2,19.0,2012.0,732.0,3483.0,731.0,2,181300.0
-118.39,34.2,17.0,2594.0,1028.0,3950.0,973.0,2,177200.0
-118.39,34.19,41.0,2000.0,485.0,1439.0,461.0,3,192000.0
-118.39,34.19,25.0,3794.0,989.0,2454.0,876.0,3,204200.0
-118.39,34.19,23.0,1875.0,710.0,2555.0,657.0,2,162500.0
-118.39,34.18,44.0,477.0,91.0,220.0,112.0,3,223800.0
-118.39,34.18,42.0,1957.0,389.0,985.0,414.0,3,240200.0
-118.39,34.17,40.0,1696.0,372.0,835.0,385.0,4,222400.0
-118.39,34.17,28.0,2790.0,748.0,1351.0,697.0,3,283600.0
-118.39,34.17,26.0,6429.0,1611.0,2806.0,1491.0,3,265200.0
-118.39,34.17,26.0,3345.0,818.0,1599.0,773.0,3,241500.0
-118.39,34.16,46.0,1582.0,279.0,603.0,283.0,5,414300.0
-118.39,34.16,37.0,1388.0,286.0,547.0,258.0,5,444700.0
-118.39,34.16,20.0,4084.0,1062.0,1637.0,987.0,3,256300.0
-118.39,34.15,36.0,2696.0,713.0,905.0,659.0,3,373500.0
-118.39,34.15,29.0,917.0,181.0,379.0,183.0,3,425000.0
-118.39,34.15,29.0,3110.0,650.0,1212.0,642.0,4,394400.0
-118.39,34.14,34.0,4624.0,781.0,1572.0,719.0,7,500001.0
-118.39,34.14,19.0,5076.0,1034.0,2021.0,960.0,6,309200.0
-118.39,34.09,41.0,730.0,126.0,230.0,125.0,4,500001.0
-118.39,34.09,28.0,2347.0,608.0,785.0,548.0,4,425000.0
-118.39,34.09,27.0,4312.0,1214.0,1634.0,1097.0,4,362500.0
-118.39,34.08,52.0,3759.0,464.0,1407.0,422.0,15,500001.0
-118.39,34.08,52.0,1244.0,304.0,444.0,282.0,4,430800.0
-118.39,34.08,28.0,833.0,230.0,349.0,210.0,3,375000.0
-118.39,34.07,45.0,3143.0,553.0,1153.0,564.0,6,500001.0
-118.39,34.06,52.0,1213.0,194.0,503.0,194.0,8,500001.0
-118.39,34.06,39.0,3299.0,831.0,1649.0,759.0,3,500001.0
-118.39,34.06,37.0,2975.0,705.0,1291.0,654.0,5,500001.0
-118.39,34.05,47.0,1621.0,314.0,724.0,311.0,6,474100.0
-118.39,34.05,42.0,3105.0,559.0,1253.0,531.0,5,500001.0
-118.39,34.05,42.0,1467.0,203.0,577.0,204.0,7,500001.0
-118.39,34.05,25.0,2814.0,701.0,1139.0,658.0,4,460000.0
-118.39,34.04,52.0,1492.0,277.0,666.0,289.0,5,340400.0
-118.39,34.04,49.0,1230.0,279.0,669.0,269.0,4,308300.0
-118.39,34.04,45.0,2089.0,312.0,834.0,305.0,7,500001.0
-118.39,34.04,44.0,1873.0,286.0,635.0,283.0,6,461300.0
-118.39,34.04,41.0,101.0,23.0,85.0,30.0,4,237500.0
-118.39,34.03,39.0,1366.0,375.0,1237.0,370.0,4,230900.0
-118.39,34.03,28.0,1722.0,536.0,1161.0,481.0,3,232500.0
-118.39,34.03,19.0,1450.0,509.0,746.0,437.0,3,55000.0
-118.39,34.02,45.0,1577.0,421.0,1042.0,375.0,3,314500.0
-118.39,34.02,38.0,2521.0,647.0,1091.0,597.0,4,322900.0
-118.39,34.02,38.0,2447.0,636.0,1312.0,574.0,4,279400.0
-118.39,34.01,35.0,4424.0,918.0,2101.0,888.0,4,355100.0
-118.39,34.01,25.0,1101.0,285.0,543.0,294.0,2,340600.0
-118.39,34.0,40.0,1565.0,269.0,826.0,268.0,5,485700.0
-118.39,34.0,35.0,1465.0,386.0,1104.0,345.0,4,339100.0
-118.39,33.99,43.0,612.0,135.0,402.0,142.0,5,314900.0
-118.39,33.97,44.0,1097.0,186.0,513.0,185.0,6,361400.0
-118.39,33.97,43.0,2700.0,510.0,1146.0,506.0,5,345900.0
-118.39,33.97,38.0,993.0,175.0,374.0,180.0,6,357200.0
-118.39,33.96,45.0,1361.0,252.0,581.0,263.0,6,340700.0
-118.39,33.92,41.0,80.0,20.0,61.0,23.0,5,247200.0
-118.39,33.9,7.0,4314.0,725.0,1699.0,718.0,8,500001.0
-118.39,33.89,40.0,826.0,143.0,389.0,147.0,7,438100.0
-118.39,33.89,38.0,1851.0,332.0,750.0,314.0,7,422700.0
-118.39,33.89,30.0,2532.0,464.0,1056.0,419.0,6,460400.0
-118.39,33.88,35.0,1267.0,216.0,521.0,191.0,6,470000.0
-118.39,33.88,34.0,1973.0,367.0,843.0,345.0,6,472700.0
-118.39,33.88,33.0,2496.0,387.0,1098.0,404.0,8,474300.0
-118.39,33.88,31.0,1448.0,244.0,607.0,259.0,8,500001.0
-118.39,33.87,34.0,2395.0,469.0,1087.0,438.0,6,394600.0
-118.39,33.87,19.0,3303.0,584.0,1329.0,569.0,8,340400.0
-118.39,33.86,34.0,2361.0,442.0,915.0,437.0,6,392400.0
-118.39,33.86,28.0,3619.0,764.0,1735.0,789.0,6,368400.0
-118.39,33.86,24.0,2386.0,582.0,1152.0,568.0,5,400700.0
-118.39,33.85,24.0,4373.0,871.0,1830.0,824.0,6,366200.0
-118.39,33.85,17.0,1610.0,379.0,670.0,341.0,4,349000.0
-118.39,33.83,32.0,2075.0,539.0,954.0,519.0,6,500001.0
-118.39,33.81,35.0,1008.0,165.0,391.0,167.0,4,487500.0
-118.39,33.71,18.0,1193.0,233.0,475.0,228.0,8,500001.0
-118.4,37.36,34.0,2465.0,619.0,1172.0,575.0,2,116100.0
-118.4,34.7,10.0,4122.0,814.0,2164.0,710.0,4,151600.0
-118.4,34.41,22.0,4443.0,560.0,1573.0,496.0,10,500001.0
-118.4,34.28,16.0,6573.0,1480.0,6161.0,1473.0,3,154900.0
-118.4,34.26,13.0,4379.0,872.0,2560.0,853.0,4,154300.0
-118.4,34.25,13.0,1872.0,497.0,1927.0,432.0,2,134200.0
-118.4,34.24,35.0,2552.0,545.0,1850.0,503.0,5,179500.0
-118.4,34.23,37.0,1404.0,266.0,889.0,274.0,4,190000.0
-118.4,34.23,36.0,1643.0,349.0,1414.0,337.0,4,172700.0
-118.4,34.22,43.0,1220.0,222.0,729.0,230.0,4,186300.0
-118.4,34.21,45.0,972.0,181.0,554.0,187.0,5,181300.0
-118.4,34.21,30.0,2453.0,544.0,1753.0,506.0,3,191500.0
-118.4,34.2,30.0,2392.0,655.0,1987.0,609.0,3,226400.0
-118.4,34.2,13.0,4859.0,1293.0,3351.0,1200.0,4,211900.0
-118.4,34.19,37.0,934.0,231.0,587.0,230.0,4,181300.0
-118.4,34.19,35.0,2180.0,599.0,1483.0,574.0,3,191300.0
-118.4,34.19,35.0,1631.0,356.0,862.0,368.0,4,261800.0
-118.4,34.18,32.0,3724.0,899.0,1912.0,791.0,4,312700.0
-118.4,34.17,27.0,3588.0,911.0,1891.0,871.0,3,286000.0
-118.4,34.17,24.0,6347.0,1548.0,2945.0,1492.0,3,221500.0
-118.4,34.17,24.0,4443.0,1283.0,2421.0,1180.0,2,269200.0
-118.4,34.16,45.0,1176.0,250.0,471.0,228.0,2,364700.0
-118.4,34.16,35.0,1354.0,284.0,501.0,262.0,4,384700.0
-118.4,34.16,34.0,2638.0,580.0,1150.0,551.0,4,364700.0
-118.4,34.15,44.0,2515.0,510.0,967.0,484.0,5,374500.0
-118.4,34.15,41.0,2394.0,500.0,837.0,417.0,4,380400.0
-118.4,34.15,31.0,3881.0,909.0,1535.0,846.0,3,369100.0
-118.4,34.14,52.0,1695.0,281.0,595.0,264.0,6,399300.0
-118.4,34.14,45.0,417.0,89.0,187.0,88.0,5,360700.0
-118.4,34.13,32.0,8262.0,1156.0,2712.0,1125.0,11,500001.0
-118.4,34.11,32.0,5578.0,753.0,1567.0,697.0,15,500001.0
-118.4,34.1,27.0,3979.0,510.0,1351.0,520.0,15,500001.0
-118.4,34.09,45.0,2686.0,283.0,857.0,259.0,15,500001.0
-118.4,34.08,52.0,3815.0,439.0,1266.0,413.0,15,500001.0
-118.4,34.07,22.0,2170.0,593.0,850.0,520.0,3,500001.0
-118.4,34.06,52.0,2501.0,362.0,748.0,349.0,7,500001.0
-118.4,34.06,52.0,1871.0,326.0,646.0,284.0,8,500001.0
-118.4,34.06,47.0,3652.0,967.0,1438.0,887.0,4,500001.0
-118.4,34.06,37.0,3781.0,873.0,1725.0,838.0,4,500001.0
-118.4,34.05,43.0,1028.0,145.0,394.0,149.0,10,500001.0
-118.4,34.05,34.0,2113.0,459.0,859.0,432.0,4,500001.0
-118.4,34.05,26.0,4473.0,923.0,1518.0,805.0,5,500001.0
-118.4,34.04,40.0,2079.0,268.0,720.0,282.0,9,500001.0
-118.4,34.03,36.0,1831.0,296.0,871.0,269.0,8,500001.0
-118.4,34.03,24.0,1101.0,318.0,491.0,287.0,3,319400.0
-118.4,34.03,13.0,6152.0,1978.0,3397.0,1845.0,3,275000.0
-118.4,34.02,27.0,515.0,201.0,397.0,228.0,2,184400.0
-118.4,34.02,19.0,7297.0,2331.0,3870.0,2144.0,3,300000.0
-118.4,34.01,48.0,1427.0,253.0,693.0,268.0,6,351600.0
-118.4,34.01,44.0,1494.0,262.0,618.0,266.0,5,356300.0
-118.4,34.0,44.0,2122.0,385.0,1012.0,367.0,5,344300.0
-118.4,34.0,37.0,1534.0,258.0,751.0,259.0,5,336000.0
-118.4,34.0,34.0,1816.0,335.0,872.0,339.0,5,329400.0
-118.4,33.99,36.0,1280.0,240.0,704.0,217.0,6,328100.0
-118.4,33.99,36.0,1225.0,213.0,591.0,227.0,5,326700.0
-118.4,33.98,39.0,714.0,118.0,314.0,117.0,6,432100.0
-118.4,33.98,36.0,2526.0,452.0,996.0,441.0,6,456600.0
-118.4,33.97,44.0,2825.0,453.0,1221.0,461.0,6,377200.0
-118.4,33.97,38.0,1089.0,174.0,502.0,180.0,8,434800.0
-118.4,33.97,37.0,1364.0,248.0,494.0,242.0,5,456300.0
-118.4,33.97,35.0,913.0,161.0,451.0,172.0,6,411200.0
-118.4,33.96,44.0,1877.0,314.0,877.0,320.0,7,363600.0
-118.4,33.96,43.0,2416.0,454.0,1028.0,409.0,6,330700.0
-118.4,33.93,35.0,2217.0,447.0,1000.0,450.0,5,376100.0
-118.4,33.92,32.0,2828.0,629.0,1313.0,534.0,5,363800.0
-118.4,33.92,25.0,1453.0,271.0,695.0,283.0,6,345800.0
-118.4,33.9,38.0,2868.0,466.0,1098.0,438.0,8,477100.0
-118.4,33.9,34.0,2674.0,435.0,1087.0,431.0,7,492200.0
-118.4,33.89,36.0,2334.0,430.0,1033.0,407.0,7,481500.0
-118.4,33.89,36.0,2127.0,314.0,807.0,306.0,8,500001.0
-118.4,33.89,31.0,2926.0,492.0,1149.0,476.0,8,500001.0
-118.4,33.88,42.0,1516.0,341.0,634.0,327.0,6,472700.0
-118.4,33.88,36.0,3022.0,482.0,1278.0,494.0,7,500001.0
-118.4,33.88,36.0,1543.0,214.0,474.0,187.0,9,500001.0
-118.4,33.88,35.0,1753.0,296.0,615.0,275.0,8,500001.0
-118.4,33.88,35.0,1060.0,191.0,444.0,196.0,8,500001.0
-118.4,33.87,45.0,2093.0,497.0,842.0,472.0,6,500001.0
-118.4,33.87,40.0,1679.0,372.0,719.0,385.0,6,479500.0
-118.4,33.87,38.0,2398.0,431.0,911.0,392.0,5,500001.0
-118.4,33.87,34.0,3145.0,786.0,1352.0,727.0,5,469800.0
-118.4,33.86,41.0,2237.0,597.0,938.0,523.0,5,500001.0
-118.4,33.86,18.0,5152.0,1365.0,2286.0,1243.0,5,380800.0
-118.4,33.85,29.0,2085.0,533.0,919.0,489.0,6,430000.0
-118.4,33.78,26.0,5005.0,776.0,2357.0,790.0,9,500001.0
-118.4,33.78,24.0,4787.0,562.0,1653.0,548.0,13,500001.0
-118.41,35.63,15.0,5907.0,1257.0,2310.0,1001.0,2,96900.0
-118.41,34.32,18.0,6572.0,1105.0,3473.0,1067.0,5,203400.0
-118.41,34.3,28.0,3187.0,569.0,2205.0,559.0,5,187400.0
-118.41,34.29,35.0,1008.0,204.0,1162.0,215.0,3,147600.0
-118.41,34.29,32.0,1591.0,320.0,1818.0,306.0,4,145800.0
-118.41,34.28,32.0,2574.0,531.0,2609.0,472.0,4,146700.0
-118.41,34.27,38.0,858.0,203.0,1250.0,204.0,3,137900.0
-118.41,34.26,38.0,870.0,205.0,1065.0,222.0,3,136100.0
-118.41,34.25,36.0,1146.0,259.0,1173.0,272.0,4,153800.0
-118.41,34.25,19.0,280.0,84.0,483.0,87.0,2,137500.0
-118.41,34.25,18.0,3447.0,857.0,3663.0,817.0,3,157100.0
-118.41,34.24,38.0,490.0,101.0,402.0,100.0,3,175900.0
-118.41,34.23,35.0,1026.0,195.0,753.0,185.0,5,179200.0
-118.41,34.21,35.0,2830.0,518.0,1577.0,524.0,5,210500.0
-118.41,34.2,32.0,2734.0,654.0,2209.0,610.0,4,217200.0
-118.41,34.19,45.0,1106.0,225.0,595.0,228.0,4,190700.0
-118.41,34.19,37.0,1993.0,425.0,939.0,400.0,3,224600.0
-118.41,34.18,43.0,1840.0,356.0,966.0,323.0,5,237900.0
-118.41,34.18,35.0,2785.0,663.0,1631.0,614.0,4,276100.0
-118.41,34.18,30.0,2008.0,513.0,1052.0,496.0,3,262200.0
-118.41,34.17,27.0,3277.0,648.0,1382.0,615.0,4,366100.0
-118.41,34.16,32.0,3060.0,505.0,1159.0,510.0,6,465800.0
-118.41,34.16,14.0,577.0,150.0,372.0,130.0,4,275000.0
-118.41,34.15,46.0,1628.0,259.0,500.0,258.0,6,424000.0
-118.41,34.15,33.0,4032.0,868.0,1695.0,869.0,4,425900.0
-118.41,34.15,24.0,3891.0,866.0,1568.0,830.0,4,364700.0
-118.41,34.07,52.0,3562.0,394.0,1163.0,361.0,15,500001.0
-118.41,34.07,47.0,2979.0,626.0,1076.0,571.0,4,500001.0
-118.41,34.06,43.0,4994.0,1057.0,1830.0,969.0,6,500001.0
-118.41,34.06,43.0,2665.0,556.0,1015.0,506.0,4,500001.0
-118.41,34.05,16.0,9728.0,2211.0,3026.0,1899.0,6,500001.0
-118.41,34.04,52.0,2113.0,332.0,800.0,327.0,11,500001.0
-118.41,34.04,52.0,1907.0,261.0,681.0,249.0,11,500001.0
-118.41,34.04,49.0,601.0,95.0,228.0,106.0,8,500001.0
-118.41,34.03,33.0,1730.0,386.0,994.0,363.0,4,500001.0
-118.41,34.03,26.0,4376.0,1394.0,2435.0,1250.0,3,327300.0
-118.41,34.03,24.0,3711.0,1192.0,1764.0,1147.0,3,366700.0
-118.41,34.03,20.0,4374.0,1311.0,2165.0,1185.0,4,463600.0
-118.41,34.02,35.0,1728.0,442.0,1161.0,420.0,4,310000.0
-118.41,34.02,34.0,1430.0,357.0,805.0,362.0,3,307000.0
-118.41,34.02,27.0,2224.0,618.0,1594.0,625.0,3,315500.0
-118.41,34.02,19.0,4702.0,1472.0,2636.0,1334.0,3,225000.0
-118.41,34.02,16.0,5825.0,1866.0,3390.0,1752.0,3,320000.0
-118.41,34.01,44.0,2010.0,394.0,961.0,365.0,5,333500.0
-118.41,34.01,43.0,2000.0,529.0,1290.0,514.0,5,302500.0
-118.41,34.01,33.0,3306.0,974.0,2475.0,924.0,3,285300.0
-118.41,34.01,26.0,2503.0,449.0,1218.0,426.0,5,500001.0
-118.41,34.0,37.0,1426.0,259.0,689.0,261.0,6,331000.0
-118.41,34.0,35.0,684.0,161.0,381.0,159.0,3,272000.0
-118.41,34.0,30.0,3550.0,934.0,3738.0,880.0,3,271200.0
-118.41,34.0,18.0,1307.0,441.0,884.0,456.0,3,276300.0
-118.41,33.97,44.0,2298.0,388.0,849.0,360.0,6,363500.0
-118.41,33.97,43.0,1464.0,224.0,581.0,232.0,6,365900.0
-118.41,33.97,37.0,1629.0,275.0,668.0,266.0,6,387200.0
-118.41,33.96,44.0,1802.0,306.0,753.0,282.0,6,356000.0
-118.41,33.96,15.0,412.0,128.0,310.0,137.0,4,266700.0
-118.41,33.94,45.0,2038.0,394.0,1086.0,387.0,5,289600.0
-118.41,33.93,38.0,3328.0,625.0,1455.0,619.0,5,363900.0
-118.41,33.93,22.0,2514.0,605.0,1225.0,568.0,4,339700.0
-118.41,33.92,38.0,1437.0,272.0,590.0,250.0,5,358000.0
-118.41,33.92,32.0,2590.0,607.0,1132.0,555.0,4,358000.0
-118.41,33.92,29.0,1436.0,401.0,674.0,343.0,4,275000.0
-118.41,33.92,22.0,2340.0,584.0,1141.0,554.0,5,337500.0
-118.41,33.9,39.0,2311.0,404.0,1044.0,380.0,8,472100.0
-118.41,33.9,39.0,2040.0,336.0,926.0,351.0,8,500001.0
-118.41,33.89,38.0,4166.0,828.0,1600.0,770.0,6,500001.0
-118.41,33.89,35.0,1194.0,292.0,507.0,295.0,9,500001.0
-118.41,33.89,34.0,2959.0,639.0,1143.0,593.0,6,500001.0
-118.41,33.89,31.0,702.0,161.0,236.0,144.0,5,500001.0
-118.41,33.89,31.0,1428.0,320.0,677.0,331.0,7,500001.0
-118.41,33.88,43.0,2492.0,449.0,1033.0,437.0,8,500001.0
-118.41,33.88,34.0,540.0,107.0,213.0,104.0,6,500001.0
-118.41,33.88,34.0,1471.0,308.0,498.0,264.0,7,500001.0
-118.41,33.77,22.0,7554.0,991.0,2808.0,946.0,10,500001.0
-118.41,33.75,4.0,311.0,51.0,128.0,46.0,10,500001.0
-118.42,37.36,18.0,2281.0,520.0,1425.0,465.0,2,54400.0
-118.42,37.35,21.0,3302.0,557.0,1413.0,520.0,4,180400.0
-118.42,34.32,30.0,3027.0,604.0,1970.0,590.0,4,156000.0
-118.42,34.3,29.0,3334.0,712.0,2919.0,718.0,4,180300.0
-118.42,34.29,34.0,1489.0,326.0,1389.0,313.0,3,160300.0
-118.42,34.28,35.0,822.0,200.0,1197.0,203.0,3,133300.0
-118.42,34.28,34.0,1999.0,427.0,2391.0,439.0,3,144300.0
-118.42,34.28,29.0,1271.0,272.0,1338.0,266.0,4,150000.0
-118.42,34.27,37.0,1024.0,246.0,1371.0,239.0,3,147500.0
-118.42,34.27,35.0,674.0,153.0,808.0,173.0,3,147800.0
-118.42,34.27,33.0,1209.0,341.0,1097.0,283.0,2,134300.0
-118.42,34.26,36.0,973.0,221.0,1086.0,218.0,3,143300.0
-118.42,34.25,36.0,1430.0,331.0,1502.0,312.0,4,145200.0
-118.42,34.24,36.0,1181.0,220.0,775.0,218.0,5,183800.0
-118.42,34.24,35.0,1507.0,281.0,1025.0,286.0,5,177200.0
-118.42,34.24,17.0,2049.0,548.0,2243.0,541.0,3,163700.0
-118.42,34.23,34.0,1550.0,279.0,1011.0,288.0,5,189000.0
-118.42,34.23,33.0,2478.0,457.0,1567.0,446.0,6,186700.0
-118.42,34.22,34.0,3004.0,589.0,1938.0,568.0,4,198600.0
-118.42,34.22,29.0,1807.0,323.0,1234.0,310.0,5,233000.0
-118.42,34.21,29.0,2893.0,543.0,1636.0,540.0,5,237400.0
-118.42,34.2,34.0,161.0,48.0,66.0,33.0,1,187500.0
-118.42,34.2,27.0,3201.0,970.0,3403.0,948.0,2,231700.0
-118.42,34.2,24.0,3148.0,908.0,2850.0,839.0,2,221500.0
-118.42,34.19,34.0,2622.0,572.0,1997.0,573.0,3,222500.0
-118.42,34.19,33.0,3353.0,790.0,2318.0,775.0,2,269700.0
-118.42,34.19,33.0,3285.0,830.0,2281.0,786.0,3,230800.0
-118.42,34.18,40.0,1013.0,150.0,449.0,166.0,6,382400.0
-118.42,34.18,31.0,2887.0,646.0,1626.0,637.0,4,335500.0
-118.42,34.18,30.0,1323.0,353.0,856.0,333.0,3,202200.0
-118.42,34.18,27.0,3760.0,880.0,2022.0,812.0,3,225600.0
-118.42,34.17,31.0,2235.0,363.0,914.0,370.0,6,359700.0
-118.42,34.16,46.0,54.0,9.0,20.0,6.0,1,375000.0
-118.42,34.16,28.0,4664.0,1040.0,1963.0,961.0,4,367900.0
-118.42,34.16,25.0,2769.0,566.0,1201.0,545.0,4,386100.0
-118.42,34.16,17.0,277.0,70.0,119.0,59.0,4,341700.0
-118.42,34.15,48.0,680.0,131.0,268.0,126.0,5,371400.0
-118.42,34.15,31.0,1861.0,430.0,736.0,360.0,5,355900.0
-118.42,34.15,18.0,1880.0,420.0,681.0,333.0,4,372300.0
-118.42,34.14,27.0,3990.0,892.0,1417.0,800.0,4,500001.0
-118.42,34.13,38.0,3830.0,518.0,1292.0,516.0,13,500001.0
-118.42,34.08,48.0,2413.0,261.0,770.0,248.0,15,500001.0
-118.42,34.08,46.0,1399.0,148.0,410.0,152.0,15,500001.0
-118.42,34.06,52.0,1881.0,334.0,640.0,321.0,7,500001.0
-118.42,34.06,44.0,533.0,90.0,291.0,97.0,11,500001.0
-118.42,34.06,40.0,2933.0,565.0,1077.0,536.0,6,500001.0
-118.42,34.05,38.0,4888.0,1126.0,1698.0,937.0,5,500001.0
-118.42,34.05,33.0,2921.0,652.0,1124.0,608.0,5,500001.0
-118.42,34.04,52.0,1358.0,272.0,574.0,267.0,6,500001.0
-118.42,34.04,51.0,1975.0,348.0,771.0,357.0,7,500001.0
-118.42,34.04,46.0,1508.0,276.0,639.0,273.0,5,409800.0
-118.42,34.03,45.0,1262.0,223.0,637.0,221.0,5,427300.0
-118.42,34.03,44.0,904.0,176.0,358.0,158.0,3,344200.0
-118.42,34.03,44.0,629.0,131.0,326.0,156.0,5,374300.0
-118.42,34.02,34.0,2995.0,942.0,2626.0,947.0,2,450000.0
-118.42,34.02,22.0,3292.0,1134.0,1655.0,898.0,3,348800.0
-118.42,34.02,21.0,3244.0,815.0,1423.0,781.0,4,340800.0
-118.42,34.01,42.0,1700.0,438.0,997.0,436.0,3,305000.0
-118.42,34.01,42.0,1594.0,369.0,952.0,362.0,3,335400.0
-118.42,34.01,33.0,2731.0,535.0,1280.0,510.0,5,420100.0
-118.42,34.01,32.0,1300.0,356.0,703.0,311.0,4,394000.0
-118.42,34.01,29.0,1996.0,489.0,960.0,449.0,4,344200.0
-118.42,34.0,45.0,1807.0,355.0,883.0,371.0,5,329800.0
-118.42,34.0,31.0,1930.0,456.0,1002.0,410.0,4,458600.0
-118.42,34.0,14.0,3771.0,1180.0,2355.0,978.0,3,287500.0
-118.42,33.99,38.0,740.0,171.0,599.0,194.0,4,248900.0
-118.42,33.99,35.0,1724.0,419.0,1079.0,394.0,5,263800.0
-118.42,33.99,35.0,1701.0,482.0,1428.0,494.0,4,284600.0
-118.42,33.98,3.0,475.0,155.0,236.0,153.0,4,450000.0
-118.42,33.97,44.0,1462.0,240.0,562.0,237.0,5,365200.0
-118.42,33.96,44.0,1282.0,216.0,494.0,209.0,6,365900.0
-118.42,33.96,24.0,4393.0,966.0,1257.0,579.0,5,356100.0
-118.42,33.93,39.0,2988.0,605.0,1466.0,610.0,5,341400.0
-118.42,33.93,28.0,4603.0,993.0,2191.0,943.0,5,382200.0
-118.42,33.92,41.0,1621.0,279.0,756.0,277.0,5,346000.0
-118.42,33.92,25.0,3521.0,852.0,1524.0,764.0,4,361300.0
-118.42,33.9,43.0,1394.0,321.0,552.0,296.0,6,500001.0
-118.42,33.9,37.0,1576.0,345.0,662.0,340.0,5,500001.0
-118.42,33.9,29.0,1929.0,523.0,686.0,455.0,6,500001.0
-118.42,33.85,43.0,1584.0,477.0,799.0,433.0,5,435000.0
-118.42,33.78,36.0,2093.0,303.0,802.0,300.0,8,500001.0
-118.42,33.75,22.0,17591.0,2604.0,6897.0,2492.0,8,500001.0
-118.43,37.4,19.0,2460.0,405.0,1225.0,425.0,4,141500.0
-118.43,34.43,5.0,21113.0,4386.0,9842.0,3886.0,4,194600.0
-118.43,34.42,13.0,3600.0,580.0,1799.0,576.0,6,218300.0
-118.43,34.33,18.0,5891.0,920.0,2882.0,911.0,6,235600.0
-118.43,34.32,34.0,2657.0,515.0,1948.0,532.0,4,157400.0
-118.43,34.3,33.0,2443.0,498.0,1601.0,484.0,4,146000.0
-118.43,34.3,28.0,271.0,61.0,246.0,62.0,2,164600.0
-118.43,34.29,50.0,1181.0,265.0,1196.0,269.0,3,167000.0
-118.43,34.29,39.0,1769.0,410.0,1499.0,390.0,3,153500.0
-118.43,34.29,38.0,1704.0,347.0,1384.0,374.0,3,155500.0
-118.43,34.29,38.0,1237.0,298.0,1073.0,293.0,4,154600.0
-118.43,34.28,30.0,1384.0,308.0,2054.0,301.0,3,142600.0
-118.43,34.28,27.0,862.0,280.0,1243.0,267.0,2,154200.0
-118.43,34.27,31.0,1130.0,276.0,1533.0,269.0,4,156800.0
-118.43,34.26,30.0,1246.0,373.0,1990.0,369.0,4,140900.0
-118.43,34.25,38.0,921.0,239.0,1023.0,241.0,3,151900.0
-118.43,34.25,35.0,1447.0,335.0,1630.0,306.0,3,143100.0
-118.43,34.25,32.0,2433.0,553.0,2318.0,532.0,4,159300.0
-118.43,34.24,36.0,1488.0,313.0,1221.0,296.0,4,171400.0
-118.43,34.24,36.0,1379.0,265.0,896.0,246.0,5,183800.0
-118.43,34.24,35.0,1488.0,293.0,1112.0,288.0,4,182500.0
-118.43,34.24,35.0,1416.0,261.0,995.0,272.0,4,178700.0
-118.43,34.23,37.0,1737.0,369.0,1061.0,356.0,4,173700.0
-118.43,34.23,35.0,2049.0,390.0,1286.0,385.0,4,181500.0
-118.43,34.23,35.0,1225.0,228.0,720.0,231.0,3,176500.0
-118.43,34.22,36.0,1372.0,295.0,774.0,306.0,4,187300.0
-118.43,34.22,34.0,2300.0,429.0,1447.0,455.0,4,233700.0
-118.43,34.21,26.0,2867.0,671.0,1955.0,640.0,4,226500.0
-118.43,34.21,17.0,3667.0,1209.0,2636.0,1054.0,2,175500.0
-118.43,34.2,28.0,3386.0,815.0,2240.0,737.0,3,290100.0
-118.43,34.2,20.0,4090.0,1271.0,2824.0,1053.0,3,140500.0
-118.43,34.19,27.0,3440.0,739.0,1827.0,712.0,4,245500.0
-118.43,34.18,33.0,2717.0,662.0,1546.0,597.0,4,267500.0
-118.43,34.18,25.0,3830.0,1105.0,2328.0,1017.0,3,210000.0
-118.43,34.18,22.0,2052.0,568.0,1254.0,572.0,3,271100.0
-118.43,34.17,42.0,777.0,102.0,284.0,113.0,11,500001.0
-118.43,34.17,37.0,1982.0,331.0,794.0,340.0,6,336900.0
-118.43,34.17,35.0,2922.0,507.0,1130.0,485.0,5,341800.0
-118.43,34.17,34.0,2180.0,424.0,906.0,429.0,4,353100.0
-118.43,34.17,32.0,3202.0,696.0,1573.0,621.0,3,292900.0
-118.43,34.16,41.0,2050.0,478.0,850.0,490.0,3,343400.0
-118.43,34.16,40.0,1134.0,184.0,452.0,187.0,5,333900.0
-118.43,34.16,34.0,2622.0,467.0,1233.0,476.0,4,379700.0
-118.43,34.16,34.0,2459.0,489.0,1139.0,463.0,4,353600.0
-118.43,34.15,42.0,1293.0,214.0,459.0,217.0,8,467600.0
-118.43,34.15,31.0,1856.0,425.0,795.0,426.0,3,360600.0
-118.43,34.15,28.0,6270.0,1706.0,2549.0,1497.0,3,295800.0
-118.43,34.15,26.0,2900.0,667.0,1090.0,590.0,4,447400.0
-118.43,34.14,44.0,1693.0,239.0,498.0,216.0,11,500001.0
-118.43,34.13,37.0,4400.0,695.0,1521.0,666.0,8,500001.0
-118.43,34.11,27.0,10806.0,1440.0,3511.0,1352.0,13,500001.0
-118.43,34.08,46.0,778.0,90.0,238.0,93.0,15,500001.0
-118.43,34.07,38.0,3251.0,656.0,1251.0,593.0,8,500001.0
-118.43,34.07,34.0,3203.0,483.0,949.0,439.0,10,500001.0
-118.43,34.06,41.0,1463.0,267.0,601.0,267.0,5,500001.0
-118.43,34.06,38.0,2982.0,664.0,1122.0,572.0,4,500001.0
-118.43,34.06,20.0,4600.0,1018.0,1675.0,932.0,5,500001.0
-118.43,34.06,11.0,3184.0,641.0,911.0,463.0,7,500001.0
-118.43,34.05,52.0,1693.0,290.0,727.0,305.0,7,500001.0
-118.43,34.05,24.0,3832.0,949.0,1613.0,893.0,4,477300.0
-118.43,34.05,22.0,4251.0,1073.0,1581.0,881.0,5,500001.0
-118.43,34.04,52.0,1782.0,308.0,735.0,307.0,5,485100.0
-118.43,34.04,42.0,2725.0,569.0,1115.0,516.0,5,427500.0
-118.43,34.03,45.0,1740.0,311.0,788.0,306.0,5,373600.0
-118.43,34.03,39.0,1733.0,429.0,855.0,387.0,3,340800.0
-118.43,34.03,26.0,1706.0,516.0,894.0,435.0,3,372700.0
-118.43,34.02,42.0,1528.0,244.0,634.0,242.0,8,500001.0
-118.43,34.02,38.0,2172.0,437.0,830.0,368.0,4,500001.0
-118.43,34.01,41.0,1527.0,279.0,746.0,285.0,6,446600.0
-118.43,34.01,31.0,2526.0,528.0,1046.0,504.0,5,500001.0
-118.43,34.01,27.0,3133.0,1021.0,2242.0,1002.0,3,412500.0
-118.43,34.0,37.0,1340.0,358.0,1008.0,340.0,4,314300.0
-118.43,34.0,30.0,2148.0,597.0,1341.0,559.0,3,324000.0
-118.43,34.0,28.0,6128.0,1963.0,3586.0,1815.0,3,310900.0
-118.43,33.99,45.0,1899.0,461.0,1260.0,415.0,3,320000.0
-118.43,33.99,43.0,2483.0,548.0,1212.0,493.0,4,302900.0
-118.43,33.99,42.0,2558.0,558.0,1328.0,541.0,5,301300.0
-118.43,33.99,35.0,2243.0,495.0,1135.0,465.0,4,324000.0
-118.43,33.98,19.0,8324.0,1590.0,2927.0,1538.0,8,351700.0
-118.43,33.97,16.0,70.0,7.0,17.0,4.0,8,500001.0
-118.43,33.96,38.0,1104.0,216.0,415.0,163.0,6,422000.0
-118.43,33.96,16.0,14891.0,3984.0,6270.0,3595.0,5,283200.0
-118.43,33.9,27.0,1536.0,377.0,553.0,326.0,5,500001.0
-118.43,33.87,41.0,847.0,173.0,344.0,170.0,7,500001.0
-118.43,33.86,34.0,358.0,87.0,162.0,84.0,7,500001.0
-118.43,33.83,19.0,6206.0,1611.0,2455.0,1472.0,5,420200.0
-118.43,33.82,34.0,2112.0,614.0,946.0,574.0,5,500001.0
-118.44,35.75,23.0,3166.0,700.0,1097.0,493.0,3,96000.0
-118.44,35.13,34.0,1170.0,290.0,602.0,266.0,2,80000.0
-118.44,35.13,21.0,1899.0,447.0,1133.0,391.0,2,67900.0
-118.44,34.5,5.0,1514.0,220.0,1355.0,215.0,8,359000.0
-118.44,34.32,14.0,6235.0,1286.0,3568.0,1190.0,4,211600.0
-118.44,34.31,22.0,3182.0,822.0,2661.0,746.0,3,160100.0
-118.44,34.29,35.0,2606.0,447.0,1555.0,404.0,5,193800.0
-118.44,34.29,32.0,1260.0,382.0,1434.0,342.0,2,122900.0
-118.44,34.29,30.0,1632.0,401.0,1357.0,401.0,3,160100.0
-118.44,34.28,47.0,843.0,194.0,800.0,180.0,3,151700.0
-118.44,34.28,46.0,11.0,11.0,24.0,13.0,3,162500.0
-118.44,34.28,38.0,1156.0,305.0,1359.0,289.0,3,137100.0
-118.44,34.28,37.0,944.0,244.0,1107.0,235.0,2,144100.0
-118.44,34.28,32.0,527.0,146.0,582.0,143.0,2,138800.0
-118.44,34.27,35.0,777.0,187.0,1022.0,186.0,3,139600.0
-118.44,34.27,29.0,1701.0,419.0,1616.0,371.0,3,142400.0
-118.44,34.26,34.0,325.0,60.0,433.0,83.0,6,174300.0
-118.44,34.26,34.0,1102.0,212.0,949.0,212.0,4,165100.0
-118.44,34.26,28.0,1077.0,288.0,1377.0,293.0,4,153900.0
-118.44,34.25,33.0,1121.0,231.0,1038.0,236.0,5,173700.0
-118.44,34.24,35.0,2344.0,435.0,1531.0,399.0,4,178200.0
-118.44,34.23,36.0,1730.0,387.0,1099.0,353.0,4,183100.0
-118.44,34.22,41.0,1582.0,399.0,1159.0,378.0,3,168600.0
-118.44,34.22,41.0,1030.0,214.0,664.0,223.0,4,183800.0
-118.44,34.22,39.0,1529.0,344.0,913.0,314.0,3,178200.0
-118.44,34.22,36.0,1191.0,266.0,718.0,248.0,3,178800.0
-118.44,34.21,37.0,1665.0,335.0,1011.0,343.0,5,185100.0
-118.44,34.21,20.0,5756.0,1477.0,4031.0,1369.0,3,221200.0
-118.44,34.2,36.0,2698.0,623.0,1544.0,554.0,3,234900.0
-118.44,34.2,35.0,1717.0,478.0,1628.0,495.0,3,225600.0
-118.44,34.2,17.0,2934.0,950.0,2517.0,889.0,3,232500.0
-118.44,34.19,37.0,1516.0,344.0,983.0,347.0,5,243600.0
-118.44,34.19,19.0,3487.0,959.0,2278.0,835.0,3,215500.0
-118.44,34.18,35.0,972.0,270.0,550.0,256.0,2,215000.0
-118.44,34.18,33.0,2127.0,414.0,1056.0,391.0,4,286100.0
-118.44,34.18,17.0,1546.0,592.0,2423.0,556.0,2,154200.0
-118.44,34.17,29.0,2685.0,642.0,1085.0,599.0,3,279400.0
-118.44,34.16,35.0,3080.0,642.0,1362.0,623.0,4,328500.0
-118.44,34.15,37.0,1335.0,286.0,539.0,279.0,3,301700.0
-118.44,34.15,29.0,5474.0,1457.0,2352.0,1326.0,3,382500.0
-118.44,34.15,15.0,4420.0,1076.0,1669.0,1016.0,5,359100.0
-118.44,34.09,36.0,3129.0,392.0,862.0,334.0,15,500001.0
-118.44,34.07,35.0,1973.0,332.0,1257.0,296.0,9,500001.0
-118.44,34.07,26.0,3535.0,748.0,1322.0,666.0,7,500001.0
-118.44,34.07,21.0,730.0,263.0,965.0,224.0,2,350000.0
-118.44,34.06,9.0,5102.0,1695.0,2609.0,1450.0,3,500001.0
-118.44,34.06,28.0,3910.0,959.0,1763.0,867.0,6,500001.0
-118.44,34.06,14.0,520.0,292.0,282.0,213.0,2,500001.0
-118.44,34.06,13.0,4833.0,1119.0,1649.0,807.0,6,500001.0
-118.44,34.05,22.0,3970.0,871.0,1588.0,791.0,5,500001.0
-118.44,34.05,20.0,5943.0,1538.0,2492.0,1429.0,4,305000.0
-118.44,34.05,18.0,4780.0,1192.0,1886.0,1036.0,4,500001.0
-118.44,34.05,15.0,5368.0,1312.0,2269.0,1232.0,6,316700.0
-118.44,34.04,31.0,2670.0,662.0,1535.0,631.0,3,347800.0
-118.44,34.04,16.0,18.0,6.0,3.0,4.0,1,350000.0
-118.44,34.03,41.0,1164.0,265.0,561.0,251.0,4,350900.0
-118.44,34.03,37.0,975.0,189.0,489.0,202.0,4,331000.0
-118.44,34.03,37.0,1193.0,205.0,488.0,224.0,4,357600.0
-118.44,34.03,30.0,1039.0,303.0,606.0,274.0,3,343800.0
-118.44,34.02,39.0,3278.0,632.0,1321.0,617.0,6,465700.0
-118.44,34.02,37.0,1592.0,308.0,783.0,321.0,6,386000.0
-118.44,34.02,32.0,2242.0,490.0,921.0,461.0,4,500001.0
-118.44,34.01,43.0,1408.0,246.0,651.0,240.0,5,400000.0
-118.44,34.01,42.0,2061.0,396.0,907.0,393.0,6,420000.0
-118.44,34.01,41.0,1309.0,221.0,534.0,228.0,5,418800.0
-118.44,34.0,44.0,1798.0,353.0,835.0,314.0,5,355800.0
-118.44,34.0,44.0,1462.0,338.0,821.0,341.0,3,362200.0
-118.44,34.0,41.0,1562.0,377.0,874.0,368.0,4,324300.0
-118.44,34.0,40.0,1287.0,346.0,806.0,311.0,4,321300.0
-118.44,34.0,22.0,5822.0,1707.0,3335.0,1585.0,3,243100.0
-118.44,33.99,43.0,1432.0,308.0,782.0,303.0,4,303900.0
-118.44,33.96,33.0,2799.0,491.0,978.0,447.0,6,500001.0
-118.44,33.88,35.0,2020.0,451.0,724.0,399.0,7,500001.0
-118.44,33.81,33.0,3994.0,990.0,1647.0,931.0,5,500001.0
-118.44,33.79,27.0,2141.0,260.0,635.0,240.0,12,500001.0
-118.45,37.7,15.0,2199.0,453.0,899.0,347.0,2,107800.0
-118.45,37.37,26.0,3135.0,524.0,1385.0,523.0,4,139700.0
-118.45,35.62,18.0,2304.0,527.0,782.0,390.0,1,75800.0
-118.45,35.58,16.0,5396.0,1182.0,1802.0,807.0,2,69700.0
-118.45,34.44,16.0,13406.0,2574.0,7030.0,2440.0,5,187900.0
-118.45,34.31,9.0,1739.0,358.0,820.0,323.0,4,182500.0
-118.45,34.31,28.0,1532.0,287.0,977.0,275.0,4,173100.0
-118.45,34.3,35.0,4085.0,919.0,3988.0,906.0,3,160200.0
-118.45,34.3,27.0,2676.0,652.0,2661.0,623.0,4,152100.0
-118.45,34.29,30.0,762.0,228.0,840.0,226.0,2,154200.0
-118.45,34.28,38.0,1527.0,332.0,1303.0,340.0,4,152000.0
-118.45,34.28,36.0,2602.0,638.0,2780.0,620.0,3,149800.0
-118.45,34.27,35.0,1579.0,300.0,1012.0,265.0,5,195900.0
-118.45,34.27,33.0,1194.0,229.0,839.0,230.0,4,185800.0
-118.45,34.26,35.0,1724.0,311.0,992.0,315.0,5,195600.0
-118.45,34.26,35.0,1637.0,300.0,894.0,302.0,4,209600.0
-118.45,34.25,34.0,2094.0,380.0,1207.0,380.0,5,212300.0
-118.45,34.24,7.0,3299.0,794.0,2343.0,647.0,3,205900.0
-118.45,34.24,11.0,9053.0,2193.0,7096.0,2038.0,4,136500.0
-118.45,34.23,15.0,5738.0,1767.0,4620.0,1581.0,2,157600.0
-118.45,34.22,8.0,2609.0,786.0,1803.0,695.0,3,185700.0
-118.45,34.22,24.0,3442.0,1168.0,4625.0,1097.0,2,183000.0
-118.45,34.21,30.0,2331.0,733.0,2172.0,707.0,2,195600.0
-118.45,34.2,19.0,3666.0,1150.0,2657.0,1090.0,3,202100.0
-118.45,34.2,18.0,2729.0,800.0,2099.0,742.0,3,230800.0
-118.45,34.19,11.0,2479.0,900.0,2466.0,855.0,2,181300.0
-118.45,34.18,39.0,1810.0,388.0,839.0,380.0,4,228800.0
-118.45,34.18,22.0,2516.0,826.0,3350.0,713.0,2,158300.0
-118.45,34.17,33.0,3100.0,687.0,1388.0,658.0,4,261300.0
-118.45,34.17,21.0,2152.0,527.0,996.0,470.0,3,277300.0
-118.45,34.16,33.0,2544.0,500.0,1035.0,492.0,4,314800.0
-118.45,34.16,22.0,7828.0,2038.0,3303.0,1922.0,4,318300.0
-118.45,34.16,22.0,4982.0,1358.0,2237.0,1220.0,4,272600.0
-118.45,34.15,20.0,3876.0,799.0,1334.0,753.0,5,478400.0
-118.45,34.15,10.0,1091.0,260.0,517.0,266.0,4,332600.0
-118.45,34.14,33.0,1741.0,274.0,588.0,267.0,8,490800.0
-118.45,34.1,31.0,6675.0,842.0,2092.0,796.0,12,500001.0
-118.45,34.08,52.0,1500.0,176.0,384.0,145.0,7,500001.0
-118.45,34.07,13.0,4284.0,1452.0,3806.0,1252.0,1,350000.0
-118.45,34.06,52.0,204.0,34.0,1154.0,28.0,9,500001.0
-118.45,34.06,20.0,3367.0,1264.0,2667.0,1131.0,2,500000.0
-118.45,34.05,23.0,4099.0,1287.0,2103.0,1217.0,4,275000.0
-118.45,34.04,23.0,3771.0,1321.0,2031.0,1241.0,3,277500.0
-118.45,34.04,22.0,3319.0,1045.0,1848.0,940.0,4,283300.0
-118.45,34.04,19.0,3330.0,1010.0,1837.0,915.0,3,393800.0
-118.45,34.03,45.0,727.0,168.0,520.0,175.0,3,300000.0
-118.45,34.03,41.0,1240.0,320.0,711.0,304.0,3,318100.0
-118.45,34.03,39.0,1657.0,402.0,931.0,363.0,4,336300.0
-118.45,34.02,45.0,1230.0,201.0,565.0,219.0,6,493400.0
-118.45,34.02,41.0,2956.0,700.0,1212.0,645.0,3,421900.0
-118.45,34.01,40.0,1361.0,240.0,559.0,229.0,6,354300.0
-118.45,34.01,37.0,1328.0,250.0,626.0,228.0,6,440100.0
-118.45,34.01,36.0,2424.0,418.0,1123.0,417.0,6,405800.0
-118.45,34.0,48.0,1923.0,408.0,1142.0,433.0,5,326700.0
-118.45,34.0,43.0,1606.0,408.0,862.0,354.0,4,345800.0
-118.45,34.0,39.0,1909.0,359.0,867.0,345.0,5,334700.0
-118.45,33.99,52.0,1829.0,472.0,779.0,424.0,3,339000.0
-118.45,33.99,52.0,1010.0,244.0,573.0,242.0,4,363200.0
-118.45,33.99,45.0,1132.0,269.0,654.0,264.0,5,343100.0
-118.45,33.99,33.0,3125.0,785.0,1720.0,713.0,3,325000.0
-118.45,33.99,26.0,1919.0,405.0,953.0,371.0,6,420800.0
-118.45,33.96,36.0,2723.0,547.0,1090.0,519.0,6,500001.0
-118.45,33.8,31.0,4803.0,575.0,1490.0,577.0,12,500001.0
-118.46,35.13,19.0,3109.0,640.0,1457.0,620.0,3,94900.0
-118.46,35.12,16.0,4084.0,812.0,2033.0,668.0,3,85500.0
-118.46,34.42,25.0,2988.0,525.0,1884.0,513.0,5,169500.0
-118.46,34.4,12.0,25957.0,4798.0,10475.0,4490.0,5,195300.0
-118.46,34.32,10.0,5777.0,1112.0,2917.0,1056.0,4,194100.0
-118.46,34.31,24.0,2920.0,601.0,1460.0,598.0,4,218200.0
-118.46,34.3,32.0,2424.0,476.0,2291.0,419.0,4,158500.0
-118.46,34.29,24.0,3668.0,890.0,3151.0,810.0,3,183300.0
-118.46,34.28,23.0,1663.0,302.0,1242.0,283.0,6,217600.0
-118.46,34.27,30.0,1576.0,282.0,1004.0,284.0,5,179700.0
-118.46,34.26,36.0,1394.0,254.0,761.0,262.0,5,217100.0
-118.46,34.25,33.0,2202.0,433.0,1135.0,407.0,4,224200.0
-118.46,34.25,32.0,2217.0,422.0,1064.0,427.0,4,208600.0
-118.46,34.23,20.0,4609.0,1499.0,5349.0,1377.0,3,169400.0
-118.46,34.23,19.0,9902.0,2814.0,7307.0,2660.0,3,145400.0
-118.46,34.23,16.0,6338.0,1768.0,4718.0,1632.0,3,154600.0
-118.46,34.22,39.0,1500.0,333.0,998.0,309.0,4,168200.0
-118.46,34.22,35.0,2288.0,617.0,2222.0,566.0,3,170700.0
-118.46,34.22,31.0,2057.0,601.0,2397.0,579.0,3,184400.0
-118.46,34.21,7.0,2081.0,657.0,1456.0,535.0,4,186900.0
-118.46,34.2,22.0,4855.0,1350.0,2519.0,1258.0,3,205600.0
-118.46,34.2,13.0,2926.0,816.0,1867.0,802.0,4,202700.0
-118.46,34.19,35.0,1491.0,295.0,779.0,309.0,6,256300.0
-118.46,34.19,20.0,5992.0,1820.0,4826.0,1632.0,3,233500.0
-118.46,34.18,33.0,1791.0,386.0,844.0,397.0,5,251400.0
-118.46,34.18,27.0,2582.0,719.0,2038.0,718.0,3,174200.0
-118.46,34.17,22.0,6707.0,1737.0,2620.0,1610.0,3,273700.0
-118.46,34.16,38.0,1495.0,300.0,598.0,280.0,3,265400.0
-118.46,34.16,28.0,2795.0,622.0,1173.0,545.0,4,280400.0
-118.46,34.16,16.0,4590.0,1200.0,2195.0,1139.0,4,334900.0
-118.46,34.08,35.0,3247.0,525.0,1065.0,484.0,8,500001.0
-118.46,34.07,43.0,2511.0,456.0,808.0,407.0,7,500001.0
-118.46,34.06,46.0,1302.0,215.0,482.0,226.0,7,500001.0
-118.46,34.06,20.0,5448.0,1532.0,2202.0,1442.0,4,500001.0
-118.46,34.05,25.0,6902.0,2138.0,3136.0,1844.0,3,410000.0
-118.46,34.05,25.0,4077.0,1151.0,1719.0,1017.0,4,337500.0
-118.46,34.05,21.0,3639.0,1002.0,1489.0,983.0,5,387500.0
-118.46,34.04,31.0,2621.0,707.0,1632.0,673.0,3,348100.0
-118.46,34.04,25.0,2768.0,850.0,1558.0,784.0,4,360000.0
-118.46,34.04,25.0,2142.0,718.0,1390.0,699.0,3,325000.0
-118.46,34.04,19.0,3522.0,1036.0,1820.0,977.0,3,337500.0
-118.46,34.04,17.0,2729.0,897.0,1404.0,758.0,3,420800.0
-118.46,34.03,39.0,1244.0,283.0,886.0,284.0,3,325000.0
-118.46,34.03,27.0,1965.0,631.0,1042.0,596.0,3,327300.0
-118.46,34.02,46.0,2571.0,502.0,1225.0,501.0,6,473000.0
-118.46,34.02,45.0,3803.0,970.0,1690.0,871.0,3,456200.0
-118.46,34.02,29.0,2329.0,833.0,1953.0,800.0,3,233300.0
-118.46,34.01,48.0,1640.0,322.0,664.0,301.0,4,500001.0
-118.46,34.01,43.0,513.0,98.0,266.0,103.0,6,343100.0
-118.46,34.0,52.0,888.0,206.0,376.0,194.0,4,372000.0
-118.46,34.0,44.0,941.0,230.0,493.0,206.0,4,325800.0
-118.46,34.0,39.0,614.0,174.0,538.0,159.0,2,235700.0
-118.46,34.0,39.0,4098.0,1100.0,2054.0,1053.0,3,345600.0
-118.46,34.0,37.0,388.0,83.0,248.0,84.0,5,326700.0
-118.46,34.0,36.0,1392.0,260.0,679.0,247.0,5,346900.0
-118.46,33.99,52.0,1158.0,253.0,528.0,253.0,4,334700.0
-118.46,33.99,41.0,885.0,285.0,562.0,268.0,3,303800.0
-118.46,33.99,37.0,1828.0,460.0,1075.0,453.0,4,360600.0
-118.46,33.99,35.0,1214.0,300.0,478.0,265.0,4,500001.0
-118.46,33.98,32.0,2388.0,591.0,1009.0,556.0,5,466700.0
-118.46,33.98,27.0,2217.0,520.0,806.0,458.0,4,500001.0
-118.46,33.97,19.0,2461.0,521.0,777.0,447.0,10,500001.0
-118.46,33.97,19.0,1658.0,427.0,648.0,378.0,4,500001.0
-118.46,33.97,18.0,9430.0,2473.0,3408.0,2003.0,6,500001.0
-118.46,33.77,28.0,3065.0,406.0,1101.0,391.0,11,500001.0
-118.47,35.72,18.0,4754.0,1075.0,1366.0,690.0,2,81200.0
-118.47,35.64,17.0,2248.0,535.0,927.0,427.0,1,68500.0
-118.47,34.42,25.0,3223.0,524.0,1763.0,508.0,5,183000.0
-118.47,34.42,17.0,913.0,228.0,530.0,201.0,3,238500.0
-118.47,34.32,13.0,2664.0,518.0,1468.0,521.0,5,325200.0
-118.47,34.29,18.0,4256.0,987.0,3401.0,955.0,4,190000.0
-118.47,34.27,35.0,1150.0,185.0,741.0,178.0,6,220600.0
-118.47,34.27,33.0,1549.0,264.0,881.0,289.0,5,222900.0
-118.47,34.27,17.0,1444.0,282.0,523.0,270.0,3,192400.0
-118.47,34.26,35.0,1898.0,344.0,1123.0,347.0,6,218400.0
-118.47,34.26,34.0,1300.0,289.0,650.0,291.0,4,199200.0
-118.47,34.23,22.0,8350.0,2717.0,9135.0,2452.0,3,160000.0
-118.47,34.21,34.0,2512.0,603.0,1805.0,584.0,3,220000.0
-118.47,34.2,25.0,4590.0,1477.0,2723.0,1195.0,3,281700.0
-118.47,34.2,20.0,3939.0,1143.0,2475.0,1002.0,3,229100.0
-118.47,34.19,41.0,1104.0,196.0,495.0,196.0,5,225000.0
-118.47,34.19,33.0,3879.0,943.0,2113.0,843.0,4,292900.0
-118.47,34.16,30.0,3823.0,740.0,1449.0,612.0,5,392500.0
-118.47,34.15,7.0,6306.0,1473.0,2381.0,1299.0,5,457300.0
-118.47,34.15,43.0,804.0,117.0,267.0,110.0,8,500001.0
-118.47,34.14,36.0,2873.0,420.0,850.0,379.0,8,500001.0
-118.47,34.14,34.0,3646.0,610.0,1390.0,607.0,8,500001.0
-118.47,34.06,45.0,3030.0,433.0,916.0,399.0,9,500001.0
-118.47,34.06,45.0,1271.0,190.0,419.0,171.0,8,500001.0
-118.47,34.06,26.0,6577.0,1789.0,2937.0,1652.0,5,500001.0
-118.47,34.05,27.0,4401.0,1033.0,1725.0,962.0,4,500001.0
-118.47,34.05,25.0,2689.0,719.0,1229.0,663.0,4,500001.0
-118.47,34.05,22.0,5215.0,1193.0,2048.0,1121.0,5,500001.0
-118.47,34.04,32.0,2909.0,748.0,1310.0,706.0,5,350000.0
-118.47,34.04,21.0,5041.0,1491.0,2719.0,1420.0,4,268800.0
-118.47,34.03,32.0,3024.0,784.0,1323.0,740.0,3,347900.0
-118.47,34.03,31.0,2642.0,681.0,1303.0,625.0,4,340500.0
-118.47,34.03,29.0,3287.0,882.0,1523.0,823.0,4,290600.0
-118.47,34.02,41.0,2136.0,549.0,986.0,557.0,3,444400.0
-118.47,34.02,38.0,2163.0,651.0,1759.0,584.0,2,297500.0
-118.47,34.02,35.0,3057.0,774.0,2223.0,732.0,2,332500.0
-118.47,34.01,44.0,2175.0,475.0,1019.0,448.0,5,470800.0
-118.47,34.01,44.0,2017.0,343.0,958.0,382.0,6,480100.0
-118.47,34.01,43.0,1160.0,304.0,393.0,250.0,3,461100.0
-118.47,34.01,41.0,752.0,201.0,482.0,207.0,3,418200.0
-118.47,34.01,41.0,2704.0,557.0,1047.0,478.0,4,462900.0
-118.47,34.01,27.0,1782.0,471.0,837.0,422.0,4,413000.0
-118.47,34.0,42.0,1271.0,301.0,574.0,312.0,3,340500.0
-118.47,34.0,37.0,2586.0,765.0,1801.0,737.0,3,305800.0
-118.47,34.0,28.0,1259.0,302.0,668.0,280.0,4,384400.0
-118.47,33.99,52.0,1523.0,447.0,636.0,408.0,3,412500.0
-118.47,33.99,50.0,1568.0,501.0,764.0,478.0,3,414300.0
-118.47,33.99,41.0,1146.0,310.0,833.0,270.0,3,285000.0
-118.47,33.99,37.0,2155.0,721.0,1082.0,637.0,3,267500.0
-118.47,33.99,34.0,1875.0,501.0,1491.0,526.0,3,321400.0
-118.47,33.99,31.0,1312.0,376.0,1178.0,330.0,2,300000.0
-118.47,33.99,24.0,1438.0,454.0,665.0,416.0,3,500001.0
-118.48,35.14,4.0,8417.0,1657.0,4631.0,1468.0,4,115800.0
-118.48,34.42,21.0,1375.0,259.0,728.0,258.0,5,229000.0
-118.48,34.33,9.0,2384.0,395.0,1697.0,402.0,6,270100.0
-118.48,34.28,35.0,2132.0,368.0,1128.0,341.0,5,227100.0
-118.48,34.28,35.0,1511.0,274.0,873.0,254.0,6,226700.0
-118.48,34.27,33.0,2649.0,449.0,1303.0,437.0,5,216800.0
-118.48,34.26,36.0,1770.0,296.0,938.0,304.0,6,238000.0
-118.48,34.25,36.0,1951.0,395.0,1040.0,375.0,5,195300.0
-118.48,34.25,35.0,1865.0,335.0,1074.0,337.0,5,223300.0
-118.48,34.25,35.0,1442.0,276.0,795.0,268.0,5,216900.0
-118.48,34.24,32.0,2621.0,412.0,1285.0,414.0,7,267600.0
-118.48,34.23,35.0,1963.0,310.0,919.0,297.0,5,258600.0
-118.48,34.23,30.0,1762.0,263.0,761.0,292.0,7,273100.0
-118.48,34.23,29.0,3354.0,707.0,1752.0,650.0,5,239900.0
-118.48,34.22,22.0,3430.0,1214.0,3618.0,1092.0,2,93800.0
-118.48,34.21,25.0,2879.0,723.0,2077.0,649.0,3,197400.0
-118.48,34.2,26.0,2027.0,559.0,1545.0,513.0,3,189900.0
-118.48,34.2,23.0,2850.0,864.0,2249.0,777.0,3,191700.0
-118.48,34.2,12.0,3831.0,1083.0,2258.0,967.0,2,255400.0
-118.48,34.19,36.0,2058.0,423.0,1132.0,423.0,4,210400.0
-118.48,34.16,32.0,2108.0,309.0,769.0,274.0,9,500001.0
-118.48,34.16,30.0,3507.0,536.0,1427.0,525.0,7,500001.0
-118.48,34.15,31.0,2536.0,429.0,990.0,424.0,5,495500.0
-118.48,34.14,31.0,9320.0,1143.0,2980.0,1109.0,10,500001.0
-118.48,34.07,40.0,3351.0,484.0,1564.0,523.0,9,500001.0
-118.48,34.07,37.0,4042.0,549.0,1318.0,542.0,13,500001.0
-118.48,34.07,29.0,4767.0,777.0,1500.0,638.0,11,500001.0
-118.48,34.05,48.0,3623.0,528.0,1282.0,516.0,10,500001.0
-118.48,34.05,36.0,2143.0,434.0,751.0,396.0,7,500001.0
-118.48,34.04,49.0,3780.0,741.0,1435.0,690.0,4,500001.0
-118.48,34.04,47.0,1956.0,277.0,724.0,277.0,9,500001.0
-118.48,34.04,40.0,1395.0,285.0,610.0,262.0,4,500001.0
-118.48,34.04,36.0,2539.0,535.0,979.0,500.0,4,500001.0
-118.48,34.03,39.0,1530.0,401.0,1074.0,375.0,4,381800.0
-118.48,34.03,32.0,1793.0,476.0,1143.0,448.0,3,353600.0
-118.48,34.02,30.0,2027.0,609.0,1425.0,562.0,2,330800.0
-118.48,34.02,29.0,1585.0,542.0,1019.0,487.0,3,375000.0
-118.48,34.02,25.0,1583.0,460.0,983.0,422.0,3,293800.0
-118.48,34.02,22.0,1249.0,483.0,1106.0,481.0,3,375000.0
-118.48,34.02,11.0,72.0,16.0,150.0,20.0,3,250000.0
-118.48,34.01,40.0,2198.0,611.0,1023.0,567.0,4,398300.0
-118.48,34.01,31.0,2851.0,804.0,1410.0,782.0,4,381500.0
-118.48,34.0,52.0,1359.0,395.0,521.0,368.0,3,500001.0
-118.48,34.0,41.0,2584.0,743.0,1058.0,668.0,3,370000.0
-118.48,34.0,29.0,1727.0,479.0,741.0,431.0,4,500000.0
-118.48,34.0,25.0,4149.0,1067.0,1749.0,1000.0,4,450000.0
-118.48,33.99,46.0,2219.0,686.0,1107.0,590.0,3,387500.0
-118.48,33.96,16.0,895.0,181.0,237.0,149.0,12,500001.0
-118.48,33.43,29.0,716.0,214.0,422.0,173.0,3,287500.0
-118.49,34.43,15.0,8244.0,1409.0,4453.0,1357.0,5,199600.0
-118.49,34.42,23.0,4166.0,756.0,2082.0,743.0,4,213400.0
-118.49,34.31,25.0,1024.0,145.0,357.0,147.0,7,356300.0
-118.49,34.29,26.0,4516.0,611.0,1714.0,581.0,9,431800.0
-118.49,34.28,31.0,3508.0,585.0,1957.0,588.0,7,285500.0
-118.49,34.28,27.0,2535.0,389.0,1071.0,386.0,7,319400.0
-118.49,34.27,34.0,4877.0,815.0,2521.0,781.0,6,225900.0
-118.49,34.27,33.0,3047.0,527.0,1578.0,507.0,5,236200.0
-118.49,34.26,27.0,2722.0,468.0,1164.0,419.0,5,239900.0
-118.49,34.26,25.0,8389.0,1872.0,4483.0,1747.0,4,261300.0
-118.49,34.25,33.0,2088.0,383.0,960.0,362.0,4,232900.0
-118.49,34.25,30.0,2871.0,470.0,1335.0,458.0,5,253900.0
-118.49,34.25,28.0,4054.0,712.0,2164.0,746.0,5,258000.0
-118.49,34.24,35.0,2707.0,446.0,1224.0,445.0,5,244200.0
-118.49,34.24,34.0,1971.0,316.0,917.0,307.0,6,262300.0
-118.49,34.23,32.0,4373.0,683.0,2040.0,693.0,5,242300.0
-118.49,34.22,30.0,1756.0,314.0,899.0,288.0,5,238200.0
-118.49,34.21,25.0,1131.0,449.0,746.0,420.0,1,225000.0
-118.49,34.2,35.0,1109.0,206.0,515.0,202.0,5,215800.0
-118.49,34.19,23.0,2087.0,571.0,1809.0,553.0,3,202000.0
-118.49,34.18,31.0,3073.0,674.0,1486.0,684.0,5,311700.0
-118.49,34.16,37.0,3333.0,488.0,1171.0,485.0,6,500001.0
-118.49,34.15,33.0,2829.0,360.0,1010.0,363.0,10,500001.0
-118.49,34.14,28.0,3539.0,441.0,1190.0,421.0,11,500001.0
-118.49,34.13,24.0,4394.0,535.0,1443.0,528.0,11,500001.0
-118.49,34.11,27.0,6603.0,879.0,2336.0,868.0,13,500001.0
-118.49,34.07,36.0,2929.0,366.0,1054.0,352.0,14,500001.0
-118.49,34.06,42.0,2861.0,360.0,829.0,310.0,15,500001.0
-118.49,34.05,52.0,2416.0,291.0,810.0,270.0,14,500001.0
-118.49,34.05,45.0,1346.0,214.0,415.0,209.0,7,500001.0
-118.49,34.05,42.0,1918.0,216.0,632.0,224.0,15,500001.0
-118.49,34.04,50.0,2597.0,340.0,964.0,339.0,13,500001.0
-118.49,34.04,48.0,2381.0,345.0,859.0,306.0,8,500001.0
-118.49,34.04,31.0,4066.0,951.0,1532.0,868.0,5,500001.0
-118.49,34.03,32.0,3851.0,900.0,1456.0,836.0,5,442100.0
-118.49,34.03,31.0,4949.0,1293.0,1985.0,1244.0,4,436700.0
-118.49,34.03,31.0,3155.0,808.0,1208.0,745.0,4,450000.0
-118.49,34.02,30.0,2075.0,687.0,1026.0,592.0,3,366700.0
-118.49,34.02,29.0,2709.0,799.0,1238.0,793.0,3,330000.0
-118.49,34.02,28.0,2545.0,752.0,1548.0,679.0,3,475000.0
-118.49,34.02,28.0,1394.0,582.0,716.0,543.0,2,450000.0
-118.49,34.02,27.0,4725.0,1185.0,1945.0,1177.0,4,470800.0
-118.49,34.01,28.0,651.0,252.0,333.0,174.0,2,500001.0
-118.49,34.0,32.0,3407.0,1071.0,1463.0,986.0,3,500001.0
-118.5,35.7,18.0,3303.0,814.0,986.0,522.0,2,101400.0
-118.5,34.52,3.0,6577.0,1056.0,3032.0,1004.0,6,251800.0
-118.5,34.46,17.0,10267.0,1683.0,4956.0,1483.0,6,239400.0
-118.5,34.45,25.0,1290.0,190.0,689.0,216.0,6,220200.0
-118.5,34.27,35.0,2235.0,390.0,1148.0,416.0,5,221600.0
-118.5,34.25,32.0,2411.0,380.0,1040.0,344.0,6,257300.0
-118.5,34.25,32.0,2333.0,389.0,969.0,331.0,5,241100.0
-118.5,34.23,26.0,3082.0,573.0,1590.0,586.0,5,319000.0
-118.5,34.21,36.0,1656.0,310.0,817.0,308.0,6,215900.0
-118.5,34.21,36.0,1254.0,229.0,629.0,245.0,5,236100.0
-118.5,34.21,35.0,1668.0,332.0,807.0,311.0,5,200300.0
-118.5,34.2,42.0,1558.0,322.0,884.0,334.0,2,203800.0
-118.5,34.19,35.0,2720.0,490.0,1158.0,445.0,5,228300.0
-118.5,34.15,33.0,3104.0,387.0,1111.0,376.0,13,500001.0
-118.5,34.05,36.0,4152.0,542.0,1461.0,550.0,15,500001.0
-118.5,34.04,52.0,2233.0,317.0,769.0,277.0,8,500001.0
-118.5,34.03,52.0,1711.0,245.0,671.0,242.0,8,500001.0
-118.5,34.03,52.0,1506.0,208.0,547.0,186.0,8,500001.0
-118.5,34.03,44.0,2146.0,394.0,851.0,355.0,6,500001.0
-118.5,34.03,32.0,6365.0,1784.0,2767.0,1698.0,4,383300.0
-118.5,34.02,35.0,2914.0,934.0,1334.0,870.0,3,350000.0
-118.5,34.02,24.0,2924.0,1013.0,1492.0,943.0,3,291700.0
-118.5,33.99,22.0,3484.0,975.0,1268.0,952.0,3,500001.0
-118.5,33.97,52.0,709.0,329.0,388.0,313.0,2,350000.0
-118.5,33.97,29.0,2737.0,808.0,1157.0,696.0,5,500001.0
-118.51,35.16,7.0,4371.0,727.0,1932.0,654.0,5,136800.0
-118.51,34.43,15.0,8510.0,1258.0,3733.0,1233.0,6,253700.0
-118.51,34.3,24.0,6145.0,868.0,2710.0,875.0,8,344000.0
-118.51,34.29,29.0,1287.0,194.0,525.0,187.0,6,319300.0
-118.51,34.28,34.0,3580.0,565.0,1694.0,524.0,5,243800.0
-118.51,34.28,29.0,4239.0,653.0,1890.0,631.0,6,301700.0
-118.51,34.27,36.0,2276.0,429.0,1001.0,419.0,4,252100.0
-118.51,34.27,34.0,3787.0,771.0,1966.0,738.0,4,222500.0
-118.51,34.25,24.0,4338.0,558.0,1514.0,549.0,9,500001.0
-118.51,34.24,31.0,5297.0,664.0,1986.0,657.0,9,483500.0
-118.51,34.23,36.0,3324.0,448.0,1190.0,423.0,7,477200.0
-118.51,34.22,36.0,2794.0,523.0,1334.0,472.0,4,222100.0
-118.51,34.22,36.0,1952.0,387.0,1156.0,392.0,4,209200.0
-118.51,34.21,36.0,2396.0,421.0,1064.0,398.0,5,223600.0
-118.51,34.2,35.0,1614.0,308.0,850.0,330.0,4,209000.0
-118.51,34.2,33.0,2327.0,479.0,1166.0,472.0,4,262500.0
-118.51,34.19,35.0,2537.0,418.0,1161.0,421.0,5,229200.0
-118.51,34.18,37.0,1893.0,365.0,911.0,324.0,5,295300.0
-118.51,34.17,31.0,3252.0,834.0,1411.0,760.0,3,219000.0
-118.51,34.16,23.0,11154.0,1995.0,4076.0,1809.0,5,500001.0
-118.51,34.14,28.0,6748.0,904.0,2431.0,876.0,13,500001.0
-118.51,34.11,29.0,9013.0,1117.0,2919.0,1061.0,14,500001.0
-118.51,34.04,38.0,4715.0,691.0,1660.0,637.0,10,500001.0
-118.51,34.03,37.0,4072.0,905.0,1468.0,923.0,4,500001.0
-118.51,34.0,52.0,1241.0,502.0,679.0,459.0,2,500001.0
-118.51,33.98,40.0,1901.0,679.0,865.0,587.0,2,425000.0
-118.52,34.46,5.0,15341.0,2527.0,7270.0,2320.0,6,236200.0
-118.52,34.44,26.0,934.0,148.0,519.0,162.0,5,185000.0
-118.52,34.4,5.0,7748.0,1557.0,4768.0,1393.0,5,311200.0
-118.52,34.39,21.0,5477.0,1275.0,3384.0,1222.0,4,228100.0
-118.52,34.36,5.0,4222.0,712.0,2024.0,646.0,6,500001.0
-118.52,34.32,18.0,7498.0,976.0,3189.0,955.0,8,374000.0
-118.52,34.3,17.0,4542.0,621.0,2144.0,597.0,9,450700.0
-118.52,34.29,28.0,2272.0,320.0,868.0,312.0,8,474600.0
-118.52,34.28,33.0,1975.0,271.0,801.0,287.0,8,379600.0
-118.52,34.27,36.0,3204.0,538.0,1499.0,499.0,6,271200.0
-118.52,34.26,21.0,8850.0,2139.0,4717.0,1979.0,4,254200.0
-118.52,34.25,11.0,7849.0,1664.0,3561.0,1500.0,5,290900.0
-118.52,34.24,6.0,3218.0,949.0,2295.0,876.0,3,418500.0
-118.52,34.23,35.0,1471.0,210.0,735.0,219.0,8,472200.0
-118.52,34.22,35.0,1620.0,272.0,1052.0,248.0,6,203300.0
-118.52,34.22,35.0,1275.0,222.0,959.0,226.0,5,195400.0
-118.52,34.21,36.0,2394.0,424.0,1490.0,427.0,4,206700.0
-118.52,34.21,36.0,1328.0,287.0,823.0,273.0,5,193700.0
-118.52,34.21,34.0,1663.0,299.0,762.0,282.0,5,211000.0
-118.52,34.2,37.0,1795.0,346.0,1082.0,354.0,5,207200.0
-118.52,34.19,42.0,881.0,170.0,464.0,163.0,3,203900.0
-118.52,34.19,37.0,1560.0,275.0,763.0,284.0,4,206900.0
-118.52,34.18,46.0,2082.0,438.0,1047.0,393.0,4,216000.0
-118.52,34.18,43.0,1700.0,380.0,930.0,349.0,4,213100.0
-118.52,34.18,42.0,1611.0,410.0,879.0,386.0,3,221800.0
-118.52,34.18,34.0,2307.0,388.0,1168.0,427.0,4,245400.0
-118.52,34.17,20.0,17377.0,4457.0,7450.0,4204.0,3,259600.0
-118.52,34.05,45.0,1814.0,325.0,709.0,311.0,5,500001.0
-118.52,34.04,47.0,1985.0,315.0,819.0,340.0,7,500001.0
-118.52,34.04,43.0,2167.0,254.0,761.0,256.0,14,500001.0
-118.52,34.04,42.0,993.0,130.0,368.0,134.0,11,500001.0
-118.52,34.02,24.0,7418.0,1755.0,2713.0,1577.0,5,500001.0
-118.52,34.01,25.0,2757.0,738.0,1014.0,633.0,3,500001.0
-118.53,34.45,10.0,5509.0,969.0,3002.0,959.0,6,220100.0
-118.53,34.44,19.0,3013.0,507.0,1356.0,484.0,5,233200.0
-118.53,34.38,18.0,2288.0,607.0,2305.0,597.0,3,136100.0
-118.53,34.37,8.0,3839.0,852.0,1342.0,593.0,4,333700.0
-118.53,34.27,33.0,1927.0,305.0,896.0,293.0,6,320500.0
-118.53,34.26,18.0,3674.0,577.0,1590.0,550.0,8,308400.0
-118.53,34.25,20.0,6331.0,1537.0,2957.0,1509.0,3,323100.0
-118.53,34.23,32.0,4039.0,984.0,2675.0,941.0,3,240000.0
-118.53,34.23,27.0,2131.0,543.0,1065.0,528.0,3,230400.0
-118.53,34.22,29.0,4101.0,849.0,2630.0,867.0,5,199800.0
-118.53,34.21,18.0,3124.0,796.0,1855.0,725.0,3,213200.0
-118.53,34.2,33.0,3270.0,818.0,2118.0,763.0,3,205300.0
-118.53,34.2,26.0,2221.0,662.0,1998.0,603.0,3,191100.0
-118.53,34.19,32.0,2618.0,692.0,1961.0,633.0,3,192300.0
-118.53,34.18,26.0,4175.0,885.0,2118.0,778.0,4,240300.0
-118.53,34.18,16.0,7194.0,1976.0,3687.0,1894.0,3,189300.0
-118.53,34.17,18.0,6430.0,1412.0,2897.0,1348.0,4,243800.0
-118.53,34.16,32.0,3554.0,762.0,1623.0,750.0,4,290600.0
-118.53,34.14,28.0,6920.0,906.0,2515.0,860.0,9,500001.0
-118.53,34.09,37.0,5477.0,833.0,1925.0,757.0,8,500001.0
-118.53,34.03,40.0,4350.0,763.0,1551.0,665.0,7,500001.0
-118.54,34.38,18.0,2096.0,309.0,1044.0,328.0,7,262100.0
-118.54,34.3,22.0,4423.0,622.0,1995.0,582.0,8,376200.0
-118.54,34.28,18.0,5481.0,780.0,2477.0,764.0,7,377200.0
-118.54,34.28,10.0,7665.0,999.0,3517.0,998.0,11,500001.0
-118.54,34.26,23.0,4960.0,592.0,1929.0,586.0,11,500001.0
-118.54,34.25,26.0,2639.0,378.0,1191.0,401.0,6,322200.0
-118.54,34.24,24.0,4631.0,1164.0,2360.0,1083.0,3,264000.0
-118.54,34.23,35.0,3422.0,601.0,1690.0,574.0,4,232900.0
-118.54,34.23,29.0,1753.0,342.0,1318.0,333.0,4,241400.0
-118.54,34.22,35.0,1664.0,300.0,1000.0,309.0,5,224100.0
-118.54,34.22,34.0,2193.0,513.0,1299.0,497.0,4,211600.0
-118.54,34.21,32.0,2593.0,566.0,1596.0,547.0,4,199200.0
-118.54,34.21,22.0,6064.0,1826.0,4876.0,1697.0,3,227100.0
-118.54,34.2,37.0,1600.0,349.0,1012.0,366.0,4,201600.0
-118.54,34.19,33.0,2205.0,453.0,1242.0,419.0,4,203700.0
-118.54,34.19,22.0,3380.0,790.0,2199.0,737.0,3,239200.0
-118.54,34.18,25.0,1938.0,457.0,1280.0,425.0,4,240300.0
-118.54,34.18,17.0,7214.0,1994.0,4100.0,1823.0,3,174500.0
-118.54,34.17,34.0,2458.0,433.0,1034.0,373.0,6,443600.0
-118.54,34.17,25.0,3352.0,891.0,1815.0,860.0,3,425000.0
-118.54,34.17,11.0,1080.0,174.0,386.0,160.0,6,315900.0
-118.54,34.06,21.0,3755.0,525.0,1493.0,526.0,11,500001.0
-118.54,34.05,33.0,6778.0,1092.0,2540.0,1052.0,9,500001.0
-118.55,34.44,14.0,15348.0,2366.0,7087.0,2169.0,6,237700.0
-118.55,34.41,8.0,21086.0,3945.0,9936.0,3790.0,6,265100.0
-118.55,34.39,16.0,8726.0,1317.0,3789.0,1279.0,7,323300.0
-118.55,34.37,21.0,7010.0,1063.0,3331.0,1038.0,7,278100.0
-118.55,34.28,16.0,8879.0,1239.0,3468.0,1200.0,8,428600.0
-118.55,34.27,25.0,4919.0,661.0,2183.0,625.0,8,352800.0
-118.55,34.26,21.0,4018.0,536.0,1508.0,529.0,8,445400.0
-118.55,34.24,21.0,5751.0,1082.0,2230.0,1016.0,4,407500.0
-118.55,34.23,25.0,4409.0,1018.0,4579.0,1010.0,3,245100.0
-118.55,34.21,35.0,2592.0,490.0,1427.0,434.0,5,246400.0
-118.55,34.2,21.0,2549.0,651.0,1624.0,628.0,4,179800.0
-118.55,34.19,36.0,978.0,170.0,475.0,192.0,5,222500.0
-118.55,34.19,31.0,1856.0,370.0,990.0,360.0,4,223800.0
-118.55,34.19,18.0,5862.0,1322.0,3161.0,1280.0,3,170600.0
-118.55,34.18,32.0,3011.0,529.0,1287.0,525.0,5,311000.0
-118.55,34.04,41.0,1482.0,239.0,617.0,242.0,9,500001.0
-118.55,34.03,35.0,9075.0,1858.0,3646.0,1724.0,6,500001.0
-118.55,33.99,39.0,2603.0,456.0,928.0,410.0,8,500001.0
-118.56,34.42,2.0,966.0,270.0,233.0,169.0,2,450000.0
-118.56,34.41,4.0,17313.0,3224.0,6902.0,2707.0,6,320900.0
-118.56,34.37,23.0,3927.0,728.0,1984.0,707.0,5,202600.0
-118.56,34.25,31.0,1962.0,243.0,697.0,242.0,9,500001.0
-118.56,34.24,23.0,2980.0,362.0,1208.0,378.0,8,500001.0
-118.56,34.23,36.0,3215.0,529.0,1710.0,539.0,6,248400.0
-118.56,34.23,36.0,2406.0,432.0,1242.0,454.0,5,221800.0
-118.56,34.22,35.0,1843.0,329.0,1041.0,317.0,4,205100.0
-118.56,34.22,34.0,1599.0,294.0,819.0,306.0,4,197000.0
-118.56,34.21,36.0,1286.0,242.0,788.0,248.0,4,196800.0
-118.56,34.21,13.0,8327.0,1849.0,4126.0,1773.0,4,189800.0
-118.56,34.2,36.0,1544.0,308.0,891.0,286.0,4,190900.0
-118.56,34.2,35.0,2273.0,410.0,1431.0,403.0,4,196700.0
-118.56,34.2,35.0,1770.0,362.0,1083.0,355.0,5,221000.0
-118.56,34.19,36.0,2600.0,441.0,1246.0,426.0,4,215600.0
-118.56,34.19,35.0,782.0,144.0,425.0,140.0,5,201400.0
-118.56,34.19,34.0,2579.0,561.0,1237.0,517.0,4,235100.0
-118.56,34.19,34.0,2185.0,372.0,986.0,347.0,5,266700.0
-118.56,34.19,34.0,1237.0,242.0,671.0,221.0,4,183600.0
-118.56,34.18,39.0,1819.0,291.0,770.0,278.0,5,457300.0
-118.56,34.18,36.0,1366.0,224.0,719.0,270.0,5,251000.0
-118.56,34.17,35.0,2987.0,391.0,1244.0,387.0,7,500001.0
-118.56,34.14,23.0,9657.0,1189.0,3585.0,1162.0,10,500001.0
-118.56,34.06,24.0,2332.0,349.0,761.0,325.0,7,500001.0
-118.56,34.03,34.0,2095.0,343.0,662.0,299.0,8,500001.0
-118.57,34.29,4.0,6995.0,1151.0,2907.0,1089.0,7,341200.0
-118.57,34.27,20.0,7384.0,845.0,2795.0,872.0,10,500001.0
-118.57,34.25,34.0,5098.0,778.0,2239.0,778.0,6,273100.0
-118.57,34.25,20.0,4679.0,609.0,1945.0,609.0,9,419900.0
-118.57,34.23,22.0,3275.0,648.0,1746.0,585.0,5,221900.0
-118.57,34.22,27.0,2795.0,606.0,1702.0,586.0,4,258400.0
-118.57,34.22,17.0,3262.0,753.0,1879.0,708.0,4,255200.0
-118.57,34.21,36.0,878.0,167.0,499.0,179.0,4,190400.0
-118.57,34.21,23.0,4891.0,793.0,2447.0,765.0,6,270500.0
-118.57,34.2,36.0,2559.0,469.0,1358.0,445.0,5,201500.0
-118.57,34.2,33.0,1759.0,311.0,943.0,315.0,5,209200.0
-118.57,34.2,18.0,7157.0,1869.0,4642.0,1699.0,3,208000.0
-118.57,34.18,36.0,2981.0,441.0,1243.0,413.0,7,439800.0
-118.57,34.17,31.0,1950.0,383.0,870.0,357.0,3,500001.0
-118.57,34.15,22.0,5791.0,706.0,2059.0,673.0,11,500001.0
-118.57,34.09,14.0,7970.0,1142.0,2926.0,1096.0,11,500001.0
-118.58,34.25,23.0,4883.0,769.0,2119.0,725.0,6,280800.0
-118.58,34.24,26.0,3239.0,647.0,1529.0,590.0,3,236900.0
-118.58,34.23,35.0,1917.0,314.0,1019.0,340.0,5,234900.0
-118.58,34.23,29.0,3907.0,773.0,2037.0,727.0,4,230200.0
-118.58,34.22,35.0,2560.0,441.0,1428.0,468.0,6,228200.0
-118.58,34.22,35.0,1969.0,339.0,950.0,340.0,5,230400.0
-118.58,34.21,27.0,2209.0,353.0,1034.0,344.0,5,250900.0
-118.58,34.21,24.0,2642.0,696.0,1649.0,633.0,3,217700.0
-118.58,34.2,37.0,1389.0,252.0,826.0,249.0,5,220900.0
-118.58,34.2,35.0,1558.0,267.0,793.0,249.0,5,220200.0
-118.58,34.2,35.0,1323.0,228.0,756.0,216.0,4,221300.0
-118.58,34.2,21.0,2979.0,744.0,1824.0,692.0,4,223700.0
-118.58,34.19,35.0,2329.0,399.0,966.0,336.0,4,224900.0
-118.58,34.19,27.0,4286.0,1071.0,2863.0,1033.0,3,222800.0
-118.58,34.19,15.0,3061.0,1079.0,2173.0,1078.0,3,187500.0
-118.58,34.18,28.0,908.0,142.0,368.0,143.0,6,340500.0
-118.58,34.17,29.0,3393.0,574.0,1471.0,587.0,6,334900.0
-118.58,34.15,21.0,3856.0,547.0,1422.0,535.0,8,450700.0
-118.58,34.12,42.0,718.0,140.0,324.0,131.0,6,500001.0
-118.58,34.06,25.0,4440.0,693.0,1560.0,636.0,9,500001.0
-118.59,35.72,28.0,1491.0,408.0,98.0,48.0,1,90000.0
-118.59,34.47,5.0,538.0,98.0,8733.0,105.0,4,154600.0
-118.59,34.26,20.0,8146.0,1131.0,3562.0,1054.0,7,357100.0
-118.59,34.25,15.0,9716.0,2387.0,4992.0,2225.0,4,193300.0
-118.59,34.23,17.0,6592.0,1525.0,4459.0,1463.0,3,254500.0
-118.59,34.23,14.0,4407.0,1209.0,2676.0,1128.0,3,168800.0
-118.59,34.22,17.0,6015.0,1464.0,3056.0,1347.0,4,229000.0
-118.59,34.21,34.0,2389.0,521.0,1560.0,514.0,5,225400.0
-118.59,34.21,34.0,1943.0,320.0,895.0,305.0,5,227700.0
-118.59,34.21,26.0,2335.0,669.0,1986.0,645.0,3,178800.0
-118.59,34.2,21.0,1789.0,679.0,2300.0,677.0,3,179800.0
-118.59,34.18,7.0,11853.0,2691.0,4404.0,2447.0,4,271300.0
-118.59,34.17,36.0,1887.0,359.0,761.0,329.0,5,296000.0
-118.59,34.15,29.0,2023.0,330.0,747.0,304.0,7,369700.0
-118.59,34.14,19.0,1303.0,155.0,450.0,145.0,11,483100.0
-118.59,34.11,35.0,2396.0,472.0,1054.0,457.0,6,407000.0
-118.6,37.39,19.0,2682.0,518.0,1134.0,399.0,3,166000.0
-118.6,34.26,18.0,6154.0,1070.0,3010.0,1034.0,6,271500.0
-118.6,34.23,19.0,8866.0,2355.0,5005.0,2194.0,3,230300.0
-118.6,34.21,21.0,9512.0,2560.0,7282.0,2387.0,3,227500.0
-118.6,34.2,10.0,2869.0,941.0,2162.0,829.0,3,150000.0
-118.6,34.19,16.0,14912.0,4183.0,5105.0,3302.0,3,213900.0
-118.6,34.16,32.0,3999.0,667.0,1628.0,631.0,6,338500.0
-118.6,34.15,28.0,4570.0,744.0,1693.0,695.0,6,361900.0
-118.6,34.09,43.0,2228.0,438.0,960.0,395.0,8,438500.0
-118.6,34.08,40.0,866.0,181.0,399.0,176.0,7,380000.0
-118.6,34.07,16.0,319.0,59.0,149.0,64.0,5,433300.0
-118.6,34.02,36.0,2043.0,467.0,606.0,326.0,8,500001.0
-118.61,35.47,13.0,2267.0,601.0,756.0,276.0,3,78400.0
-118.61,35.08,6.0,3660.0,646.0,1243.0,482.0,3,137200.0
-118.61,34.99,11.0,4031.0,766.0,1539.0,564.0,4,120800.0
-118.61,34.59,5.0,4028.0,896.0,2062.0,826.0,4,167100.0
-118.61,34.38,2.0,5989.0,883.0,1787.0,613.0,7,329500.0
-118.61,34.31,4.0,1949.0,458.0,868.0,398.0,5,285200.0
-118.61,34.25,16.0,8295.0,1506.0,3903.0,1451.0,6,276600.0
-118.61,34.24,17.0,5406.0,895.0,2337.0,882.0,6,375900.0
-118.61,34.23,26.0,3727.0,572.0,1724.0,530.0,6,327300.0
-118.61,34.22,24.0,5256.0,758.0,2474.0,780.0,7,333700.0
-118.61,34.21,41.0,1058.0,228.0,778.0,245.0,3,180500.0
-118.61,34.21,34.0,3494.0,557.0,1861.0,576.0,6,251500.0
-118.61,34.21,33.0,2609.0,431.0,1208.0,406.0,5,227100.0
-118.61,34.2,16.0,1718.0,467.0,896.0,475.0,4,160900.0
-118.61,34.19,34.0,703.0,127.0,369.0,127.0,4,210100.0
-118.61,34.19,28.0,3824.0,749.0,1790.0,701.0,4,246400.0
-118.61,34.17,31.0,1689.0,362.0,705.0,360.0,4,278500.0
-118.61,34.17,19.0,5944.0,1345.0,2372.0,1250.0,4,328900.0
-118.61,34.16,29.0,4364.0,647.0,1550.0,624.0,7,367400.0
-118.62,34.26,15.0,10860.0,1653.0,4178.0,1581.0,6,262100.0
-118.62,34.22,34.0,2633.0,471.0,1313.0,428.0,4,232900.0
-118.62,34.22,33.0,1636.0,275.0,866.0,289.0,6,241300.0
-118.62,34.21,26.0,3234.0,517.0,1597.0,513.0,6,258600.0
-118.62,34.2,29.0,2421.0,402.0,1120.0,388.0,5,244800.0
-118.62,34.2,23.0,3098.0,542.0,1486.0,492.0,6,235800.0
-118.62,34.19,35.0,1934.0,307.0,905.0,315.0,6,267400.0
-118.62,34.18,25.0,3124.0,468.0,1241.0,439.0,6,333100.0
-118.62,34.17,34.0,3268.0,538.0,1463.0,519.0,7,308300.0
-118.62,34.17,32.0,1491.0,355.0,756.0,296.0,3,262800.0
-118.62,34.15,26.0,5661.0,791.0,2493.0,780.0,8,409900.0
-118.63,34.21,31.0,3952.0,647.0,1762.0,588.0,6,244800.0
-118.63,34.2,19.0,7411.0,1045.0,2814.0,950.0,7,336100.0
-118.63,34.19,32.0,3568.0,591.0,1741.0,563.0,5,259600.0
-118.63,34.17,33.0,4769.0,787.0,2019.0,743.0,6,338200.0
-118.63,34.16,33.0,2896.0,455.0,1116.0,411.0,6,347700.0
-118.63,34.16,30.0,3346.0,487.0,1296.0,495.0,7,392700.0
-118.63,34.11,35.0,3795.0,690.0,1521.0,653.0,6,448100.0
-118.64,34.25,47.0,1315.0,290.0,581.0,268.0,5,253000.0
-118.64,34.22,16.0,4312.0,574.0,1902.0,574.0,8,390000.0
-118.64,34.19,33.0,3017.0,494.0,1423.0,470.0,6,248400.0
-118.64,34.19,30.0,2399.0,373.0,1062.0,377.0,6,245600.0
-118.64,34.19,28.0,3274.0,571.0,1424.0,521.0,4,247300.0
-118.64,34.18,33.0,3808.0,623.0,1784.0,615.0,5,263400.0
-118.64,34.17,26.0,6767.0,903.0,2574.0,883.0,8,409000.0
-118.65,34.27,23.0,1724.0,265.0,934.0,306.0,6,229200.0
-118.65,34.21,5.0,5429.0,665.0,2315.0,687.0,10,500001.0
-118.65,34.19,27.0,2772.0,511.0,1346.0,497.0,5,243000.0
-118.65,34.18,27.0,1793.0,339.0,1016.0,326.0,5,240300.0
-118.65,34.18,26.0,4607.0,656.0,1769.0,643.0,7,367600.0
-118.66,35.2,7.0,9664.0,1692.0,3617.0,1370.0,4,162900.0
-118.66,34.43,9.0,2356.0,469.0,1556.0,386.0,4,155000.0
-118.66,34.23,18.0,897.0,142.0,263.0,110.0,6,350000.0
-118.66,34.19,23.0,7544.0,1031.0,3221.0,1043.0,8,374900.0
-118.66,34.18,25.0,6612.0,857.0,2519.0,843.0,8,419000.0
-118.66,34.1,12.0,2560.0,365.0,907.0,366.0,10,500001.0
-118.66,34.02,23.0,8798.0,1465.0,2750.0,1208.0,9,500001.0
-118.67,34.3,5.0,6123.0,825.0,2440.0,736.0,8,393000.0
-118.67,34.27,15.0,3221.0,659.0,1390.0,607.0,4,191800.0
-118.67,34.27,10.0,3753.0,678.0,1859.0,660.0,5,204600.0
-118.67,34.16,17.0,16544.0,2206.0,6214.0,2118.0,9,500001.0
-118.68,34.33,45.0,121.0,25.0,67.0,27.0,3,325000.0
-118.68,34.28,5.0,6150.0,1265.0,3188.0,1266.0,5,223000.0
-118.68,34.28,17.0,6488.0,1102.0,3199.0,1070.0,5,238000.0
-118.68,34.27,26.0,1561.0,212.0,817.0,242.0,5,209100.0
-118.68,34.27,16.0,4637.0,941.0,2476.0,878.0,4,225200.0
-118.68,34.08,18.0,102.0,17.0,55.0,21.0,4,500001.0
-118.69,34.21,10.0,3663.0,409.0,1179.0,371.0,13,500001.0
-118.69,34.18,11.0,1177.0,138.0,415.0,119.0,10,500001.0
-118.69,34.08,23.0,204.0,40.0,117.0,41.0,10,500001.0
-118.7,35.82,20.0,4642.0,1300.0,658.0,247.0,2,82100.0
-118.7,34.53,5.0,14275.0,2474.0,7158.0,2311.0,5,236300.0
-118.7,34.3,27.0,1527.0,220.0,756.0,226.0,6,227000.0
-118.7,34.3,23.0,2831.0,406.0,1284.0,393.0,6,244100.0
-118.7,34.29,25.0,1678.0,252.0,862.0,268.0,6,229800.0
-118.7,34.28,27.0,727.0,136.0,467.0,144.0,4,250000.0
-118.7,34.28,25.0,2377.0,491.0,1200.0,439.0,5,196100.0
-118.7,34.24,28.0,2405.0,462.0,1011.0,378.0,5,204300.0
-118.71,34.3,23.0,1983.0,280.0,978.0,287.0,6,236700.0
-118.71,34.3,20.0,1586.0,187.0,699.0,209.0,7,335000.0
-118.71,34.29,24.0,2983.0,406.0,1203.0,381.0,6,302000.0
-118.71,34.29,21.0,2751.0,493.0,1432.0,483.0,5,221200.0
-118.71,34.28,27.0,2911.0,562.0,1773.0,580.0,5,186600.0
-118.71,34.27,26.0,990.0,223.0,719.0,232.0,3,179400.0
-118.72,34.28,18.0,2229.0,371.0,1283.0,379.0,6,217700.0
-118.72,34.28,17.0,3051.0,505.0,1705.0,495.0,6,218600.0
-118.72,34.28,17.0,2654.0,478.0,1392.0,451.0,5,223900.0
-118.72,34.14,7.0,23866.0,4407.0,9873.0,4012.0,5,318500.0
-118.73,36.01,14.0,3263.0,651.0,1910.0,594.0,3,128900.0
-118.73,34.29,8.0,4983.0,754.0,2510.0,725.0,7,276500.0
-118.73,34.29,11.0,5451.0,736.0,2526.0,752.0,7,343900.0
-118.73,34.27,23.0,4550.0,762.0,2301.0,744.0,5,205300.0
-118.74,37.58,20.0,3301.0,779.0,1085.0,448.0,4,159300.0
-118.74,34.27,23.0,2493.0,522.0,1488.0,505.0,4,215000.0
-118.74,34.26,27.0,3467.0,545.0,1798.0,493.0,5,204100.0
-118.74,34.26,22.0,4337.0,673.0,2347.0,636.0,5,222400.0
-118.74,34.25,25.0,1815.0,281.0,960.0,284.0,5,214700.0
-118.74,34.05,19.0,3487.0,686.0,2782.0,584.0,8,500001.0
-118.75,34.33,27.0,534.0,85.0,243.0,77.0,8,330000.0
-118.75,34.28,27.0,1452.0,251.0,928.0,259.0,5,186600.0
-118.75,34.28,22.0,3844.0,537.0,1665.0,492.0,6,239900.0
-118.75,34.27,26.0,966.0,191.0,690.0,191.0,5,188000.0
-118.75,34.27,25.0,3371.0,502.0,1717.0,506.0,6,225000.0
-118.75,34.27,20.0,3495.0,449.0,1629.0,428.0,6,264400.0
-118.75,34.26,26.0,1767.0,265.0,1040.0,250.0,5,198100.0
-118.75,34.26,24.0,2234.0,373.0,1325.0,383.0,5,193400.0
-118.75,34.18,4.0,16704.0,2704.0,6187.0,2207.0,7,357600.0
-118.75,34.17,16.0,2950.0,387.0,1228.0,379.0,5,346100.0
-118.75,34.1,34.0,2255.0,402.0,857.0,317.0,5,377300.0
-118.76,34.28,21.0,2786.0,342.0,1114.0,322.0,6,266300.0
-118.76,34.26,26.0,1929.0,293.0,1067.0,320.0,5,222100.0
-118.76,34.26,26.0,1750.0,284.0,962.0,278.0,5,190400.0
-118.76,34.13,10.0,4355.0,716.0,2030.0,674.0,7,500001.0
-118.77,34.28,6.0,4685.0,965.0,2180.0,909.0,5,208200.0
-118.77,34.28,27.0,1416.0,251.0,1024.0,268.0,5,185200.0
-118.77,34.28,26.0,2873.0,480.0,1915.0,475.0,5,187700.0
-118.77,34.27,10.0,1658.0,310.0,1053.0,333.0,5,209900.0
-118.77,34.24,6.0,16222.0,2309.0,6700.0,2080.0,6,308100.0
-118.78,34.27,20.0,2743.0,685.0,1798.0,613.0,4,170900.0
-118.78,34.26,24.0,4072.0,582.0,1834.0,565.0,6,254500.0
-118.78,34.25,13.0,1841.0,237.0,833.0,231.0,8,404700.0
-118.78,34.16,9.0,30405.0,4093.0,12873.0,3931.0,8,399200.0
-118.78,34.05,28.0,1343.0,215.0,487.0,199.0,7,500001.0
-118.79,34.27,27.0,1146.0,189.0,595.0,197.0,5,198500.0
-118.79,34.26,17.0,1986.0,249.0,761.0,241.0,7,401900.0
-118.8,34.27,12.0,3330.0,600.0,1577.0,584.0,5,264100.0
-118.8,34.21,16.0,1466.0,196.0,661.0,209.0,6,282700.0
-118.8,34.19,4.0,15572.0,2222.0,5495.0,2152.0,9,500001.0
-118.8,34.15,9.0,1143.0,179.0,647.0,180.0,7,356700.0
-118.81,34.28,20.0,3678.0,684.0,1882.0,694.0,4,196800.0
-118.81,34.25,4.0,9147.0,1827.0,3950.0,1661.0,6,320800.0
-118.82,36.13,43.0,1281.0,287.0,534.0,231.0,3,65700.0
-118.82,35.23,31.0,2358.0,580.0,2302.0,574.0,2,53900.0
-118.82,35.2,34.0,2185.0,469.0,1910.0,455.0,2,57300.0
-118.82,34.15,9.0,655.0,110.0,222.0,109.0,8,337500.0
-118.82,34.14,22.0,11668.0,1730.0,4054.0,1671.0,7,385500.0
-118.83,35.27,33.0,1190.0,217.0,717.0,196.0,3,81300.0
-118.83,35.2,17.0,1959.0,484.0,1763.0,453.0,2,53500.0
-118.83,34.33,6.0,6679.0,1164.0,3196.0,1157.0,5,242600.0
-118.83,34.23,6.0,8803.0,1114.0,3385.0,1010.0,9,425800.0
-118.83,34.18,23.0,5647.0,786.0,2050.0,738.0,6,348300.0
-118.83,34.17,17.0,4668.0,628.0,1917.0,624.0,8,353900.0
-118.83,34.15,16.0,3380.0,731.0,1227.0,641.0,4,233200.0
-118.83,34.14,16.0,1956.0,312.0,671.0,319.0,6,321800.0
-118.83,34.14,16.0,1316.0,194.0,450.0,173.0,10,500001.0
-118.84,34.22,11.0,3170.0,420.0,1418.0,432.0,8,361900.0
-118.84,34.21,16.0,4975.0,949.0,2537.0,971.0,5,224700.0
-118.84,34.17,16.0,3449.0,820.0,1877.0,816.0,3,187500.0
-118.84,34.16,18.0,6075.0,1056.0,2571.0,1018.0,5,399400.0
-118.84,34.15,17.0,3785.0,494.0,1527.0,507.0,8,358500.0
-118.84,34.11,12.0,7508.0,1058.0,2484.0,965.0,6,500001.0
-118.85,35.23,26.0,1639.0,352.0,1222.0,395.0,2,68000.0
-118.85,35.2,17.0,2783.0,678.0,2566.0,641.0,2,51200.0
-118.85,34.27,50.0,187.0,33.0,130.0,35.0,3,500001.0
-118.85,34.25,17.0,5593.0,732.0,1992.0,660.0,7,342900.0
-118.85,34.23,13.0,5094.0,764.0,2230.0,737.0,6,290900.0
-118.85,34.21,29.0,2195.0,414.0,1360.0,401.0,3,206700.0
-118.85,34.21,25.0,1328.0,209.0,691.0,228.0,5,241400.0
-118.85,34.19,27.0,2287.0,320.0,967.0,321.0,7,349400.0
-118.85,34.18,11.0,5873.0,1455.0,3089.0,1365.0,4,173800.0
-118.85,34.14,24.0,1999.0,244.0,759.0,247.0,9,366300.0
-118.85,34.14,16.0,4109.0,543.0,1409.0,560.0,8,423400.0
-118.85,34.04,21.0,3837.0,578.0,1509.0,509.0,8,500001.0
-118.86,36.41,20.0,2749.0,575.0,1195.0,491.0,3,139700.0
-118.86,35.9,38.0,298.0,55.0,161.0,47.0,4,71300.0
-118.86,34.22,26.0,1932.0,280.0,886.0,289.0,5,232200.0
-118.86,34.22,26.0,1775.0,295.0,1004.0,323.0,6,251700.0
-118.86,34.22,22.0,1230.0,200.0,673.0,195.0,6,251400.0
-118.86,34.21,26.0,3354.0,659.0,2020.0,648.0,4,211800.0
-118.86,34.2,32.0,2399.0,384.0,1199.0,390.0,4,264600.0
-118.86,34.19,29.0,1326.0,185.0,586.0,187.0,7,422900.0
-118.86,34.19,26.0,3135.0,480.0,1474.0,458.0,6,243500.0
-118.86,34.16,16.0,1509.0,216.0,578.0,235.0,10,410800.0
-118.87,35.65,33.0,1504.0,325.0,584.0,223.0,3,94600.0
-118.87,35.37,14.0,2458.0,433.0,1352.0,411.0,4,87000.0
-118.87,34.23,14.0,4242.0,746.0,1858.0,689.0,6,287100.0
-118.87,34.21,26.0,4439.0,616.0,1881.0,592.0,6,258000.0
-118.87,34.2,26.0,1924.0,245.0,775.0,244.0,7,286800.0
-118.87,34.19,23.0,2179.0,423.0,1338.0,406.0,6,240700.0
-118.87,34.18,21.0,5661.0,1369.0,3188.0,1308.0,3,212800.0
-118.88,35.34,20.0,1351.0,255.0,762.0,253.0,2,105300.0
-118.88,34.42,20.0,728.0,120.0,360.0,115.0,6,375000.0
-118.88,34.28,22.0,3369.0,771.0,2751.0,710.0,4,182100.0
-118.88,34.22,22.0,3654.0,517.0,1565.0,518.0,6,274800.0
-118.88,34.22,16.0,2343.0,393.0,2007.0,383.0,6,302700.0
-118.88,34.2,23.0,4862.0,597.0,1938.0,594.0,7,316000.0
-118.88,34.19,26.0,2296.0,275.0,842.0,263.0,8,309900.0
-118.88,34.19,16.0,7268.0,1729.0,3232.0,1653.0,3,228700.0
-118.88,34.17,15.0,4260.0,746.0,1701.0,669.0,5,410700.0
-118.88,34.02,19.0,15990.0,2611.0,5175.0,2173.0,8,500001.0
-118.89,34.33,23.0,366.0,62.0,265.0,66.0,3,375000.0
-118.89,34.29,28.0,1545.0,371.0,1334.0,318.0,3,194100.0
-118.89,34.28,30.0,917.0,157.0,678.0,171.0,6,195700.0
-118.89,34.22,20.0,3878.0,665.0,1651.0,591.0,6,264600.0
-118.9,35.41,6.0,4656.0,971.0,2320.0,935.0,3,100800.0
-118.9,35.26,31.0,6145.0,1492.0,5666.0,1457.0,2,54600.0
-118.9,34.41,35.0,4431.0,739.0,2304.0,720.0,4,209100.0
-118.9,34.4,16.0,2614.0,575.0,1163.0,524.0,2,134400.0
-118.9,34.3,13.0,5591.0,1013.0,3188.0,971.0,6,208600.0
-118.9,34.26,5.0,25187.0,3521.0,11956.0,3478.0,7,321300.0
-118.9,34.19,26.0,1582.0,196.0,573.0,182.0,10,500001.0
-118.9,34.17,14.0,4719.0,734.0,1880.0,731.0,5,313800.0
-118.91,36.79,19.0,1616.0,324.0,187.0,80.0,4,78600.0
-118.91,35.4,10.0,3587.0,774.0,1398.0,763.0,3,113000.0
-118.91,35.37,32.0,4121.0,755.0,2590.0,721.0,3,67600.0
-118.91,35.27,29.0,1401.0,317.0,1344.0,306.0,2,61400.0
-118.91,35.24,29.0,2888.0,753.0,2949.0,699.0,2,45500.0
-118.91,34.4,30.0,2861.0,613.0,2065.0,586.0,3,176100.0
-118.91,34.28,6.0,6106.0,1134.0,3246.0,1062.0,5,280200.0
-118.91,34.18,17.0,3220.0,716.0,1381.0,733.0,3,176000.0
-118.92,36.04,28.0,1148.0,233.0,521.0,212.0,3,98500.0
-118.92,35.47,6.0,1755.0,280.0,664.0,254.0,6,216400.0
-118.92,35.38,33.0,3122.0,579.0,1733.0,545.0,4,70600.0
-118.92,35.37,17.0,3589.0,701.0,1746.0,640.0,2,75700.0
-118.92,35.26,20.0,3815.0,924.0,3450.0,920.0,2,63700.0
-118.92,35.13,29.0,1297.0,262.0,909.0,253.0,2,106300.0
-118.92,34.41,22.0,2702.0,655.0,2664.0,571.0,3,173400.0
-118.92,34.4,23.0,1290.0,283.0,1060.0,279.0,3,198000.0
-118.92,34.19,16.0,3631.0,974.0,2585.0,923.0,3,130400.0
-118.92,34.18,17.0,2400.0,352.0,1067.0,323.0,6,259300.0
-118.92,34.17,17.0,1552.0,246.0,685.0,244.0,6,294800.0
-118.93,36.19,30.0,2685.0,546.0,951.0,523.0,3,113900.0
-118.93,35.44,13.0,1439.0,237.0,557.0,227.0,6,204200.0
-118.93,35.37,34.0,2412.0,446.0,1558.0,421.0,3,62800.0
-118.93,34.82,8.0,508.0,111.0,229.0,84.0,4,128300.0
-118.93,34.82,24.0,806.0,168.0,323.0,136.0,4,113900.0
-118.93,34.4,17.0,3275.0,599.0,2422.0,637.0,4,190500.0
-118.93,34.36,33.0,1775.0,309.0,1071.0,296.0,5,187900.0
-118.93,34.2,17.0,2619.0,606.0,1655.0,557.0,4,281300.0
-118.93,34.18,18.0,2730.0,415.0,1248.0,412.0,6,287900.0
-118.94,37.13,12.0,2255.0,472.0,1006.0,334.0,4,94000.0
-118.94,36.32,10.0,2271.0,398.0,986.0,358.0,4,147100.0
-118.94,35.41,10.0,3216.0,526.0,1539.0,483.0,6,143000.0
-118.94,35.4,14.0,5548.0,941.0,2815.0,935.0,4,104600.0
-118.94,35.39,27.0,3074.0,452.0,1223.0,452.0,5,139100.0
-118.94,35.39,13.0,3137.0,417.0,1318.0,397.0,8,194100.0
-118.94,35.37,37.0,1667.0,362.0,971.0,335.0,3,57400.0
-118.94,35.37,33.0,3372.0,741.0,2352.0,704.0,2,57600.0
-118.94,35.37,23.0,1106.0,252.0,790.0,230.0,2,59700.0
-118.94,35.36,19.0,2714.0,512.0,1823.0,500.0,3,76200.0
-118.94,34.24,5.0,10018.0,1233.0,4253.0,1120.0,9,500001.0
-118.94,34.18,25.0,3502.0,508.0,1713.0,508.0,6,242100.0
-118.94,34.18,24.0,3689.0,585.0,1898.0,581.0,6,239400.0
-118.94,34.17,16.0,3746.0,508.0,1556.0,452.0,6,299400.0
-118.94,34.17,15.0,1679.0,271.0,928.0,264.0,6,235600.0
-118.94,34.16,3.0,1170.0,148.0,493.0,142.0,8,500001.0
-118.95,35.38,35.0,2220.0,388.0,906.0,373.0,4,95200.0
-118.95,35.38,30.0,2594.0,478.0,1419.0,480.0,4,83100.0
-118.95,35.37,37.0,1475.0,327.0,946.0,295.0,2,55400.0
-118.95,35.37,34.0,1672.0,359.0,1059.0,349.0,2,61300.0
-118.95,35.36,30.0,2294.0,508.0,1753.0,482.0,2,54700.0
-118.95,35.32,29.0,3480.0,608.0,2007.0,541.0,3,78700.0
-118.95,34.83,18.0,3278.0,762.0,1338.0,550.0,3,116500.0
-118.95,34.81,30.0,2817.0,604.0,1089.0,412.0,3,123500.0
-118.95,34.19,24.0,2719.0,434.0,1318.0,424.0,5,228800.0
-118.95,34.18,25.0,2237.0,331.0,1121.0,365.0,6,254900.0
-118.95,34.17,9.0,2372.0,312.0,1039.0,321.0,8,344900.0
-118.95,34.17,23.0,2630.0,404.0,1184.0,385.0,5,247600.0
-118.95,34.16,21.0,2953.0,419.0,1397.0,410.0,7,291500.0
-118.96,37.64,11.0,3934.0,697.0,901.0,345.0,4,242700.0
-118.96,36.66,18.0,1302.0,424.0,320.0,133.0,3,80000.0
-118.96,36.49,24.0,1268.0,269.0,636.0,183.0,2,118800.0
-118.96,35.41,29.0,3548.0,729.0,1542.0,659.0,3,87100.0
-118.96,35.4,27.0,2473.0,400.0,1271.0,427.0,4,89100.0
-118.96,35.39,23.0,5624.0,1148.0,2842.0,1042.0,3,79000.0
-118.96,35.38,41.0,2417.0,435.0,973.0,406.0,3,85600.0
-118.96,35.38,34.0,2047.0,347.0,888.0,352.0,4,92900.0
-118.96,35.37,40.0,1603.0,374.0,1026.0,337.0,1,54300.0
-118.96,35.37,32.0,1025.0,259.0,874.0,236.0,2,53400.0
-118.96,35.36,35.0,2285.0,497.0,1738.0,480.0,2,54000.0
-118.96,34.3,16.0,3103.0,482.0,1567.0,467.0,7,500001.0
-118.96,34.23,14.0,15207.0,2924.0,6301.0,2829.0,4,217000.0
-118.96,34.19,16.0,1807.0,346.0,587.0,296.0,2,162500.0
-118.96,34.18,16.0,3137.0,462.0,1384.0,436.0,6,258200.0
-118.97,37.64,14.0,2284.0,622.0,342.0,137.0,3,87500.0
-118.97,37.64,14.0,1847.0,439.0,238.0,98.0,4,137500.0
-118.97,36.06,26.0,1289.0,262.0,1100.0,244.0,2,51400.0
-118.97,35.41,36.0,1896.0,315.0,937.0,303.0,4,85500.0
-118.97,35.4,34.0,1859.0,323.0,854.0,309.0,3,76200.0
-118.97,35.39,38.0,2121.0,433.0,1547.0,441.0,3,59500.0
-118.97,35.38,42.0,1185.0,358.0,1038.0,299.0,1,48000.0
-118.97,35.38,35.0,1673.0,426.0,1041.0,413.0,1,57500.0
-118.97,35.38,32.0,1361.0,363.0,1483.0,297.0,2,46800.0
-118.97,35.37,52.0,425.0,119.0,380.0,97.0,1,42500.0
-118.97,35.37,41.0,2396.0,602.0,1781.0,543.0,2,58000.0
-118.97,35.37,34.0,1379.0,333.0,1156.0,315.0,2,48900.0
-118.97,35.36,31.0,1418.0,306.0,1219.0,312.0,2,46700.0
-118.97,34.18,18.0,7338.0,1020.0,3419.0,1058.0,7,293100.0
-118.98,38.03,15.0,991.0,277.0,419.0,170.0,4,82500.0
-118.98,37.65,18.0,1795.0,416.0,483.0,208.0,5,169800.0
-118.98,37.64,17.0,3769.0,908.0,1160.0,453.0,3,188900.0
-118.98,36.06,33.0,2043.0,443.0,1497.0,417.0,2,47400.0
-118.98,35.4,36.0,1864.0,331.0,1052.0,325.0,3,76600.0
-118.98,35.4,36.0,1443.0,273.0,680.0,259.0,3,73100.0
-118.98,35.4,34.0,813.0,171.0,440.0,170.0,3,69800.0
-118.98,35.39,32.0,2620.0,682.0,2375.0,684.0,1,46900.0
-118.98,35.39,29.0,607.0,177.0,476.0,143.0,1,50700.0
-118.98,35.39,22.0,1812.0,457.0,1592.0,420.0,1,49100.0
-118.98,35.38,39.0,1497.0,383.0,1182.0,355.0,1,50000.0
-118.98,35.38,34.0,1020.0,247.0,795.0,228.0,2,50800.0
-118.98,35.38,28.0,1171.0,299.0,1193.0,273.0,1,49400.0
-118.98,35.38,24.0,1807.0,465.0,1460.0,410.0,1,54800.0
-118.98,35.37,36.0,1562.0,398.0,1223.0,329.0,1,47100.0
-118.98,35.37,35.0,825.0,179.0,670.0,181.0,1,57900.0
-118.98,35.36,29.0,1244.0,266.0,933.0,227.0,2,49400.0
-118.98,35.36,15.0,1482.0,338.0,1059.0,279.0,1,42700.0
-118.98,34.4,34.0,1328.0,244.0,795.0,227.0,4,338100.0
-118.98,34.16,16.0,2476.0,402.0,1251.0,387.0,6,241300.0
-118.99,37.65,20.0,2474.0,625.0,338.0,141.0,5,195500.0
-118.99,37.63,10.0,7744.0,1573.0,483.0,224.0,3,231800.0
-118.99,36.07,21.0,983.0,165.0,672.0,169.0,3,63900.0
-118.99,36.06,19.0,2153.0,458.0,1317.0,386.0,2,42600.0
-118.99,35.4,48.0,1908.0,331.0,789.0,321.0,4,84600.0
-118.99,35.4,43.0,2225.0,392.0,890.0,374.0,4,90400.0
-118.99,35.39,52.0,2805.0,573.0,1325.0,522.0,3,70100.0
-118.99,35.39,39.0,2228.0,542.0,1516.0,435.0,2,48800.0
-118.99,35.38,30.0,1390.0,361.0,1116.0,298.0,1,57500.0
-118.99,35.38,26.0,1317.0,374.0,1025.0,304.0,1,51000.0
-118.99,35.37,38.0,918.0,220.0,743.0,222.0,2,58100.0
-118.99,35.37,36.0,832.0,198.0,814.0,174.0,1,57400.0
-118.99,35.36,31.0,1498.0,359.0,1168.0,340.0,1,49300.0
-118.99,35.36,18.0,1524.0,354.0,1210.0,344.0,1,47800.0
-118.99,35.35,32.0,1293.0,317.0,1109.0,286.0,1,45600.0
-118.99,35.35,27.0,1615.0,355.0,1380.0,332.0,2,49800.0
-118.99,35.33,36.0,1590.0,367.0,1311.0,390.0,2,52900.0
-118.99,35.32,35.0,1576.0,405.0,870.0,282.0,2,59500.0
-118.99,35.32,26.0,875.0,199.0,567.0,204.0,1,36600.0
-118.99,35.3,33.0,2248.0,434.0,1461.0,405.0,3,56200.0
-118.99,34.23,9.0,10618.0,1617.0,4830.0,1606.0,7,284200.0
-119.0,36.07,20.0,1042.0,183.0,509.0,175.0,3,73000.0
-119.0,36.05,24.0,3208.0,691.0,1986.0,662.0,2,52300.0
-119.0,35.4,44.0,2250.0,378.0,928.0,379.0,4,93900.0
-119.0,35.39,42.0,2839.0,516.0,1203.0,487.0,4,79400.0
-119.0,35.37,41.0,303.0,78.0,216.0,80.0,2,55500.0
-119.0,35.36,40.0,850.0,227.0,764.0,186.0,1,43600.0
-119.0,35.36,39.0,896.0,217.0,805.0,197.0,1,42500.0
-119.0,35.36,35.0,1021.0,280.0,1258.0,239.0,2,48600.0
-119.0,35.35,35.0,1164.0,277.0,992.0,284.0,1,48700.0
-119.0,35.35,31.0,2931.0,716.0,1969.0,588.0,2,62100.0
-119.0,35.33,35.0,991.0,221.0,620.0,207.0,2,53800.0
-119.0,35.31,37.0,1337.0,275.0,767.0,273.0,2,53300.0
-119.0,34.19,5.0,3634.0,718.0,1317.0,743.0,4,227900.0
-119.0,34.08,17.0,1822.0,438.0,578.0,291.0,5,428600.0
-119.01,36.08,31.0,1620.0,366.0,1154.0,348.0,2,55500.0
-119.01,36.07,44.0,2450.0,575.0,1330.0,508.0,2,50900.0
-119.01,36.06,25.0,1505.0,367.0,1392.0,359.0,2,47700.0
-119.01,36.05,27.0,1127.0,294.0,839.0,276.0,1,53100.0
-119.01,36.02,17.0,3915.0,742.0,1768.0,688.0,2,79800.0
-119.01,35.44,20.0,3458.0,651.0,1465.0,621.0,3,82500.0
-119.01,35.38,44.0,434.0,110.0,274.0,86.0,1,57500.0
-119.01,35.38,36.0,790.0,224.0,426.0,208.0,1,50600.0
-119.01,35.37,45.0,629.0,143.0,568.0,139.0,2,84400.0
-119.01,35.37,44.0,593.0,136.0,364.0,121.0,1,66000.0
-119.01,35.37,38.0,1702.0,380.0,1191.0,366.0,2,57800.0
-119.01,35.37,33.0,821.0,181.0,579.0,172.0,1,46700.0
-119.01,35.36,38.0,1838.0,388.0,1203.0,373.0,2,60700.0
-119.01,35.36,36.0,2658.0,626.0,1490.0,529.0,1,57000.0
-119.01,35.36,24.0,1941.0,484.0,1277.0,435.0,1,51600.0
-119.01,35.35,39.0,598.0,149.0,366.0,132.0,2,57900.0
-119.01,35.35,34.0,1354.0,325.0,922.0,304.0,2,58000.0
-119.01,35.34,44.0,1730.0,343.0,782.0,278.0,3,63700.0
-119.01,35.34,36.0,973.0,219.0,613.0,187.0,2,46700.0
-119.01,35.33,42.0,1120.0,255.0,677.0,213.0,2,39400.0
-119.01,35.33,32.0,3068.0,628.0,1897.0,607.0,2,63700.0
-119.01,35.32,23.0,4870.0,965.0,2717.0,928.0,3,70000.0
-119.01,35.31,19.0,7092.0,1517.0,4101.0,1436.0,2,74800.0
-119.01,35.3,7.0,8596.0,1597.0,4893.0,1520.0,4,80900.0
-119.01,35.28,10.0,7011.0,1453.0,4163.0,1307.0,3,77500.0
-119.01,35.24,6.0,80.0,16.0,66.0,21.0,3,65000.0
-119.02,36.09,15.0,2234.0,415.0,1254.0,420.0,3,88600.0
-119.02,36.07,39.0,1173.0,269.0,702.0,232.0,2,53100.0
-119.02,36.07,29.0,2610.0,597.0,1659.0,571.0,2,60800.0
-119.02,36.05,22.0,2078.0,431.0,1336.0,456.0,2,65200.0
-119.02,35.44,29.0,3415.0,631.0,1527.0,597.0,4,84400.0
-119.02,35.43,39.0,2033.0,370.0,956.0,379.0,3,70700.0
-119.02,35.42,40.0,1089.0,226.0,520.0,218.0,2,67200.0
-119.02,35.42,36.0,2044.0,447.0,1021.0,374.0,2,57400.0
-119.02,35.41,41.0,2221.0,516.0,1106.0,473.0,2,51900.0
-119.02,35.41,31.0,2348.0,701.0,1413.0,611.0,1,51400.0
-119.02,35.39,52.0,191.0,52.0,106.0,49.0,2,72500.0
-119.02,35.39,30.0,227.0,75.0,169.0,101.0,1,60000.0
-119.02,35.38,48.0,346.0,92.0,129.0,63.0,1,63800.0
-119.02,35.37,44.0,2687.0,620.0,1521.0,549.0,2,61600.0
-119.02,35.36,47.0,1631.0,340.0,847.0,315.0,3,73700.0
-119.02,35.35,38.0,1472.0,305.0,670.0,282.0,2,76000.0
-119.02,35.34,38.0,1463.0,294.0,692.0,295.0,2,65800.0
-119.02,35.34,35.0,1650.0,390.0,1145.0,343.0,2,56500.0
-119.02,35.34,34.0,2861.0,510.0,1375.0,486.0,3,71400.0
-119.02,35.33,35.0,2053.0,412.0,1193.0,387.0,3,65800.0
-119.02,35.33,26.0,3691.0,826.0,2072.0,827.0,2,84700.0
-119.02,35.32,14.0,2927.0,588.0,1821.0,561.0,3,82600.0
-119.02,35.3,10.0,7397.0,1369.0,4611.0,1310.0,4,81600.0
-119.02,34.26,40.0,1498.0,292.0,707.0,249.0,4,228700.0
-119.02,34.24,24.0,4650.0,748.0,2374.0,702.0,6,232600.0
-119.03,36.08,19.0,2736.0,549.0,1432.0,503.0,3,67700.0
-119.03,36.08,19.0,2471.0,431.0,1040.0,426.0,3,80600.0
-119.03,36.07,26.0,3210.0,646.0,1908.0,642.0,2,77600.0
-119.03,36.06,36.0,1925.0,443.0,1405.0,422.0,2,51900.0
-119.03,35.45,14.0,3520.0,604.0,1748.0,582.0,4,87100.0
-119.03,35.42,42.0,1705.0,418.0,905.0,393.0,2,54600.0
-119.03,35.42,38.0,2952.0,598.0,1491.0,568.0,3,67900.0
-119.03,35.41,41.0,1808.0,435.0,1005.0,373.0,2,54300.0
-119.03,35.41,37.0,1761.0,443.0,911.0,365.0,2,53200.0
-119.03,35.4,35.0,2608.0,620.0,1566.0,583.0,2,63500.0
-119.03,35.39,28.0,4513.0,764.0,1593.0,763.0,3,118700.0
-119.03,35.38,38.0,2122.0,394.0,843.0,410.0,3,91800.0
-119.03,35.37,52.0,1503.0,367.0,554.0,277.0,2,126600.0
-119.03,35.37,42.0,2508.0,483.0,1035.0,442.0,3,72300.0
-119.03,35.36,41.0,2551.0,594.0,1342.0,595.0,2,76800.0
-119.03,35.36,41.0,1944.0,363.0,977.0,388.0,4,81300.0
-119.03,35.35,34.0,1441.0,294.0,695.0,275.0,3,73700.0
-119.03,35.34,34.0,2221.0,436.0,1131.0,408.0,3,68500.0
-119.03,35.33,21.0,3057.0,698.0,1627.0,680.0,3,84700.0
-119.03,35.32,12.0,2721.0,549.0,1294.0,523.0,3,100200.0
-119.03,35.3,10.0,829.0,146.0,447.0,173.0,4,102900.0
-119.03,34.25,25.0,3344.0,502.0,1483.0,496.0,6,340600.0
-119.03,34.24,25.0,3655.0,545.0,1776.0,544.0,6,238100.0
-119.03,34.23,21.0,3284.0,487.0,1832.0,521.0,5,250800.0
-119.03,34.22,24.0,3421.0,656.0,2220.0,645.0,5,214200.0
-119.04,36.09,15.0,2288.0,401.0,1238.0,429.0,3,77400.0
-119.04,36.07,26.0,2185.0,435.0,1108.0,419.0,2,78000.0
-119.04,36.07,17.0,2623.0,659.0,1912.0,618.0,2,52000.0
-119.04,35.95,25.0,1009.0,246.0,994.0,222.0,2,55800.0
-119.04,35.42,47.0,1691.0,402.0,913.0,358.0,2,54700.0
-119.04,35.41,25.0,1577.0,310.0,844.0,309.0,3,69400.0
-119.04,35.41,20.0,3268.0,833.0,1622.0,758.0,1,67500.0
-119.04,35.37,46.0,1637.0,338.0,714.0,297.0,2,75300.0
-119.04,35.37,44.0,1618.0,310.0,667.0,300.0,3,82700.0
-119.04,35.36,40.0,1533.0,312.0,771.0,306.0,3,69500.0
-119.04,35.35,31.0,1607.0,336.0,817.0,307.0,3,73000.0
-119.04,35.35,27.0,4590.0,897.0,2212.0,894.0,3,85000.0
-119.04,35.32,20.0,37.0,11.0,34.0,8.0,1,50000.0
-119.04,34.34,35.0,462.0,90.0,334.0,96.0,5,281300.0
-119.04,34.28,21.0,1856.0,276.0,863.0,255.0,5,500001.0
-119.04,34.24,20.0,7794.0,1192.0,4169.0,1188.0,6,311900.0
-119.04,34.23,21.0,9807.0,1614.0,4199.0,1554.0,5,246600.0
-119.05,36.09,9.0,3297.0,568.0,1749.0,568.0,4,99200.0
-119.05,36.07,21.0,2472.0,523.0,1238.0,504.0,2,62900.0
-119.05,35.42,41.0,1992.0,421.0,1006.0,419.0,3,57000.0
-119.05,35.42,35.0,2353.0,483.0,1368.0,455.0,2,63200.0
-119.05,35.4,18.0,1894.0,319.0,846.0,317.0,4,126400.0
-119.05,35.36,30.0,4635.0,800.0,2307.0,754.0,4,84700.0
-119.05,35.36,16.0,4507.0,1049.0,2261.0,959.0,3,118400.0
-119.05,35.33,18.0,12707.0,2685.0,7009.0,2552.0,3,87200.0
-119.05,35.3,9.0,10822.0,1994.0,6241.0,1906.0,4,88200.0
-119.05,34.4,50.0,1236.0,282.0,1079.0,257.0,3,181300.0
-119.05,34.36,22.0,1815.0,506.0,2428.0,473.0,3,162500.0
-119.05,34.21,27.0,4357.0,926.0,2110.0,876.0,3,218200.0
-119.05,34.19,39.0,143.0,36.0,113.0,33.0,3,275000.0
-119.05,34.13,12.0,57.0,22.0,69.0,15.0,5,275000.0
-119.06,36.15,25.0,2402.0,478.0,1527.0,461.0,2,52900.0
-119.06,36.15,20.0,1282.0,273.0,852.0,247.0,2,49000.0
-119.06,36.09,11.0,2572.0,454.0,1402.0,415.0,4,72900.0
-119.06,36.07,20.0,2683.0,553.0,1497.0,548.0,2,64600.0
-119.06,35.94,18.0,3501.0,721.0,2009.0,660.0,3,65700.0
-119.06,35.36,9.0,1228.0,234.0,409.0,212.0,4,95200.0
-119.06,35.35,20.0,9351.0,2139.0,4584.0,1953.0,3,69900.0
-119.06,35.32,15.0,3944.0,746.0,2355.0,757.0,4,70700.0
-119.06,34.62,10.0,416.0,110.0,436.0,70.0,2,262500.0
-119.06,34.36,52.0,1409.0,359.0,981.0,304.0,3,199300.0
-119.06,34.36,48.0,1459.0,324.0,902.0,350.0,2,189900.0
-119.06,34.35,34.0,2426.0,646.0,2116.0,631.0,2,158300.0
-119.06,34.24,21.0,7436.0,984.0,2982.0,988.0,8,391200.0
-119.06,34.23,29.0,3511.0,632.0,2591.0,596.0,3,221700.0
-119.06,34.23,23.0,3471.0,510.0,2002.0,555.0,5,257500.0
-119.06,34.22,13.0,4175.0,1321.0,2257.0,1271.0,3,177100.0
-119.07,37.8,12.0,1736.0,352.0,330.0,123.0,4,160700.0
-119.07,36.08,5.0,2693.0,508.0,1785.0,491.0,3,71000.0
-119.07,36.07,11.0,2265.0,382.0,1285.0,387.0,3,76200.0
-119.07,35.42,19.0,3889.0,832.0,1872.0,731.0,3,107600.0
-119.07,35.36,19.0,5254.0,894.0,2155.0,831.0,5,110700.0
-119.07,35.35,24.0,4119.0,865.0,1294.0,879.0,2,86200.0
-119.07,35.34,16.0,4201.0,786.0,1667.0,724.0,5,134100.0
-119.07,35.33,13.0,9027.0,1901.0,4870.0,1797.0,3,100700.0
-119.07,35.27,25.0,3081.0,635.0,1830.0,591.0,3,97900.0
-119.08,37.78,17.0,1631.0,335.0,285.0,128.0,3,130000.0
-119.08,36.22,28.0,1606.0,320.0,1158.0,317.0,3,55600.0
-119.08,36.21,20.0,1911.0,389.0,1241.0,348.0,3,59300.0
-119.08,36.13,21.0,2271.0,376.0,1145.0,372.0,3,113700.0
-119.08,36.09,25.0,1880.0,339.0,1003.0,315.0,3,103400.0
-119.08,36.02,26.0,1748.0,346.0,891.0,303.0,2,62100.0
-119.08,35.42,10.0,4159.0,608.0,2089.0,591.0,6,132000.0
-119.08,35.39,10.0,6435.0,1040.0,3242.0,1030.0,6,132200.0
-119.08,35.36,12.0,6442.0,1116.0,2966.0,1092.0,5,123400.0
-119.08,35.35,20.0,892.0,129.0,331.0,135.0,7,176300.0
-119.08,35.34,18.0,4070.0,512.0,1580.0,540.0,11,245800.0
-119.08,35.34,16.0,1535.0,238.0,768.0,236.0,5,118500.0
-119.08,35.34,15.0,1474.0,235.0,768.0,238.0,4,130100.0
-119.08,35.32,8.0,11609.0,2141.0,5696.0,2100.0,5,106300.0
-119.08,34.34,23.0,3065.0,723.0,2042.0,698.0,3,194800.0
-119.09,36.42,17.0,877.0,219.0,966.0,218.0,2,52500.0
-119.09,36.42,15.0,1517.0,361.0,1275.0,343.0,2,55800.0
-119.09,36.35,21.0,3146.0,595.0,1580.0,513.0,3,92700.0
-119.09,36.22,34.0,1715.0,290.0,780.0,297.0,3,74300.0
-119.09,36.21,43.0,1335.0,280.0,943.0,288.0,2,47700.0
-119.09,36.21,38.0,1901.0,453.0,1613.0,400.0,2,44600.0
-119.09,35.43,28.0,254.0,35.0,118.0,37.0,5,237500.0
-119.09,35.35,14.0,2113.0,256.0,842.0,265.0,9,224100.0
-119.09,35.33,9.0,7085.0,1148.0,3084.0,1052.0,5,142900.0
-119.09,34.35,20.0,4725.0,881.0,2823.0,869.0,4,214800.0
-119.09,34.22,8.0,40.0,10.0,309.0,16.0,4,52500.0
-119.1,36.42,26.0,1775.0,416.0,1217.0,383.0,2,57600.0
-119.1,36.4,31.0,1533.0,361.0,1518.0,386.0,2,51700.0
-119.1,36.4,23.0,1885.0,363.0,1056.0,338.0,3,92800.0
-119.1,36.21,38.0,727.0,173.0,559.0,176.0,2,49500.0
-119.1,36.19,17.0,1564.0,396.0,713.0,362.0,2,77100.0
-119.1,35.79,19.0,1809.0,477.0,2051.0,416.0,2,49800.0
-119.1,35.35,5.0,4597.0,1071.0,1916.0,870.0,4,131000.0
-119.1,35.33,4.0,6640.0,898.0,3121.0,902.0,7,170300.0
-119.1,34.31,21.0,2424.0,527.0,1379.0,484.0,3,184000.0
-119.11,36.29,18.0,1666.0,294.0,859.0,301.0,3,93800.0
-119.11,36.21,10.0,1972.0,455.0,1469.0,442.0,2,58400.0
-119.11,35.42,52.0,154.0,28.0,37.0,16.0,10,200000.0
-119.11,35.38,37.0,2044.0,394.0,894.0,359.0,3,82800.0
-119.11,34.33,14.0,4026.0,769.0,1825.0,671.0,4,191800.0
-119.11,34.17,37.0,470.0,105.0,522.0,83.0,2,243800.0
-119.12,36.69,13.0,3963.0,812.0,1905.0,671.0,2,90500.0
-119.12,36.54,30.0,2747.0,515.0,1368.0,453.0,3,85200.0
-119.12,36.29,29.0,1638.0,323.0,942.0,322.0,2,66200.0
-119.12,36.19,21.0,2645.0,464.0,1245.0,407.0,3,114200.0
-119.12,36.05,27.0,1575.0,321.0,1063.0,317.0,2,53900.0
-119.12,35.41,12.0,5589.0,941.0,3018.0,917.0,4,96900.0
-119.12,35.39,13.0,1264.0,202.0,552.0,187.0,5,94300.0
-119.12,35.38,18.0,1521.0,269.0,706.0,279.0,4,121000.0
-119.12,35.37,13.0,4527.0,713.0,2170.0,671.0,5,146200.0
-119.12,34.38,28.0,7200.0,1281.0,3793.0,1238.0,4,237900.0
-119.12,34.25,31.0,737.0,146.0,1436.0,168.0,4,194100.0
-119.12,34.23,35.0,2028.0,554.0,2252.0,521.0,2,182000.0
-119.13,36.3,33.0,3379.0,612.0,1565.0,618.0,3,76500.0
-119.13,36.13,28.0,1673.0,385.0,1434.0,371.0,2,40900.0
-119.13,35.22,5.0,6268.0,1003.0,3269.0,980.0,5,118200.0
-119.13,34.19,16.0,6389.0,1330.0,6242.0,1340.0,4,206800.0
-119.14,36.29,36.0,788.0,181.0,405.0,180.0,1,61900.0
-119.14,36.29,32.0,2084.0,482.0,1410.0,420.0,2,48300.0
-119.14,35.76,30.0,735.0,137.0,421.0,113.0,3,156300.0
-119.14,34.49,17.0,321.0,44.0,92.0,39.0,8,375000.0
-119.14,34.29,17.0,2754.0,577.0,1349.0,533.0,3,154200.0
-119.14,34.28,31.0,790.0,241.0,1095.0,222.0,2,75000.0
-119.14,34.23,8.0,243.0,75.0,102.0,80.0,3,500001.0
-119.14,34.17,16.0,1593.0,353.0,836.0,357.0,3,67500.0
-119.14,34.15,25.0,2202.0,390.0,1415.0,412.0,4,207700.0
-119.15,36.29,18.0,1435.0,257.0,657.0,254.0,2,72500.0
-119.15,34.83,6.0,8733.0,1600.0,2006.0,736.0,5,168400.0
-119.15,34.44,33.0,2005.0,392.0,1043.0,351.0,5,297900.0
-119.15,34.3,21.0,2475.0,502.0,1269.0,505.0,3,259200.0
-119.15,34.25,36.0,3511.0,664.0,2965.0,695.0,4,186800.0
-119.15,34.2,25.0,3445.0,898.0,5558.0,894.0,3,169300.0
-119.15,34.17,22.0,1612.0,334.0,1431.0,335.0,5,194400.0
-119.16,36.31,7.0,2946.0,664.0,1608.0,622.0,2,80200.0
-119.16,36.28,18.0,2377.0,414.0,1359.0,424.0,4,79300.0
-119.16,34.28,30.0,413.0,98.0,400.0,112.0,4,219200.0
-119.16,34.28,11.0,5330.0,1056.0,2801.0,1028.0,5,232700.0
-119.16,34.27,24.0,1824.0,331.0,1049.0,320.0,6,221100.0
-119.16,34.23,26.0,5444.0,1293.0,3700.0,1158.0,3,213200.0
-119.16,34.17,17.0,7982.0,1603.0,6437.0,1596.0,4,223900.0
-119.16,34.12,17.0,224.0,70.0,147.0,71.0,4,280000.0
-119.17,34.31,21.0,259.0,38.0,142.0,45.0,5,500001.0
-119.17,34.27,24.0,4165.0,646.0,2194.0,658.0,6,234800.0
-119.17,34.27,18.0,8010.0,1539.0,3982.0,1483.0,4,236500.0
-119.17,34.26,10.0,3654.0,541.0,1638.0,551.0,6,267300.0
-119.17,34.25,15.0,1329.0,282.0,1001.0,284.0,4,189300.0
-119.17,34.22,29.0,4188.0,816.0,2783.0,790.0,4,197100.0
-119.17,34.21,33.0,1039.0,256.0,1432.0,272.0,3,143500.0
-119.17,34.2,40.0,1083.0,319.0,1843.0,349.0,2,106900.0
-119.17,34.2,36.0,2028.0,523.0,2751.0,496.0,3,149300.0
-119.17,34.19,28.0,1444.0,508.0,2145.0,437.0,2,175000.0
-119.17,34.18,38.0,3221.0,783.0,2792.0,736.0,3,172400.0
-119.17,34.17,42.0,1411.0,300.0,1295.0,339.0,3,164900.0
-119.17,34.17,34.0,2749.0,539.0,2330.0,559.0,4,185600.0
-119.17,34.17,32.0,1567.0,304.0,1482.0,308.0,4,182100.0
-119.17,34.17,25.0,1596.0,321.0,1378.0,308.0,4,188000.0
-119.17,34.17,21.0,2361.0,464.0,1146.0,396.0,4,195100.0
-119.17,34.16,17.0,5276.0,1020.0,4066.0,984.0,5,205400.0
-119.17,34.15,18.0,2509.0,688.0,3129.0,677.0,3,146100.0
-119.18,36.4,39.0,1730.0,310.0,899.0,309.0,3,129200.0
-119.18,35.5,36.0,1253.0,259.0,932.0,249.0,2,110400.0
-119.18,34.28,17.0,4526.0,717.0,2088.0,655.0,6,268200.0
-119.18,34.26,22.0,2334.0,359.0,1298.0,363.0,6,228900.0
-119.18,34.24,17.0,629.0,221.0,514.0,186.0,3,112500.0
-119.18,34.23,16.0,4609.0,1220.0,2147.0,1007.0,3,218800.0
-119.18,34.21,46.0,2062.0,484.0,1522.0,469.0,3,213900.0
-119.18,34.21,30.0,1096.0,231.0,741.0,229.0,4,234700.0
-119.18,34.21,29.0,4039.0,680.0,1677.0,644.0,4,257600.0
-119.18,34.2,21.0,494.0,127.0,489.0,106.0,3,170800.0
-119.18,34.19,5.0,384.0,131.0,410.0,149.0,2,87500.0
-119.18,34.19,19.0,2393.0,729.0,1938.0,762.0,2,167400.0
-119.18,34.18,31.0,2636.0,638.0,2695.0,614.0,3,175800.0
-119.18,34.17,32.0,2388.0,467.0,1746.0,483.0,4,187600.0
-119.18,34.16,30.0,2053.0,368.0,1496.0,391.0,4,186200.0
-119.18,34.16,27.0,1832.0,415.0,1480.0,414.0,4,186000.0
-119.18,34.16,12.0,460.0,101.0,405.0,103.0,5,167400.0
-119.18,34.15,22.0,4769.0,1366.0,5534.0,1318.0,2,192000.0
-119.19,36.34,33.0,2199.0,403.0,1245.0,394.0,3,96900.0
-119.19,35.96,25.0,2014.0,402.0,1160.0,362.0,2,52500.0
-119.19,35.64,29.0,1476.0,220.0,902.0,205.0,3,83300.0
-119.19,35.41,12.0,2835.0,471.0,1399.0,413.0,4,149000.0
-119.19,34.46,39.0,2056.0,381.0,939.0,371.0,7,427600.0
-119.19,34.3,25.0,2197.0,320.0,934.0,330.0,6,283200.0
-119.19,34.28,28.0,3231.0,524.0,1665.0,540.0,5,224200.0
-119.19,34.26,16.0,5018.0,853.0,2524.0,830.0,5,218000.0
-119.19,34.25,12.0,232.0,37.0,79.0,35.0,4,214600.0
-119.19,34.23,17.0,3889.0,748.0,2415.0,739.0,4,234300.0
-119.19,34.21,34.0,3413.0,693.0,2223.0,651.0,4,208200.0
-119.19,34.21,28.0,4194.0,811.0,2556.0,856.0,4,235400.0
-119.19,34.21,27.0,1887.0,487.0,1339.0,428.0,3,224500.0
-119.19,34.2,36.0,1293.0,312.0,1128.0,335.0,2,253900.0
-119.19,34.2,18.0,3620.0,852.0,3171.0,779.0,3,220500.0
-119.19,34.19,35.0,2599.0,552.0,2726.0,543.0,3,180500.0
-119.19,34.18,32.0,3366.0,677.0,2857.0,669.0,5,181100.0
-119.19,34.17,35.0,4276.0,767.0,3295.0,708.0,4,187300.0
-119.19,34.17,31.0,1872.0,434.0,1511.0,405.0,3,186800.0
-119.19,34.16,35.0,2733.0,510.0,1814.0,511.0,4,183400.0
-119.19,34.16,34.0,2610.0,466.0,1543.0,433.0,4,189000.0
-119.19,34.15,31.0,4175.0,1004.0,3310.0,954.0,3,185400.0
-119.2,36.3,32.0,1355.0,363.0,1427.0,384.0,1,45600.0
-119.2,36.3,19.0,1427.0,311.0,1026.0,293.0,3,57000.0
-119.2,36.28,22.0,2295.0,508.0,1654.0,478.0,2,65900.0
-119.2,35.37,6.0,7383.0,1095.0,3415.0,1059.0,5,157300.0
-119.2,34.28,22.0,2362.0,601.0,1127.0,499.0,3,219400.0
-119.2,34.27,8.0,4942.0,1173.0,3012.0,1033.0,3,203400.0
-119.2,34.26,25.0,2203.0,367.0,1194.0,377.0,5,223200.0
-119.2,34.26,13.0,3009.0,588.0,1439.0,607.0,4,199500.0
-119.2,34.25,25.0,195.0,59.0,140.0,43.0,4,187500.0
-119.2,34.25,18.0,3208.0,643.0,1973.0,614.0,4,235000.0
-119.2,34.19,19.0,9503.0,1769.0,6370.0,1718.0,5,218500.0
-119.2,34.18,27.0,1035.0,229.0,782.0,222.0,4,185400.0
-119.2,34.18,22.0,6465.0,1397.0,2694.0,1370.0,3,165600.0
-119.21,37.25,44.0,3042.0,697.0,335.0,115.0,4,85600.0
-119.21,36.39,31.0,1465.0,303.0,1013.0,297.0,2,53500.0
-119.21,36.38,18.0,2158.0,413.0,1461.0,395.0,2,58000.0
-119.21,36.3,23.0,951.0,235.0,806.0,222.0,2,41400.0
-119.21,36.3,18.0,1433.0,265.0,1092.0,276.0,2,49400.0
-119.21,36.1,30.0,1471.0,373.0,1418.0,357.0,2,42500.0
-119.21,34.31,22.0,7548.0,1038.0,2855.0,1008.0,7,409300.0
-119.21,34.28,27.0,2219.0,312.0,937.0,315.0,6,281100.0
-119.21,34.26,31.0,224.0,88.0,326.0,88.0,2,55000.0
-119.21,34.26,26.0,2406.0,411.0,1313.0,391.0,5,234100.0
-119.21,34.26,23.0,2887.0,540.0,1508.0,518.0,3,217600.0
-119.21,34.26,10.0,3150.0,781.0,1582.0,653.0,4,157300.0
-119.21,34.19,15.0,5614.0,989.0,2754.0,994.0,5,242900.0
-119.21,34.19,15.0,3797.0,692.0,2216.0,675.0,5,229500.0
-119.21,34.18,13.0,6103.0,1319.0,2986.0,1212.0,4,215200.0
-119.21,34.12,15.0,5778.0,1285.0,1722.0,829.0,4,305800.0
-119.22,36.31,17.0,2079.0,459.0,2022.0,462.0,2,54100.0
-119.22,35.68,16.0,2874.0,677.0,3078.0,651.0,2,55200.0
-119.22,34.28,33.0,2467.0,377.0,1052.0,363.0,5,257500.0
-119.22,34.28,24.0,2212.0,332.0,899.0,331.0,6,299700.0
-119.22,34.27,30.0,1937.0,295.0,695.0,313.0,5,234300.0
-119.22,34.27,11.0,4695.0,955.0,2065.0,982.0,3,223600.0
-119.22,34.26,16.0,2596.0,625.0,1403.0,562.0,3,145200.0
-119.22,34.18,17.0,3332.0,762.0,1797.0,673.0,4,231200.0
-119.22,34.15,32.0,3152.0,596.0,3490.0,526.0,3,450000.0
-119.23,36.45,36.0,1508.0,323.0,1283.0,312.0,2,60000.0
-119.23,36.39,39.0,1660.0,349.0,1061.0,306.0,1,53500.0
-119.23,35.79,31.0,2862.0,606.0,2467.0,600.0,2,62100.0
-119.23,35.78,8.0,1612.0,343.0,1230.0,330.0,2,67200.0
-119.23,35.77,36.0,3225.0,635.0,2034.0,593.0,2,72500.0
-119.23,35.77,26.0,2636.0,468.0,1416.0,485.0,4,84000.0
-119.23,34.46,34.0,9280.0,1765.0,4514.0,1693.0,3,227600.0
-119.23,34.44,34.0,3193.0,664.0,1434.0,627.0,2,260300.0
-119.23,34.42,16.0,630.0,117.0,343.0,100.0,6,325000.0
-119.23,34.3,18.0,1713.0,244.0,690.0,239.0,7,404300.0
-119.23,34.28,24.0,4260.0,691.0,1581.0,607.0,6,303600.0
-119.23,34.27,29.0,3298.0,804.0,1509.0,711.0,4,244500.0
-119.23,34.27,22.0,3536.0,615.0,1650.0,612.0,4,229300.0
-119.23,34.25,28.0,26.0,3.0,29.0,9.0,8,275000.0
-119.23,34.19,16.0,5297.0,810.0,1489.0,667.0,6,500001.0
-119.23,34.15,18.0,6213.0,1188.0,2679.0,1000.0,4,380400.0
-119.24,36.8,17.0,2052.0,405.0,975.0,340.0,3,94400.0
-119.24,35.77,28.0,1737.0,521.0,1764.0,514.0,2,67800.0
-119.24,35.68,21.0,1885.0,398.0,1539.0,388.0,3,58500.0
-119.24,35.67,32.0,3216.0,750.0,2639.0,709.0,2,54700.0
-119.24,34.28,41.0,1280.0,240.0,608.0,252.0,4,229100.0
-119.24,34.27,32.0,4071.0,888.0,1900.0,874.0,3,220500.0
-119.25,36.36,16.0,3245.0,469.0,1471.0,450.0,6,154800.0
-119.25,36.32,32.0,1821.0,345.0,812.0,299.0,3,72200.0
-119.25,36.27,23.0,1494.0,275.0,678.0,235.0,3,69100.0
-119.25,36.23,24.0,2015.0,355.0,1031.0,351.0,3,139200.0
-119.25,35.79,8.0,3271.0,797.0,2700.0,688.0,2,62200.0
-119.25,35.78,35.0,1927.0,386.0,1371.0,414.0,2,69900.0
-119.25,35.78,27.0,1513.0,342.0,1346.0,323.0,3,59800.0
-119.25,35.77,35.0,1618.0,378.0,1449.0,398.0,2,56500.0
-119.25,35.76,36.0,2332.0,656.0,2175.0,610.0,2,57300.0
-119.25,35.75,36.0,1598.0,443.0,1658.0,417.0,2,52100.0
-119.25,34.3,34.0,1189.0,220.0,445.0,203.0,5,396400.0
-119.25,34.28,36.0,2232.0,373.0,951.0,368.0,5,303200.0
-119.25,34.28,36.0,1530.0,341.0,703.0,317.0,4,231900.0
-119.25,34.27,46.0,679.0,159.0,382.0,143.0,4,221200.0
-119.25,34.27,35.0,2532.0,407.0,1338.0,422.0,5,219000.0
-119.25,34.26,30.0,2948.0,827.0,1635.0,750.0,3,214900.0
-119.25,34.21,12.0,15201.0,2418.0,7132.0,2251.0,6,301800.0
-119.26,36.61,33.0,560.0,90.0,310.0,113.0,3,118800.0
-119.26,36.5,35.0,1689.0,371.0,1475.0,329.0,3,74300.0
-119.26,36.3,18.0,3578.0,720.0,1540.0,640.0,2,84600.0
-119.26,35.87,24.0,1590.0,390.0,1686.0,372.0,2,47600.0
-119.26,34.46,30.0,3826.0,691.0,1656.0,657.0,4,434700.0
-119.26,34.28,41.0,2822.0,564.0,1288.0,541.0,3,254100.0
-119.26,34.28,41.0,1835.0,311.0,683.0,308.0,5,358200.0
-119.26,34.27,42.0,918.0,204.0,394.0,204.0,4,214300.0
-119.26,34.27,40.0,2528.0,572.0,1318.0,549.0,4,212700.0
-119.27,36.39,17.0,2076.0,350.0,998.0,340.0,4,145700.0
-119.27,36.34,7.0,3433.0,626.0,1793.0,626.0,4,83700.0
-119.27,36.34,26.0,2057.0,472.0,1453.0,439.0,2,58600.0
-119.27,36.32,9.0,3631.0,635.0,1881.0,628.0,5,113100.0
-119.27,36.32,6.0,2881.0,518.0,1432.0,504.0,4,110200.0
-119.27,36.18,23.0,3180.0,547.0,1829.0,498.0,3,66000.0
-119.27,36.05,29.0,1016.0,174.0,481.0,140.0,2,112500.0
-119.27,35.89,18.0,1855.0,424.0,1839.0,392.0,2,53300.0
-119.27,35.88,32.0,1393.0,343.0,1282.0,336.0,2,43700.0
-119.27,35.5,34.0,1367.0,329.0,796.0,319.0,3,61100.0
-119.27,35.5,21.0,2171.0,483.0,1315.0,450.0,2,52100.0
-119.27,35.49,39.0,2649.0,572.0,1815.0,547.0,2,65400.0
-119.27,34.45,15.0,1659.0,274.0,679.0,253.0,5,357900.0
-119.27,34.44,22.0,3527.0,711.0,1483.0,640.0,3,234700.0
-119.27,34.29,32.0,2274.0,406.0,982.0,393.0,5,385200.0
-119.27,34.28,52.0,2239.0,420.0,941.0,397.0,4,349000.0
-119.27,34.28,50.0,1710.0,412.0,915.0,380.0,3,206300.0
-119.27,34.27,52.0,459.0,112.0,276.0,107.0,2,198400.0
-119.27,34.27,44.0,1312.0,279.0,668.0,278.0,4,203800.0
-119.27,34.26,23.0,3578.0,753.0,1455.0,649.0,4,359100.0
-119.27,34.17,15.0,11403.0,2131.0,3327.0,1585.0,4,423300.0
-119.28,37.11,34.0,1901.0,394.0,171.0,73.0,3,144600.0
-119.28,36.54,33.0,1470.0,330.0,1222.0,301.0,2,57400.0
-119.28,36.52,19.0,1402.0,324.0,1327.0,316.0,2,53200.0
-119.28,36.33,10.0,1051.0,297.0,927.0,274.0,1,55500.0
-119.28,36.32,16.0,2812.0,514.0,1620.0,523.0,4,89200.0
-119.28,35.52,36.0,786.0,194.0,573.0,134.0,2,37500.0
-119.28,35.5,34.0,1923.0,379.0,1101.0,351.0,2,65800.0
-119.28,35.5,28.0,3107.0,782.0,3260.0,738.0,2,58600.0
-119.28,34.45,36.0,2376.0,541.0,1505.0,547.0,2,197600.0
-119.28,34.42,23.0,4763.0,828.0,2198.0,771.0,5,313000.0
-119.28,34.27,44.0,706.0,176.0,399.0,149.0,3,166700.0
-119.28,34.27,43.0,403.0,77.0,156.0,85.0,5,384600.0
-119.29,36.55,21.0,2467.0,520.0,1721.0,515.0,3,65600.0
-119.29,36.52,39.0,858.0,228.0,1222.0,224.0,2,43000.0
-119.29,36.35,15.0,1740.0,319.0,1332.0,308.0,3,60200.0
-119.29,36.34,35.0,1235.0,369.0,1246.0,341.0,1,71000.0
-119.29,36.34,28.0,1440.0,431.0,2178.0,440.0,1,50600.0
-119.29,36.34,10.0,1832.0,455.0,1664.0,429.0,2,53300.0
-119.29,36.33,19.0,792.0,232.0,641.0,222.0,1,112500.0
-119.29,36.32,35.0,1898.0,481.0,1123.0,433.0,1,62900.0
-119.29,36.32,33.0,2107.0,451.0,1364.0,442.0,2,67200.0
-119.29,36.31,34.0,1439.0,253.0,607.0,223.0,3,82800.0
-119.29,36.31,14.0,2382.0,377.0,1278.0,386.0,5,101900.0
-119.29,36.3,20.0,1157.0,179.0,572.0,191.0,5,177300.0
-119.29,36.28,23.0,1895.0,340.0,749.0,313.0,2,120100.0
-119.29,34.45,26.0,2849.0,535.0,1383.0,532.0,3,230800.0
-119.29,34.4,22.0,3891.0,657.0,1727.0,581.0,4,241400.0
-119.29,34.3,24.0,7637.0,1705.0,4647.0,1623.0,4,186800.0
-119.29,34.29,33.0,3854.0,982.0,1835.0,894.0,4,323900.0
-119.29,34.26,32.0,3295.0,764.0,1344.0,600.0,4,395500.0
-119.3,38.26,19.0,3325.0,660.0,750.0,286.0,3,114800.0
-119.3,36.57,32.0,728.0,136.0,461.0,149.0,3,109100.0
-119.3,36.35,24.0,1855.0,416.0,1520.0,410.0,2,64900.0
-119.3,36.34,45.0,3723.0,831.0,2256.0,770.0,2,63100.0
-119.3,36.34,27.0,1515.0,358.0,1178.0,309.0,1,48100.0
-119.3,36.33,44.0,2060.0,414.0,819.0,355.0,3,77000.0
-119.3,36.3,14.0,3023.0,469.0,1523.0,492.0,5,118600.0
-119.3,35.87,20.0,1934.0,377.0,1341.0,336.0,2,62600.0
-119.3,34.42,18.0,5591.0,1042.0,2860.0,1026.0,4,219900.0
-119.3,34.39,35.0,3079.0,579.0,1807.0,589.0,5,199300.0
-119.3,34.29,50.0,3128.0,825.0,2535.0,783.0,2,165300.0
-119.3,34.29,41.0,1445.0,410.0,1052.0,388.0,3,170800.0
-119.3,34.29,26.0,3665.0,932.0,2775.0,870.0,2,160500.0
-119.3,34.27,17.0,1527.0,503.0,688.0,423.0,2,187500.0
-119.31,36.62,33.0,1485.0,374.0,1544.0,329.0,2,52000.0
-119.31,36.62,25.0,831.0,230.0,947.0,244.0,1,51700.0
-119.31,36.34,32.0,1893.0,453.0,1744.0,425.0,1,54100.0
-119.31,36.34,14.0,2985.0,607.0,2250.0,607.0,2,65200.0
-119.31,36.33,46.0,1636.0,338.0,772.0,332.0,2,84900.0
-119.31,36.32,44.0,2032.0,308.0,791.0,336.0,4,109000.0
-119.31,36.31,18.0,3860.0,760.0,1643.0,664.0,2,92600.0
-119.31,36.3,20.0,1256.0,209.0,566.0,195.0,4,86300.0
-119.31,36.2,23.0,1837.0,332.0,1064.0,335.0,3,74500.0
-119.31,36.06,20.0,2236.0,434.0,1405.0,412.0,2,48700.0
-119.31,35.99,26.0,1460.0,316.0,880.0,286.0,1,47800.0
-119.31,34.44,5.0,403.0,48.0,208.0,54.0,13,500001.0
-119.31,34.41,22.0,2612.0,494.0,1361.0,439.0,4,245000.0
-119.31,34.38,23.0,282.0,69.0,130.0,57.0,2,225000.0
-119.32,37.06,15.0,3111.0,651.0,276.0,107.0,5,179200.0
-119.32,36.62,15.0,1070.0,256.0,1070.0,243.0,2,51500.0
-119.32,36.36,18.0,2060.0,383.0,1348.0,397.0,3,68400.0
-119.32,36.33,20.0,1896.0,266.0,674.0,277.0,9,239100.0
-119.32,36.33,18.0,2603.0,478.0,1158.0,423.0,5,150500.0
-119.32,36.32,35.0,2316.0,387.0,849.0,378.0,4,88600.0
-119.32,36.32,29.0,2409.0,436.0,1142.0,440.0,4,87700.0
-119.32,36.31,21.0,2309.0,424.0,1047.0,453.0,3,87500.0
-119.32,36.3,14.0,1680.0,343.0,931.0,350.0,3,89200.0
-119.32,36.25,21.0,1231.0,204.0,609.0,206.0,3,90000.0
-119.32,36.22,5.0,2319.0,438.0,1283.0,423.0,4,95400.0
-119.32,36.21,29.0,1220.0,232.0,619.0,246.0,3,78300.0
-119.32,36.19,11.0,1281.0,291.0,861.0,313.0,1,72300.0
-119.32,34.35,16.0,52.0,16.0,51.0,15.0,2,225000.0
-119.33,36.89,15.0,1879.0,411.0,755.0,294.0,2,83300.0
-119.33,36.32,23.0,3137.0,628.0,1446.0,548.0,2,85500.0
-119.33,36.32,20.0,2025.0,328.0,1039.0,346.0,4,82800.0
-119.33,36.32,19.0,2778.0,431.0,1092.0,451.0,5,121300.0
-119.33,36.32,16.0,3331.0,839.0,1955.0,763.0,2,86600.0
-119.33,36.31,17.0,2401.0,409.0,1100.0,409.0,4,107300.0
-119.33,36.3,12.0,2172.0,352.0,1013.0,354.0,5,115600.0
-119.33,36.3,11.0,3045.0,522.0,1563.0,516.0,5,133800.0
-119.33,36.28,16.0,2624.0,527.0,1077.0,520.0,2,104200.0
-119.33,36.22,9.0,3748.0,644.0,1955.0,620.0,4,108100.0
-119.33,36.22,29.0,1735.0,323.0,805.0,293.0,4,89900.0
-119.33,36.21,38.0,3115.0,622.0,1238.0,606.0,3,67000.0
-119.33,35.6,32.0,2703.0,683.0,2682.0,675.0,1,60500.0
-119.33,35.59,20.0,3085.0,691.0,2645.0,676.0,2,54100.0
-119.34,37.12,23.0,1881.0,380.0,64.0,37.0,4,125000.0
-119.34,36.32,6.0,3266.0,604.0,1769.0,580.0,3,89200.0
-119.34,36.32,14.0,1204.0,227.0,633.0,247.0,4,83800.0
-119.34,36.31,14.0,1635.0,422.0,870.0,399.0,3,88900.0
-119.34,36.3,13.0,2394.0,458.0,1177.0,389.0,3,74400.0
-119.34,36.23,12.0,4965.0,872.0,2191.0,804.0,4,90200.0
-119.34,36.21,30.0,749.0,214.0,537.0,199.0,1,68400.0
-119.34,36.21,22.0,3065.0,726.0,2165.0,738.0,1,54400.0
-119.34,36.2,12.0,1632.0,378.0,1303.0,315.0,2,54400.0
-119.34,35.6,16.0,1584.0,309.0,1011.0,268.0,2,58800.0
-119.34,35.59,33.0,3240.0,654.0,1809.0,616.0,2,71900.0
-119.35,36.52,39.0,3027.0,608.0,2199.0,592.0,3,62000.0
-119.35,36.42,18.0,1115.0,193.0,1742.0,176.0,3,123800.0
-119.35,36.32,10.0,3817.0,719.0,1686.0,714.0,4,94600.0
-119.35,36.22,32.0,1290.0,304.0,852.0,309.0,1,54600.0
-119.35,36.2,31.0,1783.0,382.0,1266.0,358.0,2,50800.0
-119.35,36.2,29.0,1938.0,404.0,1487.0,414.0,2,51100.0
-119.35,36.16,21.0,2751.0,602.0,1496.0,489.0,2,49200.0
-119.35,35.58,13.0,1657.0,362.0,1186.0,376.0,1,63200.0
-119.36,36.33,11.0,3221.0,617.0,1351.0,565.0,3,132000.0
-119.36,36.22,10.0,2445.0,526.0,1262.0,476.0,2,68300.0
-119.36,36.21,25.0,1170.0,259.0,804.0,257.0,1,50200.0
-119.36,36.21,18.0,1082.0,202.0,793.0,213.0,2,60000.0
-119.36,36.2,33.0,1955.0,398.0,1412.0,397.0,2,51500.0
-119.36,35.55,29.0,510.0,84.0,236.0,73.0,3,125000.0
-119.37,36.47,26.0,337.0,69.0,277.0,73.0,2,100000.0
-119.37,36.35,20.0,1132.0,177.0,518.0,178.0,5,231300.0
-119.37,36.22,19.0,1673.0,318.0,1298.0,343.0,3,64800.0
-119.37,36.21,35.0,2228.0,476.0,1567.0,449.0,1,54100.0
-119.38,36.56,25.0,1180.0,222.0,611.0,212.0,2,84700.0
-119.38,36.55,31.0,2342.0,439.0,1411.0,465.0,3,72000.0
-119.38,36.54,33.0,2465.0,536.0,2030.0,522.0,2,51800.0
-119.38,36.53,38.0,1281.0,297.0,1423.0,293.0,2,51400.0
-119.38,36.3,14.0,1932.0,330.0,997.0,291.0,4,93200.0
-119.39,36.64,38.0,949.0,190.0,578.0,187.0,2,80000.0
-119.39,36.55,30.0,1669.0,314.0,837.0,325.0,3,80400.0
-119.39,36.54,30.0,1408.0,326.0,1184.0,324.0,2,59100.0
-119.39,34.32,19.0,3238.0,629.0,1195.0,443.0,5,500001.0
-119.4,37.09,22.0,2211.0,477.0,773.0,288.0,3,102700.0
-119.4,36.55,19.0,3000.0,628.0,2202.0,590.0,3,67400.0
-119.4,36.53,28.0,2201.0,429.0,1524.0,412.0,3,65000.0
-119.4,36.04,39.0,915.0,199.0,580.0,175.0,2,112500.0
-119.4,35.06,21.0,2213.0,458.0,1250.0,440.0,3,52100.0
-119.41,36.68,18.0,1802.0,332.0,945.0,292.0,3,115300.0
-119.41,36.35,20.0,1743.0,340.0,1390.0,336.0,2,52900.0
-119.42,36.35,20.0,1469.0,303.0,1031.0,259.0,2,48000.0
-119.42,35.4,24.0,2585.0,480.0,1442.0,424.0,3,104700.0
-119.42,35.19,26.0,890.0,172.0,483.0,170.0,4,68200.0
-119.43,36.63,25.0,1784.0,312.0,904.0,303.0,4,107600.0
-119.43,36.61,19.0,1484.0,296.0,1296.0,298.0,2,65800.0
-119.43,36.59,15.0,1371.0,306.0,1266.0,309.0,2,63300.0
-119.43,36.55,27.0,1621.0,323.0,882.0,324.0,3,93500.0
-119.44,38.53,20.0,1963.0,434.0,682.0,273.0,2,97800.0
-119.44,36.6,5.0,2353.0,608.0,2505.0,573.0,2,69200.0
-119.44,36.59,32.0,1153.0,236.0,761.0,241.0,3,67600.0
-119.44,36.59,28.0,1343.0,330.0,1331.0,305.0,2,56700.0
-119.44,36.58,37.0,1054.0,239.0,879.0,257.0,3,63500.0
-119.44,36.48,27.0,1546.0,415.0,1704.0,395.0,1,41700.0
-119.45,37.21,17.0,3538.0,726.0,1603.0,629.0,3,95600.0
-119.45,36.61,24.0,1302.0,232.0,693.0,243.0,4,90500.0
-119.45,36.6,42.0,510.0,88.0,247.0,99.0,2,73000.0
-119.45,36.6,36.0,2294.0,489.0,1430.0,454.0,2,60900.0
-119.45,36.59,41.0,1749.0,342.0,1171.0,314.0,2,66100.0
-119.45,36.59,28.0,1274.0,215.0,572.0,202.0,4,84200.0
-119.45,36.58,18.0,1425.0,280.0,753.0,266.0,4,87300.0
-119.45,36.48,38.0,402.0,86.0,311.0,87.0,3,106300.0
-119.45,36.35,22.0,1824.0,333.0,1076.0,282.0,2,69600.0
-119.45,36.09,18.0,408.0,82.0,253.0,75.0,2,112500.0
-119.45,35.16,34.0,3437.0,696.0,1783.0,608.0,2,52900.0
-119.45,35.13,34.0,1440.0,309.0,808.0,294.0,2,26600.0
-119.45,35.07,45.0,973.0,183.0,500.0,177.0,3,30000.0
-119.46,36.61,13.0,1348.0,258.0,719.0,246.0,4,108300.0
-119.46,36.6,18.0,1404.0,226.0,754.0,229.0,4,118100.0
-119.46,36.25,32.0,1702.0,348.0,1016.0,350.0,2,73600.0
-119.46,35.13,46.0,2745.0,543.0,1423.0,482.0,2,26900.0
-119.47,36.69,19.0,3351.0,589.0,1578.0,542.0,3,160100.0
-119.47,35.13,44.0,4599.0,877.0,2140.0,831.0,3,63800.0
-119.48,37.0,16.0,2904.0,551.0,1467.0,509.0,3,111800.0
-119.48,36.5,32.0,3451.0,625.0,1968.0,574.0,3,110300.0
-119.48,36.44,22.0,1389.0,290.0,1185.0,271.0,2,49200.0
-119.48,35.17,36.0,116.0,20.0,39.0,18.0,3,37500.0
-119.49,37.1,24.0,2532.0,555.0,1564.0,507.0,2,92400.0
-119.49,36.58,21.0,2106.0,410.0,867.0,380.0,2,95300.0
-119.49,34.39,17.0,4617.0,982.0,2303.0,923.0,4,230600.0
-119.5,36.74,20.0,1089.0,208.0,531.0,212.0,5,106900.0
-119.5,36.62,34.0,1440.0,267.0,1018.0,265.0,2,63400.0
-119.51,37.32,14.0,362.0,78.0,88.0,39.0,4,214300.0
-119.51,34.46,28.0,3506.0,563.0,1362.0,483.0,6,500001.0
-119.51,34.4,24.0,3422.0,596.0,1763.0,601.0,5,301300.0
-119.51,34.4,15.0,1112.0,256.0,411.0,245.0,2,314300.0
-119.51,34.39,32.0,1921.0,394.0,951.0,334.0,3,346000.0
-119.52,36.71,21.0,1834.0,321.0,1120.0,314.0,3,69300.0
-119.52,36.61,33.0,1225.0,275.0,1065.0,248.0,2,55100.0
-119.52,34.41,20.0,4489.0,800.0,2867.0,765.0,5,279700.0
-119.52,34.4,20.0,1834.0,477.0,1305.0,417.0,3,251000.0
-119.53,37.34,26.0,4047.0,702.0,571.0,199.0,2,179500.0
-119.53,36.78,20.0,2822.0,479.0,1372.0,455.0,5,136900.0
-119.53,36.61,33.0,587.0,170.0,730.0,162.0,2,55800.0
-119.53,36.55,34.0,2065.0,343.0,1041.0,313.0,3,111500.0
-119.53,34.41,8.0,1705.0,400.0,886.0,391.0,4,297400.0
-119.53,34.4,14.0,1671.0,383.0,1079.0,365.0,3,248700.0
-119.53,34.38,22.0,2323.0,727.0,1301.0,478.0,3,300000.0
-119.54,36.7,20.0,1815.0,375.0,1665.0,357.0,2,58900.0
-119.54,36.51,36.0,49.0,7.0,28.0,2.0,5,162500.0
-119.55,37.75,30.0,2165.0,536.0,1500.0,414.0,4,55900.0
-119.55,36.72,6.0,1186.0,234.0,1135.0,218.0,2,63900.0
-119.55,36.71,32.0,1963.0,508.0,2052.0,518.0,2,55800.0
-119.55,36.7,31.0,1671.0,372.0,1371.0,347.0,2,63900.0
-119.55,36.61,14.0,3004.0,793.0,3535.0,735.0,2,56900.0
-119.55,36.6,18.0,2379.0,448.0,1638.0,436.0,2,57100.0
-119.55,36.52,31.0,1986.0,417.0,1042.0,422.0,3,70200.0
-119.55,36.51,46.0,55.0,11.0,26.0,5.0,4,67500.0
-119.55,36.51,46.0,1889.0,390.0,971.0,403.0,2,76600.0
-119.55,36.37,26.0,1912.0,339.0,1002.0,311.0,3,126300.0
-119.55,34.38,17.0,1951.0,368.0,681.0,350.0,3,500001.0
-119.56,37.29,14.0,2391.0,451.0,798.0,308.0,3,114600.0
-119.56,36.71,29.0,1963.0,392.0,1208.0,398.0,3,73000.0
-119.56,36.7,40.0,1195.0,326.0,1135.0,315.0,2,58900.0
-119.56,36.1,29.0,424.0,78.0,284.0,73.0,2,43800.0
-119.56,36.1,25.0,1093.0,262.0,893.0,252.0,2,50800.0
-119.56,36.09,35.0,1648.0,285.0,792.0,265.0,3,64700.0
-119.56,36.09,14.0,1267.0,290.0,1077.0,279.0,2,52300.0
-119.56,36.08,37.0,766.0,189.0,639.0,190.0,2,42100.0
-119.57,37.94,17.0,346.0,130.0,51.0,20.0,3,137500.0
-119.57,37.02,16.0,4199.0,794.0,2140.0,722.0,3,111800.0
-119.57,36.72,11.0,2510.0,460.0,1248.0,445.0,4,99500.0
-119.57,36.71,10.0,1657.0,359.0,958.0,380.0,3,84800.0
-119.57,36.7,7.0,1761.0,309.0,974.0,308.0,4,83900.0
-119.57,36.7,34.0,1759.0,354.0,899.0,337.0,3,72900.0
-119.57,36.7,30.0,2370.0,412.0,1248.0,410.0,3,72300.0
-119.57,36.44,30.0,1860.0,337.0,1123.0,347.0,3,94200.0
-119.57,36.27,20.0,2673.0,452.0,1394.0,449.0,3,97400.0
-119.57,36.1,36.0,1729.0,317.0,737.0,278.0,4,68800.0
-119.57,36.1,16.0,1461.0,400.0,1201.0,384.0,2,54800.0
-119.58,36.83,13.0,6135.0,863.0,2473.0,774.0,5,156700.0
-119.58,36.77,19.0,3225.0,548.0,1760.0,542.0,4,126500.0
-119.58,36.69,42.0,1032.0,215.0,812.0,225.0,2,58100.0
-119.58,36.11,21.0,2004.0,385.0,1397.0,398.0,2,61600.0
-119.59,37.39,19.0,3273.0,611.0,1164.0,481.0,4,106500.0
-119.59,36.72,18.0,1284.0,193.0,621.0,190.0,5,130600.0
-119.59,36.57,19.0,1733.0,303.0,911.0,281.0,4,131700.0
-119.59,36.52,35.0,990.0,192.0,674.0,178.0,3,101600.0
-119.59,36.11,32.0,752.0,159.0,524.0,155.0,2,50000.0
-119.59,34.43,28.0,2718.0,542.0,1066.0,442.0,4,500001.0
-119.59,34.39,35.0,622.0,170.0,278.0,139.0,4,335000.0
-119.6,37.29,13.0,1722.0,325.0,712.0,269.0,3,137500.0
-119.6,36.66,27.0,1388.0,296.0,1056.0,284.0,2,55200.0
-119.6,36.57,42.0,2311.0,439.0,1347.0,436.0,3,69700.0
-119.6,36.57,33.0,1923.0,403.0,1205.0,389.0,2,68300.0
-119.6,36.56,36.0,738.0,168.0,737.0,186.0,1,54400.0
-119.61,36.94,14.0,863.0,151.0,315.0,135.0,4,151800.0
-119.61,36.59,10.0,2842.0,620.0,1443.0,576.0,2,92700.0
-119.61,36.58,29.0,1312.0,280.0,788.0,271.0,3,73000.0
-119.61,36.57,42.0,2242.0,521.0,1359.0,483.0,2,65100.0
-119.61,36.56,34.0,1911.0,497.0,1886.0,481.0,2,53000.0
-119.61,36.31,25.0,1847.0,371.0,1460.0,353.0,2,46300.0
-119.61,34.45,33.0,3597.0,519.0,1207.0,479.0,5,500001.0
-119.61,34.43,16.0,2665.0,391.0,794.0,311.0,9,500001.0
-119.62,37.33,7.0,3389.0,621.0,1268.0,474.0,3,147800.0
-119.62,36.58,13.0,1788.0,405.0,1652.0,411.0,3,62400.0
-119.63,36.79,19.0,1317.0,189.0,517.0,187.0,5,148700.0
-119.63,36.7,42.0,1338.0,215.0,617.0,222.0,3,133300.0
-119.63,36.6,33.0,1589.0,294.0,1102.0,307.0,2,62400.0
-119.63,36.58,22.0,1794.0,435.0,1127.0,359.0,1,55300.0
-119.63,36.35,4.0,1684.0,343.0,920.0,324.0,4,90600.0
-119.63,36.34,26.0,1463.0,261.0,699.0,219.0,4,71400.0
-119.63,36.33,14.0,2928.0,600.0,1633.0,559.0,2,67500.0
-119.63,36.18,23.0,207.0,45.0,171.0,50.0,2,100000.0
-119.63,34.4,29.0,3865.0,814.0,1266.0,613.0,6,500001.0
-119.64,37.61,30.0,2857.0,661.0,291.0,135.0,3,164600.0
-119.64,37.31,15.0,2654.0,530.0,1267.0,489.0,3,104400.0
-119.64,36.82,14.0,4872.0,656.0,2085.0,617.0,6,173800.0
-119.64,36.56,34.0,576.0,117.0,363.0,97.0,2,92500.0
-119.64,36.36,13.0,2360.0,340.0,1055.0,312.0,5,97400.0
-119.64,36.35,23.0,3182.0,563.0,1525.0,585.0,4,90400.0
-119.64,36.33,41.0,3095.0,766.0,1852.0,721.0,1,51700.0
-119.64,36.32,32.0,2205.0,523.0,1772.0,479.0,1,43100.0
-119.64,36.31,27.0,1513.0,314.0,1071.0,284.0,2,50100.0
-119.64,34.43,32.0,1872.0,318.0,749.0,296.0,5,500001.0
-119.65,37.32,11.0,2161.0,448.0,820.0,405.0,2,122300.0
-119.65,37.09,17.0,1280.0,254.0,707.0,267.0,4,106300.0
-119.65,36.62,6.0,1931.0,422.0,1344.0,414.0,2,58000.0
-119.65,36.51,30.0,1671.0,319.0,966.0,282.0,3,100000.0
-119.65,36.37,4.0,3725.0,783.0,1478.0,600.0,4,148000.0
-119.65,36.35,38.0,3148.0,568.0,1378.0,537.0,3,85500.0
-119.65,36.35,21.0,1745.0,266.0,837.0,292.0,4,107900.0
-119.65,36.34,47.0,1869.0,357.0,832.0,315.0,3,76100.0
-119.65,36.34,46.0,1730.0,337.0,752.0,323.0,2,67200.0
-119.65,36.33,52.0,1257.0,257.0,624.0,243.0,2,59100.0
-119.65,36.33,47.0,1059.0,268.0,693.0,241.0,1,53800.0
-119.65,36.32,11.0,1294.0,314.0,713.0,290.0,2,50400.0
-119.65,36.3,28.0,941.0,175.0,588.0,180.0,2,53400.0
-119.66,37.39,10.0,2106.0,410.0,1003.0,397.0,3,124100.0
-119.66,36.35,15.0,1724.0,374.0,947.0,391.0,3,91900.0
-119.66,36.33,16.0,2048.0,373.0,1052.0,388.0,4,92800.0
-119.66,36.33,10.0,1623.0,409.0,988.0,395.0,1,58100.0
-119.66,36.32,24.0,2652.0,568.0,1532.0,445.0,2,56800.0
-119.66,36.3,18.0,1147.0,202.0,717.0,212.0,3,70500.0
-119.66,34.44,26.0,2790.0,413.0,1014.0,397.0,7,500001.0
-119.66,34.43,27.0,5509.0,1059.0,2591.0,979.0,4,500001.0
-119.67,37.27,13.0,5087.0,981.0,2284.0,913.0,3,123100.0
-119.67,36.89,15.0,2373.0,364.0,1280.0,386.0,5,167500.0
-119.67,36.83,4.0,2145.0,334.0,1024.0,308.0,5,113700.0
-119.67,36.83,3.0,2029.0,336.0,1003.0,340.0,4,111300.0
-119.67,36.81,4.0,1262.0,216.0,622.0,199.0,5,114400.0
-119.67,36.8,9.0,3712.0,508.0,1632.0,474.0,6,163100.0
-119.67,36.74,19.0,2788.0,614.0,1365.0,525.0,3,120300.0
-119.67,36.73,27.0,2845.0,417.0,1219.0,460.0,5,117900.0
-119.67,36.72,31.0,843.0,140.0,453.0,149.0,3,153800.0
-119.67,36.35,10.0,1090.0,164.0,470.0,158.0,5,118800.0
-119.67,34.44,32.0,3202.0,537.0,1316.0,538.0,5,463800.0
-119.67,34.43,39.0,1467.0,381.0,1404.0,374.0,2,241400.0
-119.67,34.42,37.0,1673.0,444.0,1477.0,446.0,2,246700.0
-119.67,34.42,23.0,1333.0,393.0,1369.0,381.0,3,232600.0
-119.67,34.38,28.0,1814.0,526.0,849.0,420.0,3,364300.0
-119.68,37.35,13.0,2307.0,386.0,925.0,347.0,3,119800.0
-119.68,37.19,10.0,3113.0,589.0,1508.0,512.0,3,96100.0
-119.68,36.83,11.0,2455.0,344.0,1110.0,339.0,6,120000.0
-119.68,36.81,16.0,2668.0,454.0,1536.0,457.0,4,88900.0
-119.68,36.81,13.0,2589.0,413.0,1356.0,435.0,5,106200.0
-119.68,36.8,7.0,2855.0,518.0,1748.0,498.0,4,88400.0
-119.68,36.79,16.0,1551.0,271.0,1010.0,292.0,4,71300.0
-119.68,36.77,21.0,1260.0,182.0,583.0,205.0,6,150800.0
-119.68,36.63,39.0,1237.0,256.0,638.0,239.0,3,65300.0
-119.68,36.62,31.0,834.0,229.0,616.0,211.0,2,61200.0
-119.68,36.32,28.0,1325.0,276.0,873.0,240.0,3,54400.0
-119.68,36.32,26.0,592.0,121.0,268.0,116.0,2,120800.0
-119.68,36.31,12.0,2739.0,535.0,1859.0,498.0,3,60600.0
-119.68,34.44,23.0,2600.0,398.0,917.0,374.0,9,500001.0
-119.68,34.43,49.0,1785.0,386.0,1267.0,380.0,4,251200.0
-119.68,34.43,33.0,1961.0,462.0,1693.0,445.0,3,236000.0
-119.68,34.42,38.0,1452.0,354.0,1139.0,340.0,3,236800.0
-119.69,36.86,20.0,1676.0,263.0,786.0,240.0,4,164600.0
-119.69,36.85,20.0,2655.0,432.0,1081.0,379.0,5,143100.0
-119.69,36.83,8.0,943.0,189.0,475.0,155.0,5,89500.0
-119.69,36.83,7.0,2075.0,353.0,1040.0,362.0,4,100200.0
-119.69,36.83,32.0,1098.0,226.0,726.0,224.0,1,54600.0
-119.69,36.83,28.0,1868.0,350.0,898.0,329.0,3,78900.0
-119.69,36.82,17.0,1897.0,433.0,1207.0,384.0,2,55900.0
-119.69,36.81,13.0,1524.0,366.0,994.0,370.0,3,93800.0
-119.69,36.79,15.0,2524.0,451.0,1207.0,424.0,3,76300.0
-119.69,36.79,13.0,1736.0,313.0,993.0,314.0,4,83600.0
-119.69,36.77,22.0,2456.0,496.0,1720.0,417.0,3,60600.0
-119.69,36.75,6.0,1926.0,303.0,965.0,316.0,5,93100.0
-119.69,36.75,13.0,2343.0,409.0,1347.0,405.0,4,93100.0
-119.69,36.74,23.0,2097.0,385.0,911.0,405.0,4,121600.0
-119.69,36.74,17.0,2438.0,598.0,1563.0,538.0,2,62500.0
-119.69,36.71,25.0,556.0,79.0,249.0,71.0,4,108300.0
-119.69,36.69,36.0,1432.0,269.0,836.0,237.0,2,88300.0
-119.69,36.46,29.0,1702.0,301.0,914.0,280.0,3,79200.0
-119.69,36.43,29.0,1799.0,356.0,1278.0,387.0,2,57900.0
-119.69,36.41,38.0,1016.0,202.0,540.0,187.0,2,75000.0
-119.69,36.25,35.0,2011.0,349.0,970.0,300.0,2,94100.0
-119.69,35.62,18.0,820.0,239.0,1345.0,207.0,2,47500.0
-119.69,34.44,41.0,1989.0,271.0,666.0,269.0,7,500001.0
-119.69,34.43,44.0,2440.0,485.0,1011.0,442.0,4,443600.0
-119.69,34.43,43.0,1257.0,311.0,671.0,263.0,3,280600.0
-119.69,34.43,37.0,2801.0,497.0,1150.0,476.0,6,387700.0
-119.69,34.43,30.0,1273.0,343.0,1082.0,325.0,3,228100.0
-119.69,34.42,52.0,302.0,112.0,392.0,114.0,3,258300.0
-119.69,34.42,17.0,1826.0,544.0,1325.0,532.0,1,253600.0
-119.69,34.41,44.0,1208.0,357.0,603.0,297.0,3,500000.0
-119.7,36.94,15.0,1449.0,277.0,649.0,265.0,2,86300.0
-119.7,36.83,23.0,3532.0,756.0,1885.0,758.0,3,71400.0
-119.7,36.82,25.0,2379.0,540.0,1482.0,484.0,2,68200.0
-119.7,36.81,32.0,2623.0,528.0,1570.0,492.0,3,68000.0
-119.7,36.8,31.0,1746.0,321.0,1186.0,360.0,3,66400.0
-119.7,34.47,32.0,3725.0,569.0,1304.0,527.0,8,500001.0
-119.7,34.43,52.0,977.0,289.0,412.0,272.0,2,300000.0
-119.7,34.43,52.0,1364.0,460.0,804.0,400.0,2,293800.0
-119.7,34.43,39.0,1486.0,467.0,758.0,409.0,3,320600.0
-119.7,34.43,37.0,1462.0,306.0,678.0,322.0,5,418400.0
-119.7,34.43,35.0,1402.0,369.0,654.0,385.0,3,318800.0
-119.7,34.42,52.0,329.0,109.0,291.0,102.0,1,350000.0
-119.7,34.41,52.0,1526.0,458.0,1633.0,449.0,2,226500.0
-119.7,34.41,19.0,2086.0,575.0,1701.0,530.0,3,236100.0
-119.7,34.41,19.0,1215.0,360.0,1349.0,423.0,3,226500.0
-119.7,34.36,35.0,1604.0,334.0,904.0,337.0,5,336400.0
-119.71,36.88,17.0,2236.0,315.0,992.0,312.0,7,165200.0
-119.71,36.83,5.0,1087.0,338.0,623.0,362.0,2,113400.0
-119.71,36.83,15.0,2727.0,500.0,1228.0,436.0,4,109000.0
-119.71,36.82,12.0,2144.0,568.0,1320.0,566.0,2,112500.0
-119.71,36.81,9.0,1122.0,290.0,662.0,284.0,2,55000.0
-119.71,36.81,19.0,1648.0,368.0,557.0,354.0,2,72800.0
-119.71,36.8,25.0,875.0,156.0,646.0,166.0,3,72800.0
-119.71,36.8,17.0,2056.0,366.0,1259.0,367.0,4,84700.0
-119.71,36.8,17.0,1415.0,267.0,861.0,293.0,3,81400.0
-119.71,36.79,34.0,1891.0,323.0,966.0,355.0,4,82000.0
-119.71,36.77,11.0,5112.0,1384.0,2487.0,1243.0,2,75900.0
-119.71,36.76,28.0,2675.0,527.0,1392.0,521.0,2,72000.0
-119.71,36.74,18.0,8099.0,1670.0,4476.0,1514.0,2,88300.0
-119.71,36.73,19.0,3972.0,585.0,1586.0,560.0,5,151400.0
-119.71,34.45,35.0,2183.0,363.0,988.0,351.0,6,384400.0
-119.71,34.44,52.0,1837.0,343.0,711.0,355.0,4,443000.0
-119.71,34.43,48.0,2408.0,536.0,1005.0,497.0,4,458600.0
-119.71,34.43,47.0,1572.0,417.0,790.0,384.0,3,279200.0
-119.71,34.43,18.0,1170.0,372.0,681.0,346.0,2,255000.0
-119.71,34.42,52.0,1838.0,692.0,851.0,576.0,1,237500.0
-119.71,34.42,50.0,840.0,279.0,488.0,270.0,2,258300.0
-119.71,34.42,49.0,1560.0,436.0,1041.0,411.0,3,246900.0
-119.71,34.42,39.0,1172.0,322.0,606.0,316.0,2,259100.0
-119.71,34.42,31.0,1643.0,499.0,1253.0,499.0,3,267000.0
-119.71,34.42,23.0,2068.0,658.0,1898.0,570.0,3,230800.0
-119.71,34.41,18.0,1225.0,317.0,694.0,306.0,4,255000.0
-119.71,34.4,36.0,1846.0,358.0,748.0,329.0,4,326800.0
-119.72,37.46,13.0,1999.0,375.0,750.0,308.0,3,96000.0
-119.72,37.38,16.0,2131.0,424.0,989.0,369.0,3,103700.0
-119.72,36.82,16.0,2627.0,613.0,1054.0,623.0,2,112500.0
-119.72,36.81,28.0,1651.0,305.0,780.0,309.0,3,72200.0
-119.72,36.81,15.0,2175.0,564.0,1194.0,482.0,3,87500.0
-119.72,36.8,23.0,2128.0,442.0,1047.0,450.0,3,71500.0
-119.72,36.8,16.0,2396.0,526.0,1338.0,518.0,2,78800.0
-119.72,36.8,15.0,3045.0,689.0,1340.0,588.0,3,85700.0
-119.72,36.76,23.0,6403.0,1370.0,3573.0,1260.0,2,69000.0
-119.72,36.75,27.0,1691.0,282.0,869.0,337.0,4,86900.0
-119.72,36.75,11.0,4832.0,993.0,2190.0,888.0,3,74700.0
-119.72,36.73,9.0,1914.0,491.0,1116.0,424.0,1,65900.0
-119.72,36.72,15.0,1713.0,246.0,766.0,232.0,7,127200.0
-119.72,36.71,7.0,2456.0,463.0,1350.0,424.0,3,91600.0
-119.72,36.34,33.0,1287.0,214.0,580.0,210.0,3,112500.0
-119.72,36.32,40.0,1185.0,221.0,676.0,256.0,2,52600.0
-119.72,34.77,35.0,2469.0,553.0,1168.0,427.0,2,62100.0
-119.72,34.44,50.0,3265.0,509.0,1256.0,443.0,6,500001.0
-119.72,34.44,43.0,1781.0,342.0,663.0,358.0,5,293800.0
-119.72,34.44,39.0,1489.0,304.0,700.0,268.0,4,289900.0
-119.72,34.43,36.0,1156.0,309.0,521.0,304.0,3,320600.0
-119.72,34.43,33.0,1028.0,377.0,753.0,356.0,2,243800.0
-119.72,34.43,27.0,984.0,299.0,777.0,313.0,3,275000.0
-119.72,34.42,49.0,1610.0,370.0,961.0,351.0,3,260100.0
-119.72,34.42,37.0,1635.0,427.0,1027.0,408.0,4,264700.0
-119.72,34.42,31.0,1524.0,383.0,1257.0,398.0,3,250000.0
-119.72,34.41,35.0,871.0,145.0,354.0,154.0,4,341800.0
-119.72,34.41,35.0,1853.0,375.0,878.0,338.0,5,335300.0
-119.72,34.41,26.0,1648.0,378.0,954.0,405.0,3,335000.0
-119.73,36.83,8.0,3602.0,547.0,1959.0,580.0,5,138800.0
-119.73,36.83,14.0,3348.0,491.0,1584.0,493.0,5,111400.0
-119.73,36.81,19.0,1699.0,356.0,994.0,368.0,3,79700.0
-119.73,36.8,15.0,2376.0,538.0,1197.0,510.0,3,74600.0
-119.73,36.77,24.0,4410.0,939.0,2362.0,862.0,3,73000.0
-119.73,36.75,39.0,1745.0,321.0,901.0,303.0,3,67900.0
-119.73,36.74,14.0,6202.0,1551.0,5561.0,1435.0,2,64700.0
-119.73,36.73,9.0,1621.0,428.0,678.0,394.0,2,54200.0
-119.73,36.73,7.0,2461.0,647.0,1587.0,551.0,1,225000.0
-119.73,36.72,26.0,2645.0,1005.0,1660.0,991.0,1,89500.0
-119.73,36.72,15.0,2246.0,456.0,1190.0,403.0,2,70400.0
-119.73,36.68,32.0,755.0,205.0,681.0,207.0,2,49300.0
-119.73,36.59,31.0,1551.0,296.0,1058.0,287.0,3,92600.0
-119.73,36.56,32.0,1513.0,272.0,1038.0,272.0,3,82700.0
-119.73,36.52,20.0,1741.0,331.0,1466.0,289.0,3,94200.0
-119.73,34.44,48.0,2114.0,390.0,973.0,367.0,5,351100.0
-119.73,34.44,38.0,1729.0,394.0,801.0,395.0,3,357500.0
-119.73,34.43,27.0,1448.0,404.0,978.0,338.0,2,261000.0
-119.73,34.42,25.0,2024.0,312.0,907.0,335.0,5,392800.0
-119.73,34.42,23.0,1364.0,227.0,638.0,238.0,5,413900.0
-119.73,34.41,29.0,1769.0,297.0,703.0,269.0,4,350000.0
-119.73,34.35,20.0,1648.0,319.0,905.0,307.0,4,335200.0
-119.74,36.85,3.0,10425.0,2121.0,4432.0,1778.0,4,140800.0
-119.74,36.83,14.0,4675.0,829.0,2235.0,787.0,4,108200.0
-119.74,36.8,18.0,10862.0,2401.0,5466.0,2209.0,2,74300.0
-119.74,36.78,27.0,4049.0,947.0,2254.0,882.0,2,70700.0
-119.74,36.77,30.0,2427.0,482.0,1375.0,518.0,3,76900.0
-119.74,36.76,42.0,2093.0,470.0,1621.0,438.0,2,58700.0
-119.74,36.75,47.0,2236.0,418.0,1042.0,397.0,3,59600.0
-119.74,36.74,39.0,4893.0,1210.0,4749.0,1067.0,1,55600.0
-119.74,36.73,42.0,1236.0,272.0,946.0,261.0,2,50000.0
-119.74,36.73,34.0,1254.0,272.0,1056.0,279.0,2,50800.0
-119.74,36.72,25.0,3972.0,842.0,2863.0,729.0,2,58500.0
-119.74,36.71,17.0,5872.0,1250.0,5034.0,1224.0,2,61800.0
-119.74,36.65,19.0,2546.0,463.0,1257.0,418.0,3,89500.0
-119.74,36.15,21.0,1548.0,308.0,1137.0,306.0,2,61300.0
-119.74,34.45,29.0,2526.0,388.0,1092.0,409.0,6,383100.0
-119.74,34.44,27.0,1251.0,282.0,503.0,283.0,3,353000.0
-119.74,34.44,26.0,4257.0,1031.0,1861.0,950.0,3,294500.0
-119.74,34.43,26.0,3119.0,562.0,1459.0,562.0,5,340400.0
-119.74,34.41,30.0,2365.0,417.0,1053.0,409.0,6,346200.0
-119.74,34.38,32.0,1479.0,287.0,830.0,288.0,5,322600.0
-119.75,36.83,15.0,2793.0,436.0,1411.0,441.0,5,109400.0
-119.75,36.8,30.0,3308.0,662.0,1894.0,648.0,2,74500.0
-119.75,36.8,25.0,2718.0,504.0,1257.0,465.0,2,90600.0
-119.75,36.78,35.0,1129.0,220.0,474.0,242.0,2,74300.0
-119.75,36.77,32.0,1962.0,399.0,1005.0,392.0,3,70400.0
-119.75,36.76,32.0,2072.0,497.0,2002.0,470.0,1,44500.0
-119.75,36.75,50.0,1515.0,294.0,852.0,297.0,2,54200.0
-119.75,36.75,49.0,2331.0,460.0,1290.0,477.0,3,55400.0
-119.75,36.73,39.0,2290.0,539.0,1685.0,536.0,2,52100.0
-119.75,36.72,22.0,3247.0,859.0,4179.0,881.0,1,60800.0
-119.75,36.71,38.0,1481.0,353.0,1543.0,372.0,1,49800.0
-119.75,34.45,6.0,2864.0,642.0,1404.0,603.0,6,263800.0
-119.75,34.45,26.0,3578.0,677.0,1504.0,618.0,4,395000.0
-119.75,34.43,23.0,2982.0,837.0,1317.0,787.0,3,283200.0
-119.76,36.83,22.0,2803.0,438.0,1234.0,457.0,5,99600.0
-119.76,36.83,20.0,3214.0,446.0,1360.0,463.0,5,110900.0
-119.76,36.83,17.0,3690.0,628.0,1888.0,601.0,4,84200.0
-119.76,36.82,17.0,6932.0,1486.0,3056.0,1453.0,2,99300.0
-119.76,36.81,19.0,4643.0,1429.0,4638.0,1335.0,1,69400.0
-119.76,36.8,29.0,3494.0,662.0,1781.0,616.0,3,70900.0
-119.76,36.8,20.0,6257.0,1346.0,2795.0,1267.0,2,83700.0
-119.76,36.79,26.0,3654.0,837.0,1976.0,830.0,2,72800.0
-119.76,36.78,30.0,6117.0,1330.0,2768.0,1224.0,2,78800.0
-119.76,36.77,38.0,3804.0,814.0,2142.0,816.0,2,60200.0
-119.76,36.77,36.0,2507.0,466.0,1227.0,474.0,3,72300.0
-119.76,36.76,23.0,3800.0,1003.0,3786.0,917.0,1,50600.0
-119.76,36.75,41.0,1576.0,417.0,1567.0,366.0,1,45500.0
-119.76,36.75,35.0,2347.0,526.0,1676.0,481.0,2,49400.0
-119.76,36.75,35.0,1607.0,383.0,1407.0,382.0,2,53400.0
-119.76,36.74,52.0,2137.0,448.0,1194.0,444.0,1,69100.0
-119.76,36.73,39.0,1553.0,363.0,1449.0,341.0,1,45500.0
-119.76,36.72,24.0,1240.0,265.0,1035.0,232.0,3,60600.0
-119.76,36.71,29.0,1745.0,441.0,1530.0,391.0,2,44400.0
-119.76,36.68,29.0,1243.0,312.0,836.0,277.0,2,74200.0
-119.76,34.44,28.0,1985.0,582.0,1092.0,548.0,2,290900.0
-119.77,37.19,8.0,5212.0,872.0,2383.0,857.0,4,113600.0
-119.77,36.91,3.0,7520.0,1143.0,2878.0,1077.0,5,174200.0
-119.77,36.86,7.0,4139.0,544.0,1843.0,562.0,8,193500.0
-119.77,36.85,8.0,1519.0,234.0,711.0,248.0,6,123600.0
-119.77,36.84,15.0,2058.0,412.0,891.0,378.0,3,124400.0
-119.77,36.84,15.0,1924.0,262.0,848.0,277.0,5,125300.0
-119.77,36.83,19.0,3237.0,507.0,1378.0,510.0,5,101100.0
-119.77,36.83,16.0,2360.0,355.0,1034.0,359.0,5,108500.0
-119.77,36.81,28.0,1713.0,302.0,663.0,282.0,4,85500.0
-119.77,36.8,32.0,3461.0,665.0,1507.0,649.0,3,84600.0
-119.77,36.79,34.0,2679.0,460.0,1141.0,470.0,3,89600.0
-119.77,36.79,27.0,2258.0,427.0,1076.0,423.0,3,81100.0
-119.77,36.78,40.0,1411.0,284.0,609.0,296.0,2,67700.0
-119.77,36.78,36.0,3616.0,779.0,1994.0,786.0,3,67300.0
-119.77,36.77,29.0,2554.0,705.0,2669.0,655.0,1,61900.0
-119.77,36.76,43.0,1945.0,413.0,1492.0,422.0,2,54600.0
-119.77,36.76,43.0,1623.0,294.0,781.0,272.0,2,56000.0
-119.77,36.75,44.0,1818.0,412.0,1680.0,418.0,2,48300.0
-119.77,36.75,39.0,1287.0,332.0,1386.0,306.0,2,46900.0
-119.77,36.74,51.0,1454.0,235.0,729.0,252.0,3,70100.0
-119.77,36.74,50.0,1325.0,280.0,811.0,281.0,2,62800.0
-119.77,36.73,45.0,1081.0,241.0,821.0,230.0,2,52600.0
-119.77,36.73,44.0,1960.0,393.0,1286.0,381.0,2,53000.0
-119.77,36.32,14.0,3400.0,618.0,1867.0,612.0,4,92500.0
-119.77,36.31,14.0,3677.0,863.0,2191.0,785.0,3,69100.0
-119.77,36.3,24.0,2202.0,471.0,1052.0,439.0,2,62000.0
-119.77,35.65,21.0,2403.0,483.0,1647.0,415.0,3,80000.0
-119.77,34.44,24.0,5652.0,1313.0,2312.0,1294.0,2,295300.0
-119.77,34.43,28.0,3318.0,441.0,1604.0,404.0,10,500001.0
-119.77,34.43,22.0,2552.0,443.0,1066.0,424.0,5,342500.0
-119.78,38.69,17.0,1364.0,282.0,338.0,152.0,2,117600.0
-119.78,36.86,8.0,3468.0,675.0,1604.0,626.0,4,128300.0
-119.78,36.86,10.0,2902.0,363.0,1200.0,363.0,8,187300.0
-119.78,36.85,12.0,782.0,166.0,292.0,164.0,3,79500.0
-119.78,36.84,7.0,4907.0,1075.0,2014.0,909.0,3,111900.0
-119.78,36.83,18.0,4164.0,741.0,1817.0,681.0,4,95200.0
-119.78,36.83,11.0,2754.0,663.0,1328.0,604.0,2,69300.0
-119.78,36.82,25.0,5016.0,963.0,2133.0,928.0,4,89500.0
-119.78,36.82,22.0,4241.0,1147.0,1929.0,971.0,2,53500.0
-119.78,36.79,33.0,2260.0,440.0,966.0,413.0,3,68300.0
-119.78,36.78,37.0,2185.0,455.0,1143.0,438.0,2,70700.0
-119.78,36.78,31.0,2164.0,456.0,959.0,463.0,2,73400.0
-119.78,36.77,45.0,1315.0,256.0,666.0,240.0,2,58100.0
-119.78,36.76,47.0,1425.0,323.0,949.0,325.0,2,51300.0
-119.78,36.75,49.0,1175.0,307.0,982.0,278.0,1,52000.0
-119.78,36.75,43.0,2070.0,512.0,1925.0,444.0,1,46600.0
-119.78,36.75,35.0,2114.0,506.0,2050.0,474.0,1,50000.0
-119.78,36.74,15.0,1461.0,415.0,924.0,356.0,3,90300.0
-119.78,36.72,22.0,354.0,121.0,530.0,115.0,2,34400.0
-119.78,36.71,35.0,1987.0,394.0,1233.0,383.0,1,45300.0
-119.78,36.31,14.0,1287.0,291.0,737.0,269.0,3,126400.0
-119.78,36.3,30.0,1846.0,391.0,1255.0,352.0,2,66600.0
-119.78,36.27,29.0,1871.0,315.0,1066.0,309.0,5,100800.0
-119.78,34.48,21.0,2377.0,322.0,1007.0,328.0,8,500001.0
-119.78,34.45,9.0,1830.0,353.0,1515.0,220.0,4,450000.0
-119.78,34.45,23.0,2077.0,306.0,705.0,256.0,6,500001.0
-119.78,34.44,28.0,2864.0,495.0,1364.0,482.0,5,353400.0
-119.79,36.85,11.0,2596.0,619.0,1765.0,539.0,2,54000.0
-119.79,36.84,22.0,1529.0,375.0,1543.0,395.0,2,51700.0
-119.79,36.83,15.0,3356.0,694.0,1232.0,627.0,2,72200.0
-119.79,36.82,25.0,2330.0,462.0,1215.0,467.0,3,93000.0
-119.79,36.82,23.0,4358.0,819.0,1852.0,802.0,3,105200.0
-119.79,36.81,35.0,1877.0,328.0,1155.0,353.0,3,69600.0
-119.79,36.8,27.0,2462.0,484.0,852.0,449.0,3,124700.0
-119.79,36.79,33.0,3433.0,785.0,1806.0,783.0,2,67500.0
-119.79,36.79,26.0,1700.0,423.0,909.0,386.0,2,64500.0
-119.79,36.79,19.0,1524.0,448.0,960.0,386.0,2,47500.0
-119.79,36.78,41.0,2227.0,462.0,1129.0,415.0,2,59100.0
-119.79,36.78,38.0,1912.0,456.0,1131.0,408.0,2,58800.0
-119.79,36.77,43.0,2323.0,502.0,1144.0,471.0,2,58700.0
-119.79,36.76,52.0,2408.0,498.0,1361.0,465.0,2,61300.0
-119.79,36.76,52.0,1185.0,260.0,635.0,239.0,1,56100.0
-119.79,36.75,52.0,377.0,97.0,530.0,96.0,1,45000.0
-119.79,36.75,33.0,3161.0,934.0,3530.0,846.0,1,46700.0
-119.79,36.74,52.0,173.0,87.0,401.0,84.0,2,75000.0
-119.79,36.74,35.0,853.0,296.0,1228.0,289.0,1,39600.0
-119.79,36.73,52.0,112.0,28.0,193.0,40.0,2,47500.0
-119.79,36.72,41.0,1562.0,322.0,927.0,277.0,1,44100.0
-119.79,36.72,19.0,1719.0,391.0,1369.0,368.0,1,53000.0
-119.79,36.7,23.0,1731.0,363.0,1210.0,341.0,1,49500.0
-119.79,36.55,32.0,1393.0,276.0,999.0,245.0,2,76800.0
-119.79,36.32,19.0,3252.0,614.0,1971.0,607.0,3,75800.0
-119.79,36.3,16.0,1717.0,277.0,903.0,289.0,4,93100.0
-119.79,36.29,6.0,1265.0,227.0,764.0,246.0,4,104200.0
-119.79,34.45,24.0,2746.0,433.0,1076.0,380.0,6,348700.0
-119.79,34.44,25.0,1479.0,314.0,977.0,309.0,4,271800.0
-119.79,34.43,26.0,3611.0,563.0,2089.0,540.0,5,276200.0
-119.79,34.4,20.0,3104.0,415.0,1061.0,380.0,10,500001.0
-119.8,37.5,15.0,989.0,184.0,406.0,151.0,3,121900.0
-119.8,36.8,43.0,1951.0,288.0,725.0,308.0,6,169300.0
-119.8,36.78,43.0,2382.0,431.0,874.0,380.0,4,96500.0
-119.8,36.77,52.0,2964.0,512.0,1114.0,486.0,4,87600.0
-119.8,36.76,52.0,2224.0,418.0,832.0,406.0,2,78400.0
-119.8,36.76,52.0,1853.0,437.0,764.0,390.0,2,69200.0
-119.8,36.75,52.0,1788.0,449.0,1156.0,418.0,2,58400.0
-119.8,36.75,46.0,2625.0,593.0,1368.0,551.0,2,59000.0
-119.8,36.74,25.0,1717.0,542.0,1343.0,471.0,1,51800.0
-119.8,36.72,43.0,1286.0,360.0,972.0,345.0,1,50400.0
-119.8,36.72,19.0,1334.0,336.0,1171.0,319.0,1,48500.0
-119.8,36.71,29.0,1541.0,291.0,1007.0,313.0,2,53500.0
-119.8,36.7,28.0,1592.0,304.0,962.0,282.0,1,51300.0
-119.8,36.68,31.0,2214.0,432.0,1326.0,416.0,2,66700.0
-119.8,36.65,34.0,2263.0,423.0,1184.0,407.0,2,74200.0
-119.8,36.29,7.0,479.0,84.0,327.0,103.0,5,107500.0
-119.8,36.02,20.0,156.0,39.0,171.0,37.0,3,225000.0
-119.8,34.44,27.0,2674.0,419.0,1176.0,416.0,5,280200.0
-119.8,34.43,27.0,3143.0,537.0,1760.0,570.0,5,271500.0
-119.8,34.43,22.0,2845.0,500.0,1456.0,454.0,6,276400.0
-119.81,36.92,14.0,4795.0,710.0,2047.0,640.0,5,121300.0
-119.81,36.85,17.0,2340.0,370.0,1174.0,396.0,4,94400.0
-119.81,36.83,19.0,6789.0,1200.0,2325.0,1109.0,4,126000.0
-119.81,36.83,10.0,5780.0,922.0,2712.0,883.0,6,135500.0
-119.81,36.81,33.0,3972.0,594.0,1324.0,561.0,5,143300.0
-119.81,36.8,38.0,2252.0,325.0,777.0,314.0,6,160100.0
-119.81,36.8,29.0,2806.0,552.0,1242.0,540.0,4,88800.0
-119.81,36.79,39.0,2471.0,460.0,1118.0,431.0,2,71900.0
-119.81,36.79,35.0,2314.0,443.0,954.0,457.0,3,73800.0
-119.81,36.78,52.0,2281.0,371.0,839.0,367.0,4,89900.0
-119.81,36.78,37.0,1965.0,364.0,796.0,335.0,4,83400.0
-119.81,36.78,35.0,1012.0,245.0,633.0,240.0,2,55500.0
-119.81,36.77,48.0,1805.0,329.0,741.0,331.0,3,78900.0
-119.81,36.76,52.0,1792.0,352.0,1049.0,357.0,2,57100.0
-119.81,36.76,48.0,2059.0,388.0,834.0,405.0,3,67900.0
-119.81,36.75,52.0,1827.0,356.0,855.0,353.0,2,55100.0
-119.81,36.74,36.0,607.0,155.0,483.0,146.0,2,47500.0
-119.81,36.73,50.0,772.0,194.0,606.0,167.0,2,59200.0
-119.81,36.73,47.0,1314.0,416.0,1155.0,326.0,1,49600.0
-119.81,36.6,24.0,2246.0,462.0,1291.0,394.0,2,76400.0
-119.81,36.51,31.0,1241.0,254.0,767.0,226.0,3,83600.0
-119.81,36.28,24.0,544.0,112.0,442.0,106.0,3,56100.0
-119.81,34.46,22.0,3488.0,452.0,1479.0,458.0,7,384400.0
-119.81,34.45,24.0,3678.0,567.0,1554.0,570.0,7,334000.0
-119.81,34.44,14.0,961.0,305.0,662.0,286.0,3,206300.0
-119.82,37.57,13.0,1713.0,340.0,643.0,241.0,3,92400.0
-119.82,36.84,9.0,2340.0,544.0,860.0,520.0,3,119300.0
-119.82,36.84,7.0,2289.0,342.0,1077.0,354.0,5,158800.0
-119.82,36.83,16.0,2868.0,376.0,1016.0,379.0,6,144700.0
-119.82,36.83,14.0,2982.0,412.0,1408.0,423.0,5,123000.0
-119.82,36.82,28.0,2268.0,336.0,752.0,330.0,5,151500.0
-119.82,36.81,25.0,3305.0,551.0,1149.0,500.0,5,150900.0
-119.82,36.8,33.0,1670.0,256.0,528.0,250.0,3,99500.0
-119.82,36.79,35.0,1474.0,291.0,709.0,294.0,3,65900.0
-119.82,36.79,18.0,5822.0,1439.0,3415.0,1224.0,2,64700.0
-119.82,36.78,36.0,1582.0,313.0,761.0,318.0,3,69200.0
-119.82,36.77,36.0,2252.0,468.0,1117.0,442.0,3,65600.0
-119.82,36.76,46.0,2194.0,563.0,924.0,542.0,1,68500.0
-119.82,36.76,41.0,1973.0,399.0,1107.0,375.0,2,66900.0
-119.82,36.74,52.0,610.0,128.0,406.0,122.0,2,43800.0
-119.82,36.72,17.0,1276.0,242.0,927.0,238.0,3,54100.0
-119.82,36.32,18.0,942.0,193.0,424.0,174.0,2,87500.0
-119.82,36.19,33.0,1293.0,272.0,694.0,229.0,2,52200.0
-119.82,34.45,24.0,3592.0,533.0,1683.0,528.0,7,333800.0
-119.82,34.44,28.0,1992.0,531.0,1622.0,509.0,3,228200.0
-119.82,34.44,22.0,2239.0,475.0,1016.0,434.0,5,295400.0
-119.82,34.44,16.0,1414.0,463.0,793.0,439.0,4,150000.0
-119.83,36.83,14.0,2351.0,341.0,1128.0,363.0,7,141200.0
-119.83,36.82,14.0,1087.0,165.0,365.0,176.0,7,155600.0
-119.83,36.8,24.0,3756.0,681.0,1586.0,739.0,4,90100.0
-119.83,36.8,16.0,6101.0,1200.0,3407.0,1134.0,3,80800.0
-119.83,36.79,35.0,1872.0,363.0,1054.0,369.0,3,65600.0
-119.83,36.79,24.0,3505.0,819.0,2098.0,774.0,2,67000.0
-119.83,36.78,35.0,1789.0,357.0,933.0,357.0,3,66200.0
-119.83,36.78,30.0,3162.0,640.0,1660.0,639.0,3,80300.0
-119.83,36.77,32.0,2867.0,615.0,1705.0,570.0,2,68100.0
-119.83,36.77,23.0,2168.0,503.0,1190.0,425.0,3,71600.0
-119.83,36.76,15.0,3291.0,772.0,1738.0,634.0,2,67300.0
-119.83,36.75,33.0,662.0,183.0,607.0,181.0,1,55600.0
-119.83,36.73,21.0,1702.0,358.0,1347.0,316.0,2,62100.0
-119.83,36.72,28.0,60.0,10.0,46.0,13.0,4,67500.0
-119.83,36.71,43.0,355.0,81.0,233.0,75.0,2,73900.0
-119.83,36.54,31.0,1732.0,332.0,979.0,294.0,3,60000.0
-119.83,36.37,25.0,1549.0,269.0,819.0,272.0,3,101400.0
-119.83,34.45,24.0,2168.0,373.0,934.0,366.0,5,280900.0
-119.83,34.44,35.0,796.0,281.0,567.0,257.0,2,260000.0
-119.83,34.44,26.0,1739.0,402.0,599.0,368.0,3,198400.0
-119.83,34.43,31.0,798.0,346.0,699.0,301.0,2,205000.0
-119.84,37.48,17.0,2582.0,553.0,1087.0,423.0,2,104200.0
-119.84,36.85,8.0,3791.0,487.0,1424.0,475.0,11,345900.0
-119.84,36.84,12.0,2396.0,290.0,863.0,258.0,9,229200.0
-119.84,36.83,17.0,3012.0,408.0,987.0,362.0,7,229700.0
-119.84,36.82,17.0,2807.0,376.0,996.0,353.0,6,167700.0
-119.84,36.81,18.0,2789.0,378.0,937.0,364.0,8,188300.0
-119.84,36.8,19.0,3244.0,776.0,1463.0,710.0,2,66900.0
-119.84,36.8,16.0,2849.0,506.0,1508.0,478.0,3,72700.0
-119.84,36.79,21.0,3235.0,648.0,1820.0,614.0,3,71400.0
-119.84,36.78,24.0,3242.0,795.0,2764.0,773.0,1,58800.0
-119.84,36.77,6.0,1853.0,473.0,1397.0,417.0,1,72000.0
-119.84,36.54,19.0,1310.0,241.0,702.0,217.0,2,78200.0
-119.84,34.44,28.0,977.0,162.0,537.0,159.0,4,274300.0
-119.85,37.1,8.0,828.0,168.0,413.0,146.0,3,80700.0
-119.85,36.97,13.0,2872.0,477.0,1607.0,481.0,4,102400.0
-119.85,36.84,12.0,2272.0,304.0,840.0,305.0,9,213900.0
-119.85,36.83,15.0,2563.0,335.0,1080.0,356.0,7,160300.0
-119.85,36.83,11.0,2497.0,427.0,1101.0,405.0,5,141600.0
-119.85,36.82,9.0,3995.0,778.0,1691.0,712.0,3,91300.0
-119.85,36.82,16.0,1852.0,274.0,887.0,286.0,6,119300.0
-119.85,36.82,15.0,1387.0,236.0,638.0,195.0,6,88900.0
-119.85,36.81,15.0,1743.0,310.0,1011.0,325.0,4,68000.0
-119.85,36.8,14.0,4177.0,914.0,2300.0,867.0,3,73000.0
-119.85,36.8,14.0,1876.0,324.0,1031.0,311.0,4,88800.0
-119.85,36.78,8.0,3096.0,684.0,1454.0,545.0,3,79700.0
-119.85,36.77,9.0,1142.0,314.0,620.0,283.0,2,81300.0
-119.85,36.77,27.0,1510.0,344.0,847.0,295.0,3,83200.0
-119.85,36.76,10.0,2067.0,450.0,845.0,354.0,2,80100.0
-119.85,36.75,24.0,1143.0,245.0,608.0,240.0,3,81100.0
-119.85,36.43,23.0,1824.0,354.0,1146.0,362.0,3,60900.0
-119.85,34.48,23.0,1915.0,277.0,724.0,267.0,6,348200.0
-119.85,34.44,28.0,1765.0,301.0,1173.0,297.0,6,276800.0
-119.85,34.4,14.0,2307.0,650.0,5723.0,615.0,2,37500.0
-119.86,36.82,12.0,1488.0,253.0,675.0,223.0,5,89300.0
-119.86,36.81,4.0,4530.0,1070.0,1804.0,837.0,3,72100.0
-119.86,36.8,18.0,2536.0,516.0,1196.0,466.0,3,67900.0
-119.86,36.78,7.0,2232.0,490.0,1274.0,499.0,3,74700.0
-119.86,36.45,19.0,2439.0,462.0,1416.0,469.0,2,75600.0
-119.86,36.43,34.0,1175.0,251.0,683.0,261.0,2,58400.0
-119.86,34.41,24.0,1576.0,580.0,1630.0,531.0,1,325000.0
-119.86,34.38,28.0,1062.0,309.0,1058.0,305.0,2,316700.0
-119.86,34.38,26.0,1626.0,375.0,1580.0,359.0,2,187500.0
-119.87,36.93,13.0,1429.0,209.0,702.0,205.0,4,111800.0
-119.87,36.83,4.0,4833.0,784.0,2088.0,789.0,5,122500.0
-119.87,36.81,6.0,1891.0,341.0,969.0,330.0,5,107800.0
-119.87,36.79,8.0,2875.0,548.0,1718.0,551.0,4,80200.0
-119.87,36.79,7.0,1932.0,419.0,1014.0,389.0,3,76700.0
-119.87,36.78,4.0,6102.0,1114.0,3406.0,1115.0,3,84500.0
-119.87,36.76,34.0,1649.0,323.0,919.0,316.0,3,74500.0
-119.87,36.72,30.0,1584.0,316.0,984.0,300.0,2,67900.0
-119.87,36.54,34.0,1370.0,287.0,818.0,269.0,2,72500.0
-119.87,36.34,26.0,1414.0,265.0,779.0,249.0,3,83900.0
-119.88,36.85,8.0,2580.0,372.0,1111.0,393.0,8,256200.0
-119.88,36.83,2.0,4055.0,735.0,1730.0,654.0,4,96500.0
-119.88,36.81,30.0,2288.0,474.0,1435.0,425.0,1,61200.0
-119.88,34.44,27.0,4724.0,793.0,2394.0,738.0,6,261400.0
-119.88,34.43,16.0,2206.0,541.0,1227.0,554.0,4,223100.0
-119.88,34.43,16.0,1734.0,365.0,962.0,391.0,4,282500.0
-119.88,34.43,14.0,2472.0,685.0,1292.0,621.0,3,229500.0
-119.89,36.79,5.0,3821.0,705.0,2179.0,694.0,4,80400.0
-119.89,36.76,17.0,1987.0,335.0,1152.0,313.0,4,126400.0
-119.89,36.73,43.0,524.0,93.0,302.0,93.0,3,81300.0
-119.89,36.7,32.0,1485.0,269.0,867.0,271.0,3,78300.0
-119.89,36.64,34.0,1422.0,237.0,716.0,222.0,3,90000.0
-119.89,34.44,25.0,3160.0,507.0,1514.0,523.0,5,271200.0
-119.9,37.49,13.0,2230.0,443.0,920.0,361.0,3,112000.0
-119.9,36.94,11.0,2513.0,408.0,1360.0,415.0,4,98500.0
-119.9,36.58,20.0,1935.0,363.0,1319.0,359.0,2,74600.0
-119.9,36.2,43.0,187.0,38.0,106.0,40.0,2,137500.0
-119.91,37.23,17.0,2171.0,389.0,1042.0,375.0,4,94400.0
-119.91,36.83,29.0,2205.0,366.0,1072.0,345.0,4,165400.0
-119.91,34.4,24.0,2001.0,365.0,1170.0,330.0,6,268800.0
-119.92,38.91,15.0,3831.0,625.0,984.0,328.0,5,162500.0
-119.92,36.77,18.0,1422.0,243.0,702.0,230.0,4,119800.0
-119.92,34.44,17.0,2143.0,324.0,1073.0,330.0,6,402600.0
-119.93,38.94,27.0,1709.0,408.0,97.0,44.0,2,200000.0
-119.93,38.72,15.0,2061.0,465.0,573.0,196.0,2,97900.0
-119.93,37.85,18.0,473.0,115.0,88.0,41.0,4,137500.0
-119.93,36.32,25.0,8363.0,1636.0,7679.0,1580.0,2,106300.0
-119.93,35.2,29.0,1649.0,342.0,671.0,264.0,3,69800.0
-119.94,38.96,20.0,1451.0,386.0,467.0,255.0,2,212500.0
-119.94,38.95,25.0,1789.0,536.0,1134.0,396.0,2,91300.0
-119.94,38.92,24.0,1258.0,216.0,235.0,96.0,5,136800.0
-119.94,37.04,14.0,1636.0,253.0,766.0,225.0,3,88500.0
-119.95,38.95,8.0,430.0,107.0,36.0,18.0,3,187500.0
-119.95,38.95,22.0,1058.0,352.0,851.0,269.0,2,87500.0
-119.95,38.95,21.0,2046.0,580.0,952.0,353.0,2,92200.0
-119.95,38.94,24.0,2180.0,517.0,755.0,223.0,3,173400.0
-119.95,37.47,32.0,1312.0,315.0,600.0,265.0,2,91500.0
-119.96,38.94,19.0,1429.0,292.0,585.0,188.0,2,131600.0
-119.96,38.93,22.0,2731.0,632.0,1215.0,483.0,3,110500.0
-119.96,38.84,17.0,2722.0,512.0,828.0,289.0,4,109700.0
-119.96,35.99,25.0,1047.0,270.0,1505.0,286.0,2,47700.0
-119.97,38.93,24.0,856.0,185.0,388.0,108.0,3,107200.0
-119.97,36.57,17.0,1497.0,308.0,1425.0,247.0,2,69400.0
-119.98,38.93,25.0,1262.0,293.0,534.0,226.0,3,90400.0
-119.98,38.92,27.0,2682.0,606.0,1010.0,399.0,3,86900.0
-119.98,38.9,16.0,3109.0,572.0,885.0,334.0,4,134700.0
-119.98,36.9,26.0,1284.0,239.0,820.0,254.0,3,62300.0
-119.98,36.86,31.0,2366.0,482.0,1933.0,433.0,3,65000.0
-119.98,36.74,26.0,1453.0,251.0,896.0,260.0,3,112500.0
-119.99,38.94,24.0,1216.0,289.0,421.0,185.0,3,103600.0
-119.99,38.94,22.0,3119.0,640.0,786.0,351.0,3,118500.0
-119.99,38.93,23.0,1882.0,414.0,673.0,277.0,3,141900.0
-119.99,37.51,14.0,2878.0,617.0,1011.0,509.0,1,103800.0
-119.99,36.8,45.0,1270.0,242.0,598.0,214.0,3,105400.0
-119.99,36.09,23.0,333.0,92.0,198.0,55.0,0,100000.0
-120.0,38.93,17.0,8005.0,1382.0,999.0,383.0,4,313400.0
-120.0,38.92,26.0,529.0,116.0,191.0,83.0,4,103600.0
-120.0,38.9,21.0,1653.0,419.0,737.0,308.0,2,114100.0
-120.0,38.87,12.0,1437.0,268.0,395.0,144.0,4,127600.0
-120.0,38.52,16.0,3045.0,543.0,202.0,102.0,3,140600.0
-120.0,36.7,33.0,1902.0,370.0,1168.0,358.0,3,70800.0
-120.0,35.91,16.0,259.0,53.0,131.0,38.0,3,62500.0
-120.01,39.26,26.0,1930.0,391.0,307.0,138.0,3,139300.0
-120.01,38.93,22.0,3080.0,610.0,1045.0,425.0,3,126100.0
-120.01,38.92,23.0,964.0,246.0,485.0,198.0,2,96100.0
-120.01,38.91,27.0,968.0,191.0,283.0,143.0,2,94400.0
-120.01,38.91,17.0,2732.0,609.0,1005.0,499.0,2,86700.0
-120.01,38.89,24.0,1669.0,422.0,589.0,281.0,3,100800.0
-120.02,39.24,32.0,1347.0,444.0,825.0,303.0,2,225000.0
-120.02,39.24,24.0,1602.0,426.0,751.0,257.0,2,99300.0
-120.02,38.91,22.0,2138.0,493.0,829.0,330.0,2,107200.0
-120.02,38.86,19.0,2429.0,459.0,883.0,300.0,3,97600.0
-120.02,38.76,15.0,3142.0,618.0,725.0,285.0,4,121400.0
-120.02,37.72,17.0,2806.0,600.0,990.0,410.0,2,88100.0
-120.02,37.57,17.0,2116.0,425.0,909.0,319.0,3,113100.0
-120.02,36.95,25.0,2115.0,482.0,1976.0,474.0,2,53900.0
-120.02,36.8,25.0,1270.0,255.0,1050.0,245.0,2,55300.0
-120.03,38.89,15.0,3042.0,588.0,918.0,336.0,4,118800.0
-120.03,38.19,26.0,7005.0,1358.0,416.0,189.0,2,132500.0
-120.04,36.97,20.0,2129.0,526.0,1845.0,522.0,2,51600.0
-120.04,36.96,23.0,2126.0,506.0,2091.0,491.0,1,51800.0
-120.04,36.95,36.0,1528.0,347.0,1334.0,304.0,1,48300.0
-120.04,36.93,11.0,3606.0,699.0,2074.0,644.0,3,63300.0
-120.04,36.79,48.0,1341.0,239.0,671.0,208.0,3,82800.0
-120.04,36.74,14.0,3182.0,730.0,2298.0,721.0,2,71800.0
-120.04,34.72,13.0,3942.0,585.0,1542.0,515.0,7,500001.0
-120.05,36.98,16.0,3705.0,739.0,2463.0,697.0,3,61800.0
-120.05,36.97,20.0,2029.0,427.0,983.0,401.0,2,47100.0
-120.05,36.96,37.0,1000.0,261.0,1092.0,233.0,1,52300.0
-120.05,36.95,31.0,696.0,254.0,913.0,248.0,1,52500.0
-120.05,36.95,18.0,2287.0,534.0,1339.0,505.0,2,65200.0
-120.05,36.72,24.0,1961.0,422.0,1559.0,374.0,2,57800.0
-120.06,39.25,21.0,2459.0,525.0,584.0,233.0,3,163500.0
-120.06,39.15,22.0,2213.0,372.0,98.0,42.0,1,170000.0
-120.06,39.09,30.0,2979.0,583.0,316.0,124.0,2,124000.0
-120.06,39.01,19.0,2967.0,528.0,112.0,48.0,4,437500.0
-120.06,37.02,13.0,6301.0,1080.0,3840.0,1033.0,4,84900.0
-120.06,36.98,12.0,2710.0,575.0,1724.0,516.0,1,60400.0
-120.06,36.97,38.0,1542.0,364.0,1220.0,334.0,2,52800.0
-120.06,36.96,44.0,1288.0,295.0,723.0,287.0,2,61400.0
-120.06,36.94,19.0,901.0,183.0,700.0,190.0,2,64300.0
-120.06,36.72,32.0,981.0,237.0,736.0,249.0,2,60400.0
-120.07,39.24,20.0,3729.0,614.0,365.0,152.0,5,169500.0
-120.07,37.34,16.0,1667.0,372.0,762.0,283.0,2,87500.0
-120.07,36.98,12.0,1790.0,379.0,1399.0,397.0,3,59600.0
-120.07,36.97,28.0,1563.0,403.0,1564.0,408.0,2,48000.0
-120.07,36.97,27.0,968.0,240.0,587.0,231.0,2,55000.0
-120.07,36.96,34.0,1457.0,239.0,557.0,226.0,4,96500.0
-120.07,36.74,19.0,2627.0,502.0,1295.0,441.0,3,88200.0
-120.08,41.79,34.0,1355.0,262.0,434.0,178.0,2,56100.0
-120.08,39.23,19.0,1746.0,306.0,251.0,104.0,5,146900.0
-120.08,38.8,34.0,1988.0,511.0,36.0,15.0,5,162500.0
-120.08,37.06,18.0,402.0,76.0,213.0,71.0,2,95800.0
-120.08,36.97,13.0,3356.0,589.0,1458.0,601.0,4,94200.0
-120.08,36.96,36.0,2074.0,349.0,954.0,363.0,3,73800.0
-120.08,36.95,41.0,1164.0,211.0,476.0,171.0,2,70700.0
-120.08,36.79,38.0,1446.0,285.0,928.0,255.0,3,89600.0
-120.08,36.72,22.0,1339.0,251.0,820.0,276.0,4,83200.0
-120.08,36.34,18.0,1524.0,414.0,2030.0,356.0,2,112500.0
-120.08,34.64,18.0,2375.0,429.0,1048.0,369.0,4,375000.0
-120.08,34.62,11.0,3478.0,588.0,1693.0,582.0,5,272300.0
-120.08,34.59,24.0,1874.0,319.0,820.0,315.0,5,390200.0
-120.09,39.92,19.0,2335.0,518.0,1028.0,383.0,2,60700.0
-120.09,39.4,17.0,1076.0,283.0,171.0,64.0,2,83900.0
-120.09,37.02,9.0,1608.0,297.0,1057.0,295.0,4,81600.0
-120.09,36.19,12.0,1923.0,559.0,2809.0,535.0,1,55100.0
-120.09,34.62,18.0,2708.0,382.0,988.0,359.0,6,367000.0
-120.09,34.61,11.0,586.0,125.0,317.0,74.0,3,84400.0
-120.1,39.37,10.0,2325.0,410.0,1016.0,373.0,5,117300.0
-120.1,39.33,9.0,2738.0,510.0,1193.0,412.0,4,124800.0
-120.1,39.2,20.0,1703.0,294.0,409.0,174.0,3,196900.0
-120.1,39.19,18.0,3824.0,559.0,241.0,106.0,6,360000.0
-120.1,39.17,33.0,1849.0,384.0,218.0,92.0,2,143800.0
-120.1,38.91,33.0,1561.0,282.0,30.0,11.0,2,500001.0
-120.1,36.96,20.0,2100.0,317.0,910.0,274.0,5,90900.0
-120.1,36.66,19.0,2020.0,416.0,1341.0,360.0,2,69000.0
-120.1,36.21,12.0,1462.0,356.0,1708.0,367.0,2,64700.0
-120.1,36.16,17.0,598.0,160.0,715.0,146.0,2,55000.0
-120.11,39.24,21.0,3005.0,574.0,385.0,150.0,3,153300.0
-120.11,39.21,18.0,2245.0,392.0,421.0,162.0,5,158300.0
-120.11,36.96,17.0,3344.0,570.0,1624.0,536.0,4,95300.0
-120.11,34.62,16.0,2943.0,394.0,959.0,359.0,6,440000.0
-120.12,41.4,33.0,2820.0,515.0,976.0,403.0,3,52600.0
-120.12,39.18,17.0,2839.0,525.0,390.0,189.0,4,179200.0
-120.12,36.01,18.0,1165.0,334.0,1119.0,308.0,2,48500.0
-120.12,35.99,7.0,2049.0,482.0,1387.0,422.0,2,56200.0
-120.12,34.6,10.0,2426.0,426.0,966.0,419.0,6,290900.0
-120.13,39.06,22.0,2465.0,539.0,381.0,146.0,3,87500.0
-120.13,37.93,5.0,111.0,26.0,58.0,25.0,2,112500.0
-120.13,36.87,32.0,2089.0,468.0,1765.0,427.0,2,61700.0
-120.13,35.87,26.0,48.0,8.0,13.0,8.0,2,71300.0
-120.13,34.63,11.0,2137.0,339.0,916.0,338.0,6,394900.0
-120.14,36.04,27.0,2533.0,518.0,1371.0,461.0,3,60900.0
-120.14,36.0,33.0,1726.0,420.0,1371.0,388.0,2,43900.0
-120.14,34.6,22.0,2136.0,465.0,1143.0,409.0,3,243100.0
-120.14,34.59,9.0,2536.0,499.0,832.0,385.0,3,309800.0
-120.14,34.59,24.0,1601.0,282.0,731.0,285.0,4,259800.0
-120.15,39.8,19.0,785.0,151.0,366.0,140.0,3,82500.0
-120.15,39.36,9.0,2254.0,400.0,694.0,243.0,6,138100.0
-120.15,39.2,14.0,1382.0,242.0,141.0,66.0,4,283300.0
-120.15,39.15,25.0,1669.0,348.0,163.0,78.0,6,176600.0
-120.15,37.69,13.0,866.0,252.0,369.0,165.0,3,70200.0
-120.16,39.14,21.0,2484.0,460.0,309.0,144.0,4,127800.0
-120.16,39.04,18.0,2040.0,402.0,350.0,129.0,4,126000.0
-120.16,39.01,16.0,1463.0,264.0,54.0,26.0,5,206300.0
-120.16,37.12,29.0,1995.0,392.0,1261.0,354.0,2,79200.0
-120.16,36.96,18.0,508.0,104.0,393.0,114.0,3,156300.0
-120.16,34.61,17.0,921.0,189.0,434.0,219.0,3,500001.0
-120.17,39.33,18.0,1046.0,204.0,486.0,179.0,4,110900.0
-120.17,39.33,10.0,614.0,141.0,195.0,95.0,1,116300.0
-120.17,39.32,14.0,2421.0,489.0,1000.0,354.0,4,119800.0
-120.18,39.28,14.0,10098.0,1545.0,701.0,254.0,4,141300.0
-120.18,39.17,18.0,1703.0,360.0,354.0,163.0,4,146900.0
-120.18,36.59,25.0,948.0,198.0,613.0,171.0,2,90600.0
-120.18,34.75,17.0,2074.0,382.0,1035.0,359.0,4,400000.0
-120.19,39.35,7.0,2611.0,395.0,482.0,159.0,5,174100.0
-120.19,39.32,16.0,1536.0,298.0,646.0,208.0,2,155700.0
-120.19,38.42,11.0,1568.0,369.0,82.0,33.0,3,77500.0
-120.19,38.07,43.0,102.0,19.0,44.0,13.0,0,162500.0
-120.19,38.03,17.0,8651.0,1579.0,2071.0,757.0,3,115800.0
-120.19,36.61,29.0,1479.0,338.0,1408.0,322.0,2,57200.0
-120.19,36.6,25.0,875.0,214.0,931.0,214.0,2,58300.0
-120.2,40.26,26.0,2399.0,518.0,1037.0,443.0,3,47600.0
-120.2,39.33,26.0,1988.0,379.0,905.0,321.0,4,109500.0
-120.2,39.12,15.0,2146.0,361.0,197.0,76.0,4,200000.0
-120.2,37.84,9.0,13670.0,2453.0,2811.0,1193.0,3,137900.0
-120.2,37.8,30.0,1189.0,255.0,446.0,165.0,3,112500.0
-120.2,34.63,14.0,2647.0,515.0,1487.0,488.0,4,227900.0
-120.2,34.61,15.0,2958.0,690.0,1348.0,617.0,4,215200.0
-120.21,39.35,7.0,914.0,159.0,85.0,34.0,5,187500.0
-120.21,36.98,21.0,1667.0,303.0,861.0,276.0,3,92200.0
-120.22,39.35,8.0,1872.0,281.0,203.0,71.0,5,198400.0
-120.22,39.2,22.0,8259.0,1409.0,845.0,353.0,3,244000.0
-120.22,38.05,14.0,3803.0,689.0,1129.0,477.0,3,137000.0
-120.22,36.49,14.0,1508.0,347.0,1679.0,345.0,2,56000.0
-120.23,39.56,14.0,1781.0,346.0,734.0,287.0,2,93000.0
-120.23,39.36,7.0,2045.0,358.0,245.0,92.0,4,152300.0
-120.23,37.98,14.0,1954.0,368.0,917.0,316.0,3,93300.0
-120.24,39.67,52.0,296.0,63.0,143.0,56.0,4,68600.0
-120.24,39.67,40.0,690.0,129.0,305.0,110.0,2,62500.0
-120.24,39.35,8.0,4195.0,725.0,291.0,115.0,3,180800.0
-120.24,38.01,11.0,1214.0,228.0,633.0,199.0,3,148600.0
-120.24,37.21,31.0,2447.0,465.0,1313.0,352.0,3,93800.0
-120.25,39.34,9.0,2739.0,555.0,294.0,110.0,3,162500.0
-120.25,38.04,22.0,4173.0,763.0,1086.0,444.0,3,136200.0
-120.25,38.03,21.0,4924.0,966.0,1175.0,454.0,3,116500.0
-120.25,37.23,34.0,1656.0,328.0,1110.0,332.0,2,59900.0
-120.25,37.04,21.0,1724.0,317.0,1006.0,290.0,3,91700.0
-120.25,36.65,31.0,1177.0,221.0,744.0,223.0,2,66000.0
-120.26,39.32,24.0,6012.0,1227.0,780.0,358.0,3,122100.0
-120.26,38.13,17.0,301.0,94.0,122.0,47.0,4,87500.0
-120.26,37.99,12.0,2726.0,517.0,1351.0,474.0,4,107100.0
-120.26,37.13,33.0,1239.0,250.0,648.0,227.0,2,58800.0
-120.26,37.11,33.0,1097.0,254.0,627.0,253.0,1,50700.0
-120.27,38.31,13.0,3297.0,662.0,267.0,97.0,3,108300.0
-120.27,38.29,10.0,3486.0,695.0,298.0,124.0,3,103800.0
-120.27,38.02,13.0,3839.0,715.0,1486.0,532.0,3,99800.0
-120.27,37.12,42.0,1142.0,236.0,597.0,210.0,2,52300.0
-120.27,37.12,36.0,1219.0,258.0,639.0,245.0,2,57000.0
-120.27,37.12,17.0,3328.0,628.0,1580.0,619.0,3,81500.0
-120.27,37.11,18.0,1277.0,234.0,674.0,238.0,3,75900.0
-120.27,36.29,11.0,1337.0,412.0,1376.0,318.0,2,87500.0
-120.27,34.72,14.0,1289.0,277.0,693.0,237.0,3,230800.0
-120.28,38.07,13.0,1996.0,410.0,618.0,218.0,3,104600.0
-120.28,38.03,13.0,2095.0,391.0,860.0,331.0,4,145700.0
-120.28,37.9,17.0,1047.0,212.0,530.0,196.0,2,153300.0
-120.29,38.01,12.0,3014.0,560.0,1424.0,485.0,3,105100.0
-120.29,36.88,34.0,1391.0,297.0,943.0,281.0,2,83900.0
-120.29,35.56,15.0,4760.0,871.0,2459.0,734.0,3,142100.0
-120.3,38.9,11.0,1961.0,435.0,113.0,53.0,1,95500.0
-120.3,38.04,6.0,1281.0,245.0,422.0,160.0,3,111300.0
-120.3,37.99,23.0,1908.0,383.0,984.0,374.0,3,153500.0
-120.3,37.34,33.0,993.0,186.0,556.0,175.0,2,103600.0
-120.3,35.1,16.0,2819.0,479.0,1068.0,365.0,5,270800.0
-120.31,37.64,11.0,2403.0,497.0,890.0,344.0,3,120800.0
-120.31,37.29,40.0,1542.0,341.0,1283.0,341.0,2,55900.0
-120.32,38.71,13.0,1115.0,255.0,86.0,32.0,4,115600.0
-120.32,37.91,16.0,108.0,18.0,54.0,22.0,4,100000.0
-120.32,37.29,9.0,695.0,188.0,810.0,190.0,2,56300.0
-120.33,38.26,13.0,2962.0,546.0,252.0,103.0,4,155800.0
-120.33,37.97,17.0,2530.0,526.0,1024.0,496.0,2,118900.0
-120.33,34.87,24.0,2590.0,404.0,1093.0,338.0,4,341200.0
-120.34,38.25,17.0,5497.0,1056.0,997.0,408.0,3,111500.0
-120.34,38.23,10.0,3757.0,722.0,546.0,223.0,4,121400.0
-120.35,40.63,33.0,240.0,49.0,63.0,22.0,4,200000.0
-120.35,38.04,16.0,1499.0,326.0,733.0,286.0,3,118800.0
-120.35,37.99,3.0,1167.0,306.0,422.0,186.0,2,217500.0
-120.35,37.98,4.0,1658.0,301.0,676.0,278.0,4,149500.0
-120.35,37.95,13.0,2104.0,407.0,960.0,401.0,2,177000.0
-120.35,37.86,25.0,287.0,57.0,118.0,50.0,2,162500.0
-120.35,37.31,17.0,605.0,159.0,416.0,83.0,2,87500.0
-120.35,36.16,18.0,1519.0,296.0,846.0,272.0,3,85300.0
-120.35,36.14,9.0,2671.0,647.0,1484.0,541.0,2,60400.0
-120.36,36.14,18.0,1206.0,274.0,622.0,217.0,2,62000.0
-120.36,36.13,29.0,1938.0,434.0,1306.0,415.0,3,55500.0
-120.37,40.17,21.0,789.0,141.0,406.0,146.0,2,73500.0
-120.37,38.25,13.0,4495.0,856.0,1149.0,459.0,3,113700.0
-120.37,38.23,13.0,4401.0,829.0,924.0,383.0,3,123500.0
-120.37,37.98,29.0,2508.0,591.0,1112.0,550.0,2,91400.0
-120.37,36.16,36.0,613.0,124.0,310.0,124.0,3,65000.0
-120.37,36.15,34.0,2084.0,339.0,868.0,347.0,4,86300.0
-120.37,36.13,10.0,2522.0,533.0,1335.0,493.0,3,86400.0
-120.37,34.9,17.0,2649.0,386.0,1057.0,362.0,5,326800.0
-120.37,34.69,18.0,1868.0,315.0,747.0,265.0,5,290600.0
-120.38,40.98,27.0,777.0,185.0,318.0,115.0,2,40000.0
-120.38,39.82,10.0,1262.0,258.0,510.0,209.0,2,92800.0
-120.38,37.99,36.0,2864.0,603.0,1155.0,565.0,2,113400.0
-120.38,37.97,47.0,1060.0,219.0,496.0,205.0,3,104800.0
-120.38,36.76,25.0,991.0,272.0,941.0,262.0,2,58000.0
-120.38,36.76,12.0,932.0,244.0,1043.0,243.0,1,54300.0
-120.38,36.75,25.0,1689.0,495.0,1745.0,457.0,2,60000.0
-120.38,36.15,17.0,2279.0,448.0,1200.0,420.0,3,70000.0
-120.38,34.96,9.0,2813.0,492.0,1144.0,490.0,4,226800.0
-120.39,38.03,20.0,1551.0,309.0,647.0,228.0,3,139100.0
-120.39,38.0,33.0,2177.0,404.0,891.0,383.0,3,105200.0
-120.39,37.96,10.0,2554.0,501.0,922.0,439.0,2,164000.0
-120.39,36.78,11.0,1947.0,488.0,2104.0,486.0,2,55200.0
-120.39,34.52,40.0,2162.0,395.0,1010.0,332.0,3,239300.0
-120.4,38.06,12.0,1430.0,310.0,517.0,240.0,3,128100.0
-120.4,38.0,17.0,2098.0,370.0,912.0,354.0,3,112600.0
-120.4,37.98,19.0,2010.0,433.0,910.0,390.0,3,121200.0
-120.4,37.92,22.0,1022.0,194.0,517.0,198.0,4,99400.0
-120.4,37.3,28.0,1401.0,292.0,967.0,257.0,2,89400.0
-120.4,34.95,8.0,1885.0,286.0,835.0,290.0,5,261000.0
-120.4,34.87,10.0,2197.0,329.0,1064.0,319.0,5,199600.0
-120.41,38.33,17.0,1463.0,338.0,529.0,226.0,3,100900.0
-120.41,38.03,14.0,2061.0,465.0,859.0,462.0,2,115300.0
-120.41,37.88,16.0,744.0,141.0,311.0,122.0,4,87500.0
-120.41,37.16,21.0,1684.0,341.0,1052.0,312.0,2,95800.0
-120.41,36.77,24.0,1335.0,312.0,1180.0,267.0,2,68900.0
-120.41,34.96,9.0,2712.0,428.0,1116.0,415.0,5,190100.0
-120.41,34.96,21.0,1774.0,263.0,724.0,237.0,5,152500.0
-120.41,34.96,16.0,2299.0,403.0,1245.0,395.0,4,148300.0
-120.41,34.88,8.0,3119.0,620.0,1159.0,544.0,4,165500.0
-120.41,34.88,4.0,3680.0,559.0,1678.0,569.0,5,201700.0
-120.41,34.87,32.0,1997.0,317.0,866.0,281.0,5,158900.0
-120.41,34.87,15.0,1534.0,251.0,761.0,240.0,5,193600.0
-120.41,34.86,15.0,978.0,187.0,407.0,182.0,4,158000.0
-120.42,40.38,26.0,1652.0,313.0,762.0,280.0,2,85600.0
-120.42,38.42,18.0,2912.0,663.0,999.0,411.0,3,91900.0
-120.42,37.95,19.0,2787.0,578.0,1208.0,532.0,2,98700.0
-120.42,34.97,18.0,1932.0,350.0,1071.0,346.0,4,139800.0
-120.42,34.96,31.0,3518.0,608.0,1386.0,572.0,4,151400.0
-120.42,34.96,20.0,1678.0,307.0,840.0,316.0,4,160700.0
-120.42,34.96,19.0,2298.0,511.0,1246.0,513.0,2,132000.0
-120.42,34.96,14.0,2069.0,343.0,1240.0,338.0,5,149800.0
-120.42,34.95,33.0,3404.0,711.0,1579.0,639.0,3,146700.0
-120.42,34.94,32.0,2844.0,551.0,1337.0,516.0,3,133700.0
-120.42,34.89,24.0,2020.0,307.0,855.0,283.0,5,162500.0
-120.42,34.87,18.0,2505.0,376.0,1162.0,382.0,5,195700.0
-120.43,38.25,13.0,763.0,161.0,311.0,125.0,2,112500.0
-120.43,38.02,15.0,1613.0,299.0,655.0,251.0,4,186000.0
-120.43,37.32,16.0,1170.0,178.0,566.0,181.0,5,125300.0
-120.43,36.99,16.0,1027.0,199.0,673.0,193.0,3,63800.0
-120.43,36.18,29.0,579.0,116.0,218.0,99.0,2,104200.0
-120.43,35.17,16.0,947.0,163.0,477.0,137.0,4,315000.0
-120.43,34.98,21.0,2725.0,514.0,1466.0,488.0,4,128600.0
-120.43,34.97,28.0,1433.0,270.0,1001.0,278.0,4,130100.0
-120.43,34.96,24.0,2739.0,414.0,1171.0,413.0,5,162900.0
-120.43,34.96,24.0,1799.0,470.0,1416.0,408.0,2,136900.0
-120.43,34.96,19.0,2350.0,631.0,1291.0,515.0,1,130800.0
-120.43,34.95,50.0,1966.0,413.0,985.0,403.0,2,136100.0
-120.43,34.95,43.0,2020.0,344.0,692.0,310.0,4,181800.0
-120.43,34.93,4.0,2866.0,648.0,1311.0,578.0,3,186500.0
-120.43,34.93,10.0,2980.0,585.0,1593.0,562.0,3,218300.0
-120.43,34.9,27.0,2019.0,354.0,1029.0,346.0,4,144700.0
-120.43,34.89,30.0,1979.0,342.0,999.0,320.0,5,158000.0
-120.43,34.89,28.0,2862.0,478.0,1384.0,463.0,5,158200.0
-120.43,34.87,21.0,2131.0,329.0,1094.0,353.0,5,193000.0
-120.43,34.86,17.0,3172.0,506.0,1538.0,473.0,4,168100.0
-120.43,34.86,17.0,1932.0,347.0,874.0,312.0,4,141500.0
-120.44,37.31,21.0,6911.0,1341.0,3967.0,1297.0,3,95200.0
-120.44,37.29,18.0,1260.0,268.0,576.0,263.0,2,101500.0
-120.44,37.28,12.0,2855.0,598.0,1658.0,586.0,2,81100.0
-120.44,36.84,29.0,1563.0,293.0,883.0,288.0,3,90500.0
-120.44,34.97,26.0,1705.0,344.0,1605.0,307.0,4,113700.0
-120.44,34.97,22.0,1619.0,360.0,1509.0,384.0,2,110300.0
-120.44,34.96,39.0,1228.0,379.0,851.0,341.0,2,113300.0
-120.44,34.96,34.0,1248.0,284.0,986.0,272.0,3,104200.0
-120.44,34.94,29.0,1877.0,516.0,1634.0,492.0,2,122700.0
-120.44,34.94,24.0,2481.0,476.0,1101.0,474.0,3,147200.0
-120.44,34.93,16.0,2098.0,558.0,1252.0,492.0,2,67500.0
-120.44,34.93,15.0,868.0,244.0,1133.0,253.0,2,87500.0
-120.44,34.91,12.0,3189.0,463.0,1200.0,442.0,5,226800.0
-120.44,34.88,9.0,3124.0,415.0,1169.0,407.0,7,275100.0
-120.44,34.87,13.0,2312.0,352.0,1084.0,388.0,5,194000.0
-120.44,34.68,6.0,2187.0,277.0,697.0,273.0,6,307400.0
-120.44,34.66,22.0,3231.0,549.0,1739.0,581.0,5,142400.0
-120.44,34.65,30.0,2265.0,512.0,1402.0,471.0,2,134000.0
-120.44,34.64,8.0,787.0,126.0,446.0,133.0,5,163400.0
-120.45,39.8,47.0,2149.0,456.0,965.0,419.0,2,55900.0
-120.45,37.79,8.0,2687.0,495.0,5087.0,385.0,3,115400.0
-120.45,37.32,21.0,1318.0,202.0,618.0,197.0,5,117800.0
-120.45,37.32,19.0,3136.0,466.0,1631.0,484.0,4,101400.0
-120.45,37.31,20.0,4379.0,753.0,2055.0,716.0,4,133500.0
-120.45,36.86,34.0,673.0,173.0,539.0,182.0,2,66000.0
-120.45,36.85,20.0,1519.0,376.0,1681.0,370.0,2,58100.0
-120.45,34.97,25.0,1920.0,380.0,1434.0,388.0,3,129300.0
-120.45,34.97,10.0,1897.0,354.0,1353.0,357.0,4,131300.0
-120.45,34.96,26.0,1949.0,396.0,1575.0,377.0,3,121400.0
-120.45,34.96,21.0,2121.0,445.0,2211.0,463.0,4,117600.0
-120.45,34.96,11.0,1299.0,280.0,1158.0,223.0,3,129200.0
-120.45,34.95,32.0,1574.0,447.0,1772.0,463.0,2,90200.0
-120.45,34.95,10.0,2207.0,644.0,2232.0,543.0,2,98500.0
-120.45,34.94,26.0,1058.0,232.0,891.0,243.0,4,120600.0
-120.45,34.94,24.0,1702.0,447.0,1240.0,417.0,2,115500.0
-120.45,34.91,16.0,712.0,147.0,355.0,162.0,3,150000.0
-120.45,34.88,15.0,2143.0,286.0,929.0,315.0,6,269700.0
-120.45,34.86,23.0,3415.0,778.0,1492.0,633.0,2,114800.0
-120.45,34.71,21.0,1868.0,268.0,522.0,255.0,6,249300.0
-120.45,34.65,27.0,2253.0,382.0,1197.0,384.0,3,134700.0
-120.45,34.65,27.0,2215.0,578.0,1544.0,527.0,2,135300.0
-120.45,34.65,25.0,980.0,276.0,896.0,245.0,2,87500.0
-120.45,34.64,40.0,1051.0,235.0,574.0,201.0,2,111500.0
-120.45,34.64,34.0,2571.0,499.0,1105.0,451.0,4,150000.0
-120.45,34.64,27.0,2696.0,622.0,1322.0,543.0,3,135400.0
-120.45,34.64,17.0,1226.0,277.0,484.0,224.0,3,112500.0
-120.45,34.63,32.0,1840.0,309.0,828.0,333.0,5,172400.0
-120.45,34.63,25.0,2445.0,368.0,983.0,363.0,5,180100.0
-120.46,39.83,18.0,3406.0,673.0,1567.0,617.0,2,75900.0
-120.46,38.15,16.0,4221.0,781.0,1516.0,697.0,2,116000.0
-120.46,38.09,16.0,3758.0,715.0,1777.0,615.0,3,122600.0
-120.46,37.65,17.0,315.0,89.0,130.0,58.0,1,79200.0
-120.46,37.51,22.0,2704.0,497.0,1432.0,399.0,3,83100.0
-120.46,37.33,4.0,786.0,116.0,368.0,109.0,6,138200.0
-120.46,37.33,17.0,6111.0,1171.0,2950.0,1104.0,3,98800.0
-120.46,37.3,36.0,3346.0,739.0,2151.0,713.0,2,68300.0
-120.46,37.29,30.0,2972.0,635.0,1940.0,590.0,2,72300.0
-120.46,36.87,20.0,1287.0,310.0,954.0,269.0,1,63000.0
-120.46,34.74,15.0,2185.0,386.0,827.0,336.0,5,223100.0
-120.46,34.71,17.0,2830.0,430.0,1035.0,416.0,5,207200.0
-120.46,34.66,5.0,2904.0,702.0,1302.0,618.0,3,135200.0
-120.46,34.65,14.0,885.0,223.0,533.0,224.0,3,109300.0
-120.46,34.65,10.0,2143.0,593.0,1167.0,548.0,2,103300.0
-120.46,34.64,37.0,1697.0,334.0,740.0,272.0,2,148000.0
-120.46,34.64,16.0,686.0,217.0,614.0,200.0,1,83300.0
-120.46,34.64,11.0,562.0,164.0,504.0,147.0,2,118800.0
-120.46,34.63,48.0,1408.0,301.0,682.0,279.0,3,146600.0
-120.47,37.96,25.0,2505.0,529.0,1145.0,483.0,2,103000.0
-120.47,37.34,9.0,2934.0,511.0,1227.0,501.0,4,117200.0
-120.47,37.32,15.0,3952.0,984.0,2024.0,1026.0,3,121600.0
-120.47,37.3,40.0,3693.0,771.0,2102.0,742.0,2,75000.0
-120.47,37.29,16.0,749.0,222.0,1277.0,224.0,1,60900.0
-120.47,37.28,19.0,1548.0,319.0,1227.0,309.0,2,73300.0
-120.47,35.74,9.0,4267.0,785.0,2065.0,691.0,4,162700.0
-120.47,35.04,29.0,1315.0,279.0,926.0,249.0,3,144800.0
-120.47,34.71,21.0,2535.0,383.0,1012.0,368.0,6,183800.0
-120.47,34.7,24.0,2387.0,385.0,1051.0,382.0,4,152700.0
-120.47,34.66,4.0,3376.0,525.0,1684.0,535.0,5,166600.0
-120.47,34.65,31.0,1438.0,320.0,816.0,270.0,2,128100.0
-120.47,34.65,16.0,2549.0,428.0,1486.0,432.0,4,150700.0
-120.47,34.64,8.0,2482.0,586.0,1427.0,540.0,3,120400.0
-120.47,34.64,16.0,1912.0,406.0,1009.0,417.0,3,138000.0
-120.47,34.63,23.0,2441.0,463.0,1392.0,434.0,4,142200.0
-120.48,41.82,20.0,1367.0,284.0,429.0,181.0,2,47500.0
-120.48,39.78,11.0,513.0,104.0,204.0,86.0,2,100000.0
-120.48,39.66,32.0,1516.0,289.0,304.0,131.0,2,71000.0
-120.48,37.34,8.0,6146.0,1017.0,2821.0,987.0,5,127600.0
-120.48,37.32,13.0,3641.0,897.0,1737.0,788.0,2,130600.0
-120.48,37.31,42.0,2361.0,512.0,1684.0,511.0,2,75600.0
-120.48,37.3,49.0,2919.0,719.0,1956.0,679.0,2,88500.0
-120.48,37.3,39.0,1015.0,356.0,875.0,313.0,2,67000.0
-120.48,37.29,17.0,2266.0,693.0,3200.0,664.0,2,60400.0
-120.48,35.05,24.0,2314.0,468.0,1549.0,463.0,3,152600.0
-120.48,34.9,20.0,3842.0,630.0,2490.0,662.0,3,120100.0
-120.48,34.7,26.0,3069.0,518.0,1524.0,539.0,4,136400.0
-120.48,34.66,4.0,1897.0,331.0,915.0,336.0,4,172600.0
-120.48,34.65,26.0,1933.0,316.0,1001.0,319.0,4,134400.0
-120.49,37.32,13.0,3474.0,927.0,2149.0,821.0,2,85300.0
-120.49,37.32,10.0,1275.0,255.0,620.0,240.0,3,118300.0
-120.49,37.31,45.0,1834.0,421.0,1405.0,407.0,2,72400.0
-120.49,37.3,50.0,985.0,309.0,621.0,250.0,1,60900.0
-120.49,37.3,35.0,1313.0,324.0,1350.0,343.0,2,57600.0
-120.49,37.29,17.0,2414.0,594.0,2487.0,582.0,1,62700.0
-120.49,37.28,11.0,1721.0,381.0,1708.0,373.0,2,57100.0
-120.5,38.87,10.0,81.0,41.0,55.0,16.0,5,87500.0
-120.5,37.34,16.0,1245.0,231.0,956.0,219.0,3,108000.0
-120.5,37.32,13.0,1936.0,384.0,1158.0,367.0,3,83200.0
-120.5,37.31,36.0,2162.0,433.0,1048.0,451.0,3,81800.0
-120.5,37.3,29.0,1572.0,456.0,1697.0,429.0,2,63200.0
-120.5,35.03,10.0,10463.0,1756.0,4660.0,1715.0,4,277300.0
-120.51,36.86,21.0,1779.0,399.0,1446.0,371.0,2,71900.0
-120.51,36.55,20.0,1193.0,263.0,1274.0,241.0,2,38800.0
-120.52,35.06,11.0,1317.0,234.0,655.0,243.0,4,329700.0
-120.53,39.79,18.0,1234.0,266.0,543.0,201.0,3,71900.0
-120.54,40.29,17.0,3391.0,623.0,1529.0,571.0,3,91000.0
-120.54,38.75,9.0,3006.0,540.0,1102.0,418.0,4,136600.0
-120.54,38.41,21.0,1435.0,294.0,668.0,267.0,3,77400.0
-120.54,38.07,37.0,736.0,148.0,339.0,140.0,2,79900.0
-120.54,34.97,23.0,1353.0,345.0,1322.0,336.0,2,97800.0
-120.55,41.61,22.0,9047.0,1831.0,4276.0,1622.0,2,47900.0
-120.55,38.46,16.0,1443.0,249.0,435.0,181.0,3,129200.0
-120.55,38.45,17.0,2277.0,474.0,767.0,356.0,3,99100.0
-120.55,38.43,18.0,1564.0,357.0,618.0,277.0,2,108900.0
-120.55,38.31,18.0,1411.0,312.0,592.0,230.0,2,94700.0
-120.55,38.12,10.0,1566.0,325.0,785.0,291.0,2,116100.0
-120.55,38.07,27.0,1199.0,224.0,463.0,199.0,3,92200.0
-120.55,37.32,21.0,1410.0,229.0,590.0,205.0,3,141400.0
-120.55,36.97,42.0,1766.0,344.0,1084.0,323.0,2,74400.0
-120.56,38.48,14.0,3545.0,702.0,946.0,411.0,3,120900.0
-120.56,38.09,34.0,2745.0,559.0,1150.0,491.0,2,94900.0
-120.56,35.13,15.0,5818.0,924.0,2324.0,845.0,4,267600.0
-120.56,35.07,14.0,6788.0,1216.0,2866.0,1036.0,3,280200.0
-120.57,40.43,15.0,2045.0,461.0,1121.0,402.0,3,71500.0
-120.57,39.78,15.0,1291.0,283.0,582.0,242.0,2,102000.0
-120.57,38.35,17.0,1504.0,358.0,661.0,250.0,2,84800.0
-120.57,37.43,39.0,2235.0,412.0,1268.0,402.0,3,74600.0
-120.57,37.35,18.0,704.0,176.0,520.0,154.0,3,101300.0
-120.57,35.18,16.0,5209.0,917.0,2284.0,809.0,4,346100.0
-120.57,35.12,39.0,1656.0,333.0,866.0,317.0,3,195200.0
-120.57,35.11,18.0,2920.0,556.0,1068.0,552.0,4,156800.0
-120.57,34.96,38.0,1145.0,297.0,1107.0,296.0,2,89100.0
-120.57,34.96,27.0,1401.0,294.0,1306.0,286.0,3,83200.0
-120.58,40.37,16.0,3412.0,667.0,1873.0,590.0,2,61800.0
-120.58,39.27,15.0,4126.0,903.0,723.0,266.0,3,118800.0
-120.58,38.77,21.0,1661.0,406.0,789.0,319.0,2,108700.0
-120.58,37.36,33.0,3564.0,716.0,2603.0,696.0,2,67500.0
-120.58,35.0,37.0,523.0,119.0,374.0,95.0,1,106300.0
-120.59,38.76,21.0,1728.0,417.0,731.0,334.0,2,94700.0
-120.59,37.59,36.0,291.0,48.0,124.0,47.0,6,154200.0
-120.59,37.39,16.0,4717.0,1119.0,3589.0,1017.0,2,72800.0
-120.59,37.35,15.0,3249.0,613.0,1569.0,595.0,4,88000.0
-120.59,35.13,8.0,6638.0,1054.0,2710.0,966.0,5,295500.0
-120.59,35.12,27.0,3055.0,677.0,1407.0,610.0,2,179700.0
-120.59,35.11,25.0,3642.0,726.0,1729.0,673.0,3,205400.0
-120.59,35.11,20.0,3098.0,571.0,1449.0,611.0,4,197800.0
-120.59,34.7,29.0,17738.0,3114.0,12427.0,2826.0,3,28300.0
-120.6,38.76,22.0,1236.0,273.0,615.0,248.0,3,106900.0
-120.6,37.35,34.0,1722.0,316.0,904.0,315.0,2,66100.0
-120.6,37.35,19.0,3874.0,676.0,2441.0,707.0,3,88600.0
-120.6,37.34,34.0,1830.0,431.0,1304.0,415.0,2,68900.0
-120.6,35.6,13.0,4461.0,764.0,1795.0,640.0,4,206900.0
-120.6,35.12,22.0,3342.0,644.0,1342.0,593.0,3,217700.0
-120.6,35.11,17.0,2495.0,524.0,1292.0,501.0,2,153000.0
-120.6,35.1,16.0,3290.0,686.0,1497.0,655.0,3,178200.0
-120.6,34.91,44.0,711.0,140.0,384.0,116.0,2,73800.0
-120.61,37.36,16.0,638.0,147.0,380.0,132.0,2,87500.0
-120.61,37.35,34.0,1900.0,401.0,1009.0,385.0,2,75000.0
-120.61,37.32,18.0,5009.0,826.0,2497.0,805.0,4,146300.0
-120.61,37.03,34.0,1841.0,354.0,1019.0,356.0,2,67500.0
-120.61,35.13,16.0,3431.0,721.0,1777.0,701.0,3,190400.0
-120.61,35.12,31.0,1486.0,345.0,823.0,322.0,3,165400.0
-120.61,35.11,11.0,3733.0,831.0,1839.0,739.0,3,158500.0
-120.61,35.1,17.0,2799.0,637.0,2015.0,592.0,3,143600.0
-120.61,35.1,14.0,2919.0,691.0,1896.0,577.0,2,142100.0
-120.61,35.06,13.0,2364.0,421.0,1257.0,380.0,5,273100.0
-120.62,38.71,10.0,6305.0,1150.0,2597.0,921.0,4,132200.0
-120.62,38.39,15.0,3750.0,691.0,1444.0,603.0,3,134800.0
-120.62,37.37,8.0,2608.0,428.0,1530.0,435.0,4,102100.0
-120.62,37.35,20.0,1457.0,372.0,1000.0,346.0,1,69200.0
-120.62,37.35,18.0,874.0,203.0,572.0,190.0,2,71000.0
-120.62,36.99,32.0,2455.0,508.0,1344.0,492.0,2,69400.0
-120.62,35.28,28.0,3952.0,592.0,1469.0,571.0,6,328800.0
-120.62,35.11,18.0,2241.0,544.0,1521.0,509.0,2,155800.0
-120.63,37.41,27.0,2083.0,444.0,1462.0,479.0,3,69100.0
-120.63,37.36,16.0,1605.0,282.0,866.0,284.0,4,110200.0
-120.63,35.59,9.0,5782.0,1184.0,3026.0,1130.0,3,113500.0
-120.63,35.27,23.0,1630.0,253.0,704.0,263.0,5,251300.0
-120.63,35.13,16.0,2680.0,704.0,975.0,619.0,2,55000.0
-120.64,40.41,50.0,1741.0,424.0,987.0,383.0,2,59300.0
-120.64,37.7,16.0,284.0,51.0,239.0,46.0,2,137500.0
-120.64,37.38,21.0,3157.0,637.0,2268.0,620.0,3,70400.0
-120.64,37.38,19.0,2256.0,449.0,1469.0,435.0,3,84600.0
-120.64,37.2,16.0,2236.0,438.0,1361.0,393.0,2,125000.0
-120.64,36.99,23.0,2363.0,449.0,1168.0,410.0,2,75700.0
-120.64,35.65,9.0,3466.0,673.0,2356.0,619.0,3,158200.0
-120.64,35.47,8.0,416.0,121.0,936.0,97.0,2,117200.0
-120.64,35.15,7.0,7922.0,1442.0,2863.0,1197.0,5,275000.0
-120.64,34.97,5.0,2090.0,469.0,1911.0,482.0,2,86100.0
-120.65,40.42,39.0,3240.0,652.0,1467.0,621.0,2,64300.0
-120.65,38.5,10.0,1783.0,337.0,638.0,262.0,3,116700.0
-120.65,38.42,23.0,1538.0,305.0,730.0,267.0,3,116700.0
-120.65,38.28,21.0,3095.0,681.0,1341.0,546.0,2,104000.0
-120.65,37.33,25.0,1731.0,311.0,810.0,266.0,4,107600.0
-120.65,37.09,22.0,886.0,173.0,595.0,161.0,2,150000.0
-120.65,36.98,26.0,1787.0,364.0,1548.0,362.0,2,49500.0
-120.65,35.41,15.0,6725.0,1111.0,3139.0,1029.0,4,261600.0
-120.65,35.32,20.0,626.0,212.0,3574.0,261.0,1,300000.0
-120.65,35.29,36.0,1940.0,315.0,850.0,298.0,3,249600.0
-120.65,35.29,29.0,1785.0,481.0,1344.0,472.0,1,222900.0
-120.65,35.28,32.0,896.0,240.0,548.0,231.0,3,165900.0
-120.65,35.27,52.0,2254.0,642.0,1237.0,590.0,3,227100.0
-120.65,35.27,27.0,2034.0,341.0,768.0,316.0,4,258900.0
-120.65,35.27,15.0,2365.0,538.0,1446.0,490.0,3,225900.0
-120.65,35.12,19.0,2949.0,662.0,1425.0,548.0,3,178100.0
-120.66,40.41,52.0,2081.0,478.0,1051.0,419.0,2,70200.0
-120.66,39.72,15.0,3763.0,784.0,717.0,348.0,2,130500.0
-120.66,38.61,19.0,2715.0,596.0,1301.0,473.0,3,126400.0
-120.66,38.4,18.0,2144.0,420.0,985.0,381.0,3,118500.0
-120.66,35.5,19.0,1861.0,364.0,1040.0,363.0,3,163900.0
-120.66,35.47,18.0,2474.0,449.0,1269.0,431.0,4,184800.0
-120.66,35.29,39.0,2163.0,652.0,1153.0,599.0,2,233300.0
-120.66,35.29,23.0,1932.0,487.0,1380.0,472.0,2,253600.0
-120.66,35.28,46.0,2054.0,502.0,1170.0,494.0,2,206300.0
-120.66,35.28,31.0,2773.0,844.0,1358.0,794.0,1,209600.0
-120.66,35.27,46.0,2217.0,544.0,1107.0,527.0,3,192600.0
-120.66,35.27,33.0,1664.0,455.0,1077.0,461.0,2,174200.0
-120.66,35.27,17.0,2719.0,589.0,1386.0,570.0,4,208200.0
-120.66,35.2,13.0,5138.0,713.0,1838.0,645.0,6,380000.0
-120.66,35.13,41.0,2666.0,751.0,940.0,507.0,2,236100.0
-120.66,35.1,19.0,1583.0,392.0,704.0,269.0,2,268300.0
-120.67,40.5,15.0,5343.0,1002.0,2503.0,902.0,4,85900.0
-120.67,38.76,35.0,2104.0,403.0,1060.0,400.0,2,138100.0
-120.67,38.19,17.0,2967.0,611.0,1387.0,564.0,2,92600.0
-120.67,37.97,9.0,7450.0,1475.0,2233.0,930.0,3,133000.0
-120.67,37.37,18.0,164.0,30.0,104.0,32.0,2,87500.0
-120.67,36.72,18.0,819.0,198.0,996.0,198.0,2,112500.0
-120.67,35.63,8.0,2690.0,410.0,1085.0,381.0,4,256700.0
-120.67,35.48,18.0,2339.0,443.0,1097.0,416.0,3,176100.0
-120.67,35.3,19.0,1540.0,715.0,1799.0,635.0,1,500001.0
-120.67,35.29,44.0,2236.0,411.0,1036.0,437.0,3,219300.0
-120.68,37.47,33.0,1028.0,226.0,658.0,197.0,2,66300.0
-120.68,35.5,19.0,3369.0,673.0,1834.0,646.0,4,173800.0
-120.68,35.48,15.0,2608.0,525.0,1351.0,502.0,3,205800.0
-120.68,35.26,26.0,1704.0,315.0,918.0,310.0,3,208000.0
-120.68,35.25,16.0,4208.0,897.0,1634.0,806.0,2,233700.0
-120.69,39.12,19.0,1048.0,262.0,493.0,184.0,2,118200.0
-120.69,38.36,19.0,3267.0,614.0,1252.0,566.0,3,109900.0
-120.69,37.77,46.0,431.0,86.0,239.0,80.0,3,282100.0
-120.69,37.59,27.0,1170.0,227.0,660.0,222.0,2,81800.0
-120.69,36.84,18.0,902.0,195.0,771.0,174.0,2,55000.0
-120.69,35.65,14.0,3487.0,889.0,2352.0,796.0,2,144900.0
-120.69,35.62,43.0,3044.0,652.0,1456.0,608.0,2,140000.0
-120.69,35.62,35.0,3451.0,713.0,1550.0,653.0,3,161700.0
-120.69,35.52,26.0,2758.0,571.0,1291.0,522.0,3,181400.0
-120.69,35.34,16.0,164.0,30.0,542.0,32.0,2,42500.0
-120.69,35.28,26.0,4225.0,886.0,1795.0,704.0,2,247000.0
-120.7,38.75,19.0,2325.0,430.0,967.0,376.0,3,158700.0
-120.7,38.69,13.0,4492.0,821.0,2093.0,734.0,4,151700.0
-120.7,35.76,15.0,1914.0,425.0,1130.0,421.0,2,90600.0
-120.7,35.55,10.0,3979.0,761.0,1834.0,671.0,4,172100.0
-120.7,35.32,46.0,118.0,17.0,6532.0,13.0,4,350000.0
-120.7,35.31,24.0,3504.0,521.0,1490.0,506.0,5,337000.0
-120.7,35.28,14.0,3768.0,682.0,1884.0,664.0,5,239900.0
-120.71,40.36,19.0,4462.0,828.0,2229.0,777.0,4,105700.0
-120.71,40.13,19.0,897.0,180.0,276.0,110.0,3,89400.0
-120.71,38.85,8.0,1877.0,479.0,884.0,323.0,3,120100.0
-120.71,38.73,17.0,2146.0,396.0,862.0,351.0,3,141300.0
-120.71,38.34,16.0,1257.0,231.0,559.0,213.0,4,144300.0
-120.71,37.39,11.0,1479.0,341.0,1476.0,327.0,3,73800.0
-120.71,37.38,14.0,1979.0,432.0,1756.0,382.0,3,71400.0
-120.71,35.27,9.0,2568.0,421.0,1149.0,398.0,5,331600.0
-120.72,38.94,10.0,1604.0,352.0,540.0,190.0,4,113200.0
-120.72,38.57,8.0,892.0,185.0,427.0,164.0,3,118800.0
-120.72,38.42,17.0,5654.0,1085.0,2237.0,953.0,3,144100.0
-120.72,38.38,9.0,1787.0,347.0,806.0,306.0,3,157200.0
-120.72,37.54,17.0,729.0,134.0,431.0,121.0,4,131300.0
-120.72,37.38,22.0,1311.0,319.0,1455.0,340.0,2,67300.0
-120.72,35.63,31.0,3476.0,644.0,1476.0,567.0,3,195200.0
-120.73,37.38,23.0,1451.0,292.0,1052.0,265.0,3,72900.0
-120.74,39.9,23.0,1017.0,218.0,387.0,152.0,2,88200.0
-120.74,39.82,9.0,1955.0,398.0,294.0,122.0,4,126500.0
-120.74,39.39,18.0,453.0,117.0,152.0,77.0,1,85700.0
-120.74,37.33,30.0,2390.0,470.0,1409.0,428.0,2,81300.0
-120.75,37.69,24.0,2282.0,423.0,1167.0,398.0,4,116100.0
-120.75,37.44,27.0,2295.0,424.0,1252.0,350.0,4,123200.0
-120.75,37.37,32.0,1656.0,317.0,1037.0,286.0,2,88800.0
-120.76,38.76,21.0,3509.0,606.0,1576.0,564.0,3,148500.0
-120.76,38.73,17.0,512.0,129.0,314.0,140.0,2,108300.0
-120.76,38.65,17.0,2319.0,430.0,1126.0,372.0,4,155900.0
-120.76,38.6,14.0,2925.0,625.0,1226.0,437.0,3,133800.0
-120.76,38.47,17.0,1521.0,309.0,607.0,240.0,4,123800.0
-120.76,38.12,7.0,7188.0,1288.0,3175.0,1115.0,4,130600.0
-120.76,37.73,16.0,1343.0,241.0,732.0,195.0,4,187500.0
-120.76,37.65,25.0,3214.0,682.0,2319.0,640.0,2,84300.0
-120.76,37.58,35.0,1395.0,264.0,756.0,253.0,4,178600.0
-120.76,37.44,18.0,2003.0,398.0,1333.0,411.0,3,90500.0
-120.76,35.52,7.0,9613.0,1666.0,4487.0,1653.0,4,250600.0
-120.77,40.65,11.0,2635.0,667.0,280.0,132.0,2,118300.0
-120.77,38.38,15.0,4221.0,816.0,1737.0,743.0,2,128600.0
-120.77,37.64,8.0,3294.0,667.0,2277.0,652.0,3,96800.0
-120.77,37.42,27.0,949.0,224.0,888.0,241.0,2,72800.0
-120.78,38.73,31.0,3117.0,616.0,1606.0,588.0,3,127900.0
-120.79,38.83,15.0,1374.0,291.0,709.0,239.0,2,118500.0
-120.79,38.7,13.0,5036.0,1034.0,2243.0,923.0,2,138500.0
-120.79,38.54,34.0,1133.0,254.0,495.0,187.0,2,68900.0
-120.79,38.24,19.0,1003.0,235.0,538.0,190.0,3,90400.0
-120.79,37.82,17.0,4227.0,729.0,1809.0,679.0,3,269500.0
-120.79,37.76,14.0,3531.0,508.0,1505.0,497.0,6,275300.0
-120.79,37.53,20.0,1417.0,263.0,853.0,263.0,3,108300.0
-120.79,37.41,35.0,2436.0,466.0,1730.0,469.0,2,85900.0
-120.79,36.06,29.0,1916.0,386.0,1019.0,314.0,2,87500.0
-120.8,38.51,23.0,1001.0,195.0,369.0,157.0,3,96400.0
-120.8,37.61,30.0,918.0,154.0,469.0,139.0,4,175000.0
-120.8,37.55,18.0,1802.0,335.0,1110.0,329.0,3,96300.0
-120.8,37.53,29.0,1162.0,254.0,726.0,225.0,2,90600.0
-120.8,37.52,13.0,2920.0,481.0,1602.0,490.0,4,145800.0
-120.8,35.33,20.0,2200.0,393.0,996.0,365.0,4,330000.0
-120.81,39.02,30.0,806.0,189.0,326.0,146.0,3,101000.0
-120.81,38.89,17.0,1438.0,324.0,675.0,268.0,3,119300.0
-120.81,38.74,29.0,2259.0,482.0,1099.0,463.0,2,121600.0
-120.81,38.73,42.0,1276.0,260.0,799.0,259.0,3,128600.0
-120.81,38.73,38.0,2005.0,385.0,882.0,353.0,3,120500.0
-120.81,38.67,14.0,8396.0,1578.0,3952.0,1474.0,3,118800.0
-120.81,35.19,14.0,3414.0,802.0,1236.0,632.0,4,336200.0
-120.82,37.64,20.0,3375.0,630.0,1505.0,598.0,3,201300.0
-120.82,37.54,20.0,707.0,114.0,282.0,86.0,6,164800.0
-120.82,37.51,17.0,1664.0,253.0,736.0,254.0,4,165800.0
-120.82,37.5,21.0,2974.0,495.0,1313.0,461.0,4,135400.0
-120.82,37.49,25.0,1611.0,285.0,882.0,261.0,4,122400.0
-120.82,37.05,15.0,1385.0,288.0,775.0,255.0,2,140600.0
-120.82,35.32,12.0,3522.0,683.0,1780.0,662.0,3,215800.0
-120.82,35.31,16.0,3924.0,699.0,1325.0,638.0,3,293900.0
-120.83,39.27,14.0,3338.0,608.0,1373.0,562.0,4,160100.0
-120.83,39.02,15.0,1117.0,242.0,551.0,229.0,3,97700.0
-120.83,38.74,17.0,3685.0,775.0,1714.0,734.0,2,128300.0
-120.83,37.79,16.0,893.0,164.0,548.0,155.0,4,121900.0
-120.83,37.77,20.0,1717.0,403.0,1062.0,401.0,2,116700.0
-120.83,37.76,21.0,435.0,96.0,219.0,83.0,3,112500.0
-120.83,37.58,30.0,1527.0,256.0,757.0,240.0,4,171400.0
-120.83,37.51,34.0,3078.0,477.0,1226.0,487.0,5,150000.0
-120.83,37.51,13.0,3795.0,604.0,1639.0,609.0,5,198400.0
-120.83,37.5,30.0,1340.0,244.0,631.0,231.0,3,118500.0
-120.83,35.33,14.0,4155.0,787.0,2112.0,755.0,4,192700.0
-120.83,35.32,11.0,3252.0,701.0,1814.0,660.0,3,183200.0
-120.84,38.81,11.0,1280.0,286.0,609.0,248.0,3,132600.0
-120.84,38.77,11.0,1013.0,188.0,410.0,158.0,5,184600.0
-120.84,38.73,17.0,2616.0,492.0,1158.0,457.0,3,142600.0
-120.84,38.63,12.0,1313.0,231.0,731.0,232.0,6,208300.0
-120.84,37.92,27.0,471.0,84.0,195.0,72.0,3,208300.0
-120.84,37.52,16.0,4527.0,887.0,2531.0,825.0,4,124800.0
-120.84,37.51,8.0,1191.0,242.0,688.0,260.0,3,138400.0
-120.84,37.51,20.0,1901.0,313.0,1258.0,320.0,4,126800.0
-120.84,37.51,14.0,6337.0,1593.0,3909.0,1480.0,2,106500.0
-120.84,37.5,47.0,2310.0,484.0,1126.0,447.0,2,97300.0
-120.84,37.49,25.0,2383.0,576.0,1234.0,583.0,1,86100.0
-120.84,37.48,10.0,2874.0,612.0,1960.0,596.0,3,104600.0
-120.84,37.47,11.0,2285.0,499.0,1468.0,471.0,3,110300.0
-120.84,37.43,32.0,2892.0,521.0,1580.0,484.0,4,164500.0
-120.84,37.4,7.0,2773.0,530.0,1374.0,505.0,3,103800.0
-120.84,37.07,24.0,1520.0,335.0,882.0,306.0,2,100000.0
-120.84,37.06,14.0,1506.0,380.0,1096.0,352.0,1,78500.0
-120.84,37.05,8.0,1944.0,283.0,814.0,276.0,5,165500.0
-120.84,35.37,34.0,3279.0,714.0,1397.0,646.0,3,200000.0
-120.84,35.35,27.0,2863.0,711.0,930.0,533.0,3,221100.0
-120.84,35.33,15.0,3276.0,670.0,1520.0,613.0,4,207800.0
-120.84,35.32,17.0,4197.0,802.0,1656.0,732.0,4,183900.0
-120.84,35.32,15.0,2419.0,538.0,1279.0,522.0,3,189600.0
-120.84,35.31,23.0,3100.0,603.0,1515.0,609.0,3,196100.0
-120.84,35.3,15.0,2062.0,327.0,781.0,316.0,5,317700.0
-120.85,37.78,30.0,1120.0,248.0,609.0,237.0,2,87200.0
-120.85,37.78,25.0,421.0,102.0,303.0,106.0,2,71300.0
-120.85,37.78,15.0,3553.0,659.0,1684.0,611.0,3,131200.0
-120.85,37.77,52.0,436.0,81.0,197.0,68.0,2,85400.0
-120.85,37.77,37.0,1738.0,403.0,936.0,366.0,2,77100.0
-120.85,37.75,26.0,28.0,4.0,9.0,5.0,2,85000.0
-120.85,37.57,27.0,819.0,157.0,451.0,150.0,3,193800.0
-120.85,37.55,45.0,350.0,62.0,187.0,63.0,3,275000.0
-120.85,37.51,5.0,2899.0,745.0,1593.0,633.0,2,127500.0
-120.85,37.5,52.0,1724.0,352.0,922.0,348.0,2,85700.0
-120.85,37.49,42.0,264.0,72.0,310.0,70.0,1,61500.0
-120.85,37.49,39.0,2840.0,733.0,2606.0,737.0,2,76400.0
-120.85,37.07,16.0,1795.0,362.0,1642.0,340.0,3,86300.0
-120.85,37.06,31.0,2609.0,645.0,1796.0,629.0,2,82000.0
-120.85,37.05,32.0,2893.0,481.0,1198.0,466.0,3,140600.0
-120.85,35.38,27.0,3493.0,909.0,1481.0,666.0,2,184200.0
-120.85,35.37,21.0,1033.0,195.0,588.0,187.0,3,226900.0
-120.86,38.75,15.0,1533.0,300.0,674.0,287.0,3,146100.0
-120.86,37.77,45.0,621.0,129.0,257.0,124.0,2,109400.0
-120.86,37.76,32.0,964.0,198.0,623.0,201.0,3,88900.0
-120.86,37.73,27.0,508.0,93.0,263.0,81.0,3,183300.0
-120.86,37.6,25.0,1178.0,206.0,709.0,214.0,5,133600.0
-120.86,37.53,18.0,2829.0,732.0,1751.0,712.0,2,156900.0
-120.86,37.52,9.0,9885.0,1871.0,5372.0,1843.0,3,127100.0
-120.86,37.5,34.0,4272.0,996.0,2916.0,962.0,2,82800.0
-120.86,37.49,37.0,1084.0,271.0,893.0,236.0,2,69500.0
-120.86,37.49,22.0,2140.0,445.0,1441.0,409.0,2,89400.0
-120.86,37.4,17.0,3511.0,636.0,1904.0,617.0,3,113900.0
-120.86,35.39,23.0,1664.0,355.0,629.0,279.0,3,188300.0
-120.87,41.54,21.0,1091.0,208.0,660.0,188.0,2,34600.0
-120.87,39.18,25.0,2691.0,598.0,964.0,373.0,4,142700.0
-120.87,39.15,17.0,1819.0,389.0,736.0,283.0,3,128900.0
-120.87,38.83,12.0,2180.0,423.0,1070.0,377.0,3,128200.0
-120.87,38.71,13.0,2692.0,470.0,1302.0,420.0,4,167400.0
-120.87,38.37,28.0,3998.0,765.0,1614.0,698.0,3,113400.0
-120.87,37.77,9.0,4838.0,920.0,2460.0,923.0,4,142700.0
-120.87,37.64,40.0,1010.0,155.0,488.0,157.0,4,170500.0
-120.87,37.6,32.0,4579.0,914.0,2742.0,856.0,3,86200.0
-120.87,37.5,7.0,4966.0,985.0,2431.0,904.0,3,122500.0
-120.87,37.07,26.0,2036.0,401.0,1343.0,414.0,4,88600.0
-120.87,37.05,29.0,4176.0,779.0,2092.0,741.0,3,104200.0
-120.88,38.91,15.0,3876.0,778.0,1960.0,691.0,3,127300.0
-120.88,38.32,18.0,2791.0,492.0,1187.0,438.0,3,103000.0
-120.88,38.16,8.0,2029.0,387.0,1000.0,364.0,4,125900.0
-120.88,37.57,22.0,1440.0,267.0,774.0,249.0,4,204300.0
-120.88,37.53,18.0,239.0,39.0,92.0,36.0,5,175000.0
-120.88,37.52,2.0,1871.0,409.0,707.0,256.0,3,133600.0
-120.88,37.37,24.0,1294.0,222.0,684.0,221.0,3,103100.0
-120.89,39.3,17.0,2282.0,431.0,974.0,371.0,4,155100.0
-120.89,37.59,33.0,1016.0,206.0,617.0,209.0,2,195800.0
-120.89,37.54,30.0,509.0,115.0,275.0,115.0,2,250000.0
-120.89,37.45,29.0,1940.0,337.0,1070.0,332.0,4,145600.0
-120.89,37.33,27.0,2692.0,481.0,1518.0,447.0,2,94200.0
-120.89,37.21,25.0,3301.0,678.0,994.0,306.0,3,97200.0
-120.89,35.37,29.0,2046.0,588.0,846.0,410.0,2,227300.0
-120.9,39.95,20.0,1349.0,238.0,601.0,203.0,4,96600.0
-120.9,39.93,23.0,2679.0,546.0,1424.0,529.0,3,81900.0
-120.9,38.2,16.0,3120.0,641.0,1319.0,526.0,2,93200.0
-120.9,37.81,27.0,4213.0,750.0,2142.0,746.0,4,173300.0
-120.9,37.76,20.0,570.0,112.0,304.0,108.0,2,156300.0
-120.9,37.66,19.0,3377.0,669.0,2426.0,663.0,3,82500.0
-120.9,37.64,26.0,1762.0,418.0,855.0,308.0,2,81300.0
-120.9,35.69,14.0,5020.0,909.0,2105.0,796.0,4,248700.0
-120.91,40.08,24.0,1629.0,313.0,641.0,274.0,2,69600.0
-120.91,39.39,16.0,352.0,105.0,226.0,82.0,2,79500.0
-120.91,38.73,11.0,5460.0,859.0,2645.0,838.0,5,230600.0
-120.91,38.62,12.0,4545.0,748.0,2033.0,718.0,4,207600.0
-120.91,38.11,9.0,3585.0,680.0,1800.0,598.0,4,133100.0
-120.91,37.66,36.0,1320.0,255.0,720.0,232.0,3,76300.0
-120.91,37.57,26.0,3396.0,705.0,2446.0,694.0,2,65400.0
-120.92,40.02,35.0,383.0,92.0,202.0,72.0,3,102500.0
-120.92,38.86,11.0,1720.0,345.0,850.0,326.0,3,128600.0
-120.92,37.7,24.0,527.0,112.0,270.0,112.0,2,156300.0
-120.92,37.65,23.0,505.0,124.0,163.0,129.0,1,275000.0
-120.92,37.6,12.0,4485.0,805.0,2445.0,832.0,4,123100.0
-120.92,37.59,26.0,1705.0,279.0,642.0,236.0,3,180500.0
-120.92,35.4,23.0,2059.0,354.0,636.0,278.0,4,278800.0
-120.93,39.96,15.0,1666.0,351.0,816.0,316.0,3,118800.0
-120.93,39.17,13.0,2331.0,464.0,1110.0,419.0,4,164900.0
-120.93,38.77,9.0,2229.0,355.0,788.0,341.0,6,196300.0
-120.93,38.65,12.0,2213.0,384.0,1097.0,351.0,5,170100.0
-120.93,38.5,15.0,1248.0,234.0,529.0,216.0,3,107200.0
-120.93,38.26,13.0,2084.0,449.0,834.0,305.0,3,114200.0
-120.93,37.74,37.0,1956.0,402.0,1265.0,397.0,2,91900.0
-120.93,37.72,18.0,391.0,71.0,247.0,71.0,4,179500.0
-120.93,37.67,6.0,3491.0,657.0,2075.0,644.0,3,138500.0
-120.93,37.66,10.0,7566.0,1348.0,3227.0,1199.0,5,148100.0
-120.93,37.65,1.0,2254.0,328.0,402.0,112.0,4,189200.0
-120.93,37.56,17.0,1812.0,361.0,672.0,334.0,2,166100.0
-120.94,40.17,22.0,1334.0,261.0,597.0,222.0,2,89200.0
-120.94,40.14,31.0,3127.0,664.0,1345.0,580.0,2,58000.0
-120.94,39.22,12.0,1321.0,268.0,661.0,232.0,4,153800.0
-120.94,39.05,8.0,3758.0,717.0,1744.0,661.0,3,151500.0
-120.94,37.74,35.0,1166.0,268.0,515.0,266.0,2,90200.0
-120.94,37.7,25.0,1005.0,159.0,390.0,139.0,4,174100.0
-120.94,37.68,4.0,13315.0,2424.0,6420.0,2289.0,4,162100.0
-120.94,37.66,17.0,1147.0,140.0,327.0,136.0,7,290500.0
-120.94,37.65,13.0,5075.0,978.0,3033.0,838.0,3,119000.0
-120.94,37.63,43.0,244.0,52.0,176.0,60.0,1,69400.0
-120.94,37.61,13.0,3309.0,603.0,1796.0,555.0,4,129300.0
-120.94,37.6,30.0,3257.0,574.0,1804.0,588.0,4,102900.0
-120.94,37.59,16.0,3964.0,824.0,2622.0,766.0,2,111300.0
-120.94,37.58,19.0,1549.0,369.0,770.0,370.0,2,99500.0
-120.94,37.4,32.0,1175.0,208.0,774.0,222.0,3,109400.0
-120.95,39.93,26.0,2023.0,385.0,922.0,365.0,3,83500.0
-120.95,38.79,12.0,3247.0,579.0,1459.0,517.0,4,202800.0
-120.95,38.69,10.0,3421.0,563.0,1689.0,545.0,5,217100.0
-120.95,37.74,18.0,3453.0,666.0,1958.0,601.0,3,156500.0
-120.95,37.73,12.0,3609.0,712.0,2650.0,742.0,3,92700.0
-120.95,37.67,15.0,3062.0,584.0,1624.0,538.0,4,137600.0
-120.95,37.66,16.0,4478.0,647.0,1990.0,672.0,5,188400.0
-120.95,37.65,37.0,136.0,20.0,72.0,22.0,2,225000.0
-120.95,37.65,14.0,5200.0,1119.0,3221.0,1102.0,3,107000.0
-120.95,37.64,32.0,3487.0,740.0,1957.0,685.0,3,88300.0
-120.95,37.62,11.0,4981.0,814.0,1934.0,686.0,4,174800.0
-120.95,37.61,17.0,4054.0,654.0,2034.0,667.0,5,142200.0
-120.95,37.6,35.0,1493.0,278.0,729.0,268.0,3,97400.0
-120.95,37.59,43.0,1561.0,354.0,862.0,332.0,2,81500.0
-120.95,37.59,29.0,1727.0,439.0,1063.0,386.0,2,63600.0
-120.95,37.57,29.0,1179.0,249.0,672.0,243.0,3,154800.0
-120.95,37.09,43.0,1116.0,222.0,801.0,207.0,3,97200.0
-120.95,36.47,52.0,1691.0,301.0,618.0,239.0,3,225000.0
-120.95,35.44,30.0,6346.0,1410.0,1769.0,887.0,3,283600.0
-120.96,41.12,29.0,779.0,136.0,364.0,123.0,2,59200.0
-120.96,40.28,19.0,683.0,139.0,302.0,111.0,2,64100.0
-120.96,39.12,24.0,2069.0,436.0,909.0,374.0,3,139100.0
-120.96,37.77,32.0,2262.0,416.0,1156.0,404.0,4,157600.0
-120.96,37.67,18.0,1442.0,229.0,538.0,220.0,4,163200.0
-120.96,37.66,16.0,4961.0,902.0,2654.0,804.0,4,138300.0
-120.96,37.65,34.0,1700.0,325.0,972.0,326.0,2,95500.0
-120.96,37.64,41.0,1467.0,328.0,673.0,310.0,3,90700.0
-120.96,37.64,36.0,60.0,12.0,51.0,14.0,4,67500.0
-120.96,37.61,23.0,3497.0,887.0,2467.0,816.0,2,93400.0
-120.96,37.54,29.0,1468.0,245.0,747.0,231.0,3,125000.0
-120.96,37.51,30.0,1288.0,237.0,720.0,233.0,2,139100.0
-120.97,37.84,28.0,2368.0,430.0,1231.0,403.0,3,141900.0
-120.97,37.73,19.0,3725.0,543.0,1412.0,463.0,6,248600.0
-120.97,37.69,16.0,2793.0,476.0,1279.0,477.0,3,160900.0
-120.97,37.69,14.0,5514.0,909.0,2819.0,970.0,4,174400.0
-120.97,37.68,9.0,1114.0,172.0,529.0,174.0,5,163700.0
-120.97,37.68,16.0,2349.0,446.0,1302.0,392.0,3,130300.0
-120.97,37.67,31.0,1648.0,293.0,792.0,294.0,2,121500.0
-120.97,37.66,24.0,2930.0,588.0,1448.0,570.0,4,127900.0
-120.97,37.66,21.0,2760.0,632.0,1260.0,576.0,2,179800.0
-120.97,37.65,16.0,3960.0,716.0,1776.0,724.0,4,137500.0
-120.97,37.64,42.0,2359.0,504.0,1131.0,480.0,2,95500.0
-120.97,37.63,39.0,2360.0,607.0,2047.0,605.0,2,58800.0
-120.97,37.62,7.0,8489.0,1673.0,5807.0,1575.0,3,127800.0
-120.97,37.61,16.0,1326.0,375.0,884.0,375.0,2,103900.0
-120.97,37.43,27.0,1380.0,270.0,810.0,262.0,2,137500.0
-120.98,39.93,25.0,2220.0,511.0,912.0,449.0,2,87800.0
-120.98,39.08,20.0,4570.0,906.0,2125.0,815.0,3,148000.0
-120.98,38.99,17.0,3403.0,661.0,1540.0,622.0,4,162900.0
-120.98,38.68,5.0,4810.0,909.0,2242.0,900.0,3,176900.0
-120.98,37.79,20.0,2458.0,491.0,1227.0,481.0,3,110900.0
-120.98,37.69,18.0,3176.0,468.0,1296.0,471.0,6,185100.0
-120.98,37.68,27.0,4006.0,762.0,1806.0,718.0,3,112800.0
-120.98,37.68,24.0,705.0,114.0,347.0,141.0,3,149600.0
-120.98,37.68,18.0,4197.0,1006.0,2203.0,874.0,2,118600.0
-120.98,37.67,13.0,1221.0,260.0,682.0,275.0,4,155500.0
-120.98,37.66,40.0,3012.0,616.0,1423.0,595.0,3,100600.0
-120.98,37.66,33.0,1959.0,342.0,984.0,356.0,5,114200.0
-120.98,37.66,10.0,934.0,260.0,401.0,255.0,1,127100.0
-120.98,37.65,40.0,422.0,63.0,158.0,63.0,7,172200.0
-120.98,37.65,36.0,826.0,167.0,432.0,150.0,2,103100.0
-120.98,37.64,45.0,1913.0,335.0,839.0,333.0,3,110700.0
-120.98,37.64,40.0,1791.0,359.0,679.0,322.0,2,130300.0
-120.98,37.62,26.0,3819.0,955.0,3010.0,932.0,2,81300.0
-120.98,37.6,36.0,1437.0,331.0,1073.0,320.0,2,58400.0
-120.98,37.57,27.0,925.0,176.0,449.0,168.0,3,129700.0
-120.99,39.26,16.0,2616.0,422.0,1090.0,425.0,4,179200.0
-120.99,39.22,16.0,1497.0,275.0,737.0,243.0,3,182500.0
-120.99,39.2,15.0,2993.0,562.0,1296.0,518.0,3,156800.0
-120.99,39.18,23.0,2550.0,457.0,1016.0,405.0,4,153000.0
-120.99,39.13,14.0,770.0,116.0,285.0,116.0,4,155400.0
-120.99,39.04,17.0,2289.0,450.0,1182.0,397.0,2,166800.0
-120.99,38.69,5.0,5743.0,1074.0,2651.0,962.0,4,172500.0
-120.99,38.67,8.0,4913.0,744.0,2005.0,723.0,5,187900.0
-120.99,37.8,32.0,2564.0,513.0,1198.0,459.0,3,113400.0
-120.99,37.69,25.0,2773.0,384.0,1060.0,381.0,6,199400.0
-120.99,37.68,30.0,1975.0,375.0,732.0,326.0,3,94900.0
-120.99,37.68,28.0,3269.0,647.0,1595.0,617.0,2,112700.0
-120.99,37.67,28.0,1768.0,423.0,1066.0,392.0,2,90500.0
-120.99,37.67,16.0,568.0,124.0,307.0,116.0,2,107400.0
-120.99,37.66,46.0,1750.0,347.0,754.0,356.0,3,106000.0
-120.99,37.65,44.0,2848.0,623.0,1408.0,576.0,2,86600.0
-120.99,37.64,50.0,683.0,189.0,459.0,195.0,2,70000.0
-120.99,37.64,41.0,1580.0,385.0,881.0,361.0,3,99600.0
-120.99,37.63,21.0,319.0,120.0,276.0,85.0,2,60000.0
-120.99,37.62,37.0,2014.0,505.0,1787.0,515.0,2,54100.0
-121.0,39.75,8.0,1116.0,214.0,27.0,39.0,3,83000.0
-121.0,39.26,14.0,810.0,151.0,302.0,138.0,3,136100.0
-121.0,39.23,15.0,2809.0,450.0,1267.0,408.0,4,191700.0
-121.0,39.16,10.0,1170.0,225.0,537.0,194.0,3,163200.0
-121.0,39.09,7.0,439.0,84.0,246.0,80.0,3,162500.0
-121.0,39.0,4.0,170.0,23.0,93.0,27.0,11,312500.0
-121.0,38.58,12.0,3425.0,549.0,1357.0,451.0,5,217500.0
-121.0,37.8,13.0,4030.0,744.0,2248.0,766.0,4,141300.0
-121.0,37.71,52.0,102.0,23.0,35.0,33.0,2,175000.0
-121.0,37.69,18.0,3469.0,661.0,1452.0,628.0,3,147500.0
-121.0,37.68,29.0,2911.0,445.0,1170.0,460.0,5,158100.0
-121.0,37.68,15.0,1232.0,180.0,408.0,196.0,7,182400.0
-121.0,37.67,27.0,2278.0,479.0,995.0,449.0,3,110200.0
-121.0,37.67,26.0,90.0,18.0,47.0,18.0,1,87500.0
-121.0,37.66,43.0,2039.0,331.0,875.0,342.0,4,152000.0
-121.0,37.65,52.0,3887.0,803.0,1768.0,779.0,3,119000.0
-121.0,37.65,17.0,484.0,202.0,198.0,204.0,1,187500.0
-121.0,37.64,43.0,311.0,95.0,293.0,94.0,1,67500.0
-121.0,37.64,19.0,121.0,41.0,658.0,41.0,1,162500.0
-121.0,37.63,49.0,2051.0,500.0,1525.0,467.0,2,80900.0
-121.0,37.63,31.0,215.0,62.0,192.0,66.0,2,73800.0
-121.0,37.62,28.0,1153.0,420.0,1043.0,357.0,1,75000.0
-121.0,37.26,45.0,1750.0,371.0,847.0,354.0,2,77400.0
-121.0,37.25,31.0,1923.0,341.0,806.0,349.0,3,97600.0
-121.0,37.25,21.0,1937.0,389.0,1002.0,373.0,3,96200.0
-121.0,35.94,16.0,3077.0,628.0,1479.0,536.0,3,114600.0
-121.01,38.73,7.0,6322.0,1046.0,2957.0,1024.0,5,197500.0
-121.01,37.74,14.0,2368.0,297.0,796.0,301.0,9,435000.0
-121.01,37.7,12.0,9148.0,1906.0,4656.0,1853.0,3,142200.0
-121.01,37.69,20.0,3275.0,760.0,1538.0,705.0,2,135600.0
-121.01,37.68,33.0,828.0,123.0,373.0,133.0,6,146200.0
-121.01,37.68,33.0,3230.0,587.0,1579.0,560.0,4,109700.0
-121.01,37.67,37.0,2483.0,459.0,1072.0,445.0,3,108100.0
-121.01,37.66,36.0,3679.0,613.0,1366.0,581.0,4,151400.0
-121.01,37.65,52.0,178.0,53.0,152.0,62.0,0,82500.0
-121.01,37.64,52.0,201.0,35.0,74.0,22.0,1,75000.0
-121.01,37.64,36.0,1981.0,507.0,1998.0,468.0,2,69900.0
-121.01,37.64,33.0,693.0,207.0,598.0,192.0,1,81300.0
-121.01,37.63,41.0,2764.0,639.0,2122.0,600.0,2,74900.0
-121.01,37.62,35.0,568.0,150.0,622.0,145.0,2,79500.0
-121.01,37.62,35.0,2074.0,477.0,1687.0,431.0,2,73700.0
-121.01,37.61,5.0,3655.0,696.0,2316.0,647.0,3,129300.0
-121.01,37.37,41.0,1045.0,233.0,632.0,230.0,2,95000.0
-121.01,37.33,17.0,1926.0,410.0,1054.0,321.0,2,71500.0
-121.02,40.51,17.0,890.0,167.0,406.0,154.0,3,78300.0
-121.02,39.27,52.0,3720.0,707.0,1424.0,609.0,3,155000.0
-121.02,39.25,52.0,1549.0,275.0,604.0,249.0,2,155400.0
-121.02,39.23,16.0,1427.0,319.0,642.0,333.0,1,125000.0
-121.02,39.17,17.0,2277.0,459.0,1149.0,476.0,3,149500.0
-121.02,39.01,17.0,4786.0,799.0,2066.0,770.0,4,185400.0
-121.02,38.66,4.0,7392.0,1155.0,3096.0,1065.0,5,198900.0
-121.02,37.71,25.0,207.0,41.0,87.0,43.0,4,131300.0
-121.02,37.7,16.0,3476.0,650.0,2126.0,665.0,3,125400.0
-121.02,37.69,19.0,3814.0,790.0,2219.0,804.0,4,145000.0
-121.02,37.66,28.0,1437.0,400.0,806.0,338.0,2,125000.0
-121.02,37.65,20.0,2973.0,620.0,1996.0,570.0,3,106000.0
-121.02,37.64,42.0,1437.0,307.0,1035.0,284.0,2,88300.0
-121.02,37.63,35.0,1591.0,364.0,1290.0,352.0,2,81800.0
-121.02,37.62,30.0,1721.0,399.0,1878.0,382.0,3,83900.0
-121.02,37.62,14.0,5737.0,1286.0,4722.0,1210.0,2,95800.0
-121.02,37.61,33.0,1469.0,370.0,1318.0,349.0,2,59000.0
-121.02,37.6,33.0,1009.0,238.0,1027.0,246.0,3,68000.0
-121.02,37.58,36.0,1285.0,270.0,706.0,273.0,2,121400.0
-121.02,37.48,26.0,467.0,93.0,244.0,83.0,4,187500.0
-121.02,37.09,17.0,1118.0,270.0,560.0,244.0,2,112500.0
-121.02,36.94,33.0,1541.0,313.0,880.0,272.0,3,117700.0
-121.02,36.24,12.0,2198.0,507.0,1971.0,502.0,3,100000.0
-121.03,40.35,52.0,5486.0,1044.0,1977.0,754.0,2,49500.0
-121.03,39.37,15.0,1337.0,326.0,1172.0,306.0,3,85000.0
-121.03,39.26,49.0,3739.0,759.0,1422.0,606.0,2,143100.0
-121.03,39.21,28.0,2843.0,535.0,1310.0,525.0,3,123100.0
-121.03,39.14,10.0,3138.0,524.0,1275.0,511.0,4,164500.0
-121.03,39.05,12.0,1875.0,307.0,806.0,283.0,4,195200.0
-121.03,37.69,6.0,2607.0,557.0,1266.0,475.0,3,137700.0
-121.03,37.69,5.0,4034.0,771.0,1967.0,742.0,4,146000.0
-121.03,37.68,27.0,1956.0,327.0,1004.0,307.0,4,110500.0
-121.03,37.68,20.0,3204.0,625.0,2016.0,605.0,3,110400.0
-121.03,37.66,31.0,887.0,217.0,614.0,199.0,2,75500.0
-121.03,37.65,37.0,375.0,58.0,120.0,37.0,4,150000.0
-121.03,37.64,22.0,2001.0,387.0,1520.0,387.0,3,102300.0
-121.03,37.63,5.0,2881.0,584.0,1490.0,570.0,3,120000.0
-121.03,37.62,46.0,2331.0,508.0,1210.0,484.0,3,77700.0
-121.03,37.62,43.0,1241.0,240.0,612.0,266.0,3,81300.0
-121.03,37.55,32.0,946.0,198.0,624.0,173.0,2,97900.0
-121.03,37.33,27.0,1333.0,230.0,730.0,229.0,3,106000.0
-121.03,37.32,42.0,2905.0,561.0,1457.0,551.0,2,82100.0
-121.04,39.22,14.0,1889.0,471.0,853.0,399.0,2,112500.0
-121.04,39.19,17.0,856.0,167.0,518.0,170.0,4,144300.0
-121.04,39.08,8.0,2870.0,526.0,1307.0,451.0,3,201700.0
-121.04,39.0,21.0,4059.0,730.0,1874.0,693.0,5,174300.0
-121.04,38.81,11.0,3522.0,623.0,1456.0,544.0,4,163400.0
-121.04,37.78,32.0,2916.0,528.0,1466.0,473.0,3,200000.0
-121.04,37.7,52.0,349.0,59.0,121.0,40.0,3,197500.0
-121.04,37.69,9.0,6333.0,1355.0,3265.0,1265.0,3,160900.0
-121.04,37.69,5.0,9601.0,1639.0,4449.0,1575.0,5,195500.0
-121.04,37.68,28.0,1909.0,398.0,1140.0,380.0,2,81400.0
-121.04,37.68,18.0,5129.0,1171.0,3622.0,1128.0,2,92700.0
-121.04,37.66,11.0,1658.0,301.0,913.0,298.0,4,162800.0
-121.04,37.65,8.0,1959.0,379.0,995.0,365.0,3,129100.0
-121.04,37.6,27.0,958.0,184.0,580.0,177.0,2,82800.0
-121.04,37.5,33.0,613.0,123.0,343.0,116.0,3,129200.0
-121.04,37.3,6.0,2657.0,486.0,1409.0,392.0,3,115500.0
-121.05,39.23,20.0,1634.0,374.0,1053.0,390.0,2,154900.0
-121.05,39.21,43.0,1264.0,273.0,611.0,260.0,3,117100.0
-121.05,39.2,48.0,1759.0,389.0,716.0,350.0,2,108300.0
-121.05,39.13,10.0,3063.0,497.0,1168.0,507.0,4,185100.0
-121.05,39.11,7.0,2767.0,423.0,1143.0,382.0,4,170200.0
-121.05,38.97,12.0,3676.0,550.0,1572.0,510.0,5,201900.0
-121.05,38.14,19.0,3326.0,561.0,1544.0,511.0,3,166300.0
-121.05,37.93,17.0,2474.0,480.0,1649.0,453.0,3,156500.0
-121.05,37.64,33.0,1438.0,237.0,569.0,208.0,3,150000.0
-121.05,37.62,37.0,1043.0,196.0,555.0,197.0,3,125000.0
-121.06,40.23,23.0,1127.0,225.0,215.0,85.0,3,143800.0
-121.06,39.29,14.0,1864.0,331.0,894.0,332.0,3,171800.0
-121.06,39.25,17.0,3127.0,539.0,1390.0,520.0,4,172800.0
-121.06,39.23,10.0,2229.0,537.0,982.0,512.0,2,132700.0
-121.06,39.21,52.0,1452.0,309.0,637.0,299.0,2,103900.0
-121.06,39.04,15.0,1999.0,287.0,585.0,246.0,6,361900.0
-121.06,39.04,14.0,1651.0,279.0,633.0,261.0,4,194800.0
-121.06,39.03,11.0,1887.0,303.0,775.0,283.0,4,187200.0
-121.06,38.98,14.0,2267.0,355.0,1140.0,369.0,5,212800.0
-121.06,38.91,18.0,6501.0,1416.0,2954.0,1373.0,3,143000.0
-121.06,38.88,17.0,7635.0,1284.0,3096.0,1227.0,4,184300.0
-121.06,38.51,6.0,6873.0,959.0,2354.0,931.0,7,263100.0
-121.06,37.86,24.0,1713.0,328.0,1258.0,324.0,3,169400.0
-121.06,37.7,7.0,9374.0,1847.0,4827.0,1722.0,3,151900.0
-121.06,37.67,31.0,906.0,146.0,383.0,129.0,3,196900.0
-121.06,37.66,6.0,3655.0,598.0,1993.0,596.0,5,150100.0
-121.06,37.45,33.0,1401.0,299.0,915.0,282.0,3,162500.0
-121.06,37.42,52.0,504.0,96.0,295.0,97.0,4,73500.0
-121.06,37.18,30.0,2603.0,507.0,1491.0,473.0,3,123400.0
-121.06,36.72,23.0,395.0,70.0,166.0,52.0,2,100000.0
-121.07,40.85,17.0,976.0,202.0,511.0,175.0,4,80800.0
-121.07,39.23,39.0,2099.0,433.0,929.0,423.0,2,113800.0
-121.07,39.22,52.0,2432.0,495.0,928.0,435.0,2,121100.0
-121.07,39.15,15.0,6828.0,1319.0,3002.0,1318.0,2,143400.0
-121.07,39.13,8.0,4839.0,832.0,1977.0,762.0,4,155900.0
-121.07,39.09,17.0,1878.0,345.0,892.0,299.0,3,143100.0
-121.07,39.05,10.0,1813.0,311.0,827.0,287.0,4,182100.0
-121.07,39.04,9.0,2374.0,372.0,884.0,333.0,5,206400.0
-121.07,38.94,14.0,1710.0,294.0,839.0,297.0,5,150700.0
-121.07,38.92,15.0,5301.0,884.0,2335.0,831.0,5,164000.0
-121.07,37.71,39.0,223.0,37.0,92.0,37.0,3,212500.0
-121.08,40.19,11.0,919.0,199.0,69.0,43.0,2,137500.0
-121.08,39.22,30.0,2188.0,455.0,1033.0,437.0,2,105200.0
-121.08,39.18,19.0,2323.0,397.0,963.0,379.0,4,162700.0
-121.08,39.02,13.0,1839.0,275.0,752.0,270.0,4,209600.0
-121.08,38.95,18.0,1931.0,380.0,1271.0,377.0,3,156100.0
-121.08,38.93,14.0,4239.0,824.0,1729.0,794.0,2,167700.0
-121.08,38.9,27.0,3436.0,755.0,1568.0,709.0,2,138400.0
-121.08,38.85,10.0,2509.0,422.0,1037.0,389.0,6,220100.0
-121.08,38.67,10.0,2499.0,331.0,1040.0,333.0,7,239600.0
-121.09,40.3,15.0,1717.0,336.0,501.0,206.0,4,113400.0
-121.09,39.48,25.0,1665.0,374.0,845.0,330.0,2,78100.0
-121.09,39.23,35.0,2637.0,511.0,1181.0,480.0,3,109200.0
-121.09,38.68,15.0,5218.0,711.0,1949.0,659.0,5,213300.0
-121.09,38.19,23.0,762.0,140.0,358.0,141.0,2,105000.0
-121.09,37.67,30.0,1653.0,285.0,800.0,291.0,3,220000.0
-121.09,37.56,32.0,1717.0,325.0,1356.0,307.0,3,91900.0
-121.09,37.33,40.0,524.0,112.0,329.0,96.0,2,112500.0
-121.1,39.15,10.0,680.0,143.0,354.0,140.0,4,161500.0
-121.1,39.08,13.0,1110.0,216.0,602.0,209.0,3,144400.0
-121.1,39.0,16.0,1106.0,195.0,505.0,187.0,5,192300.0
-121.1,38.92,21.0,4064.0,871.0,1847.0,859.0,3,135500.0
-121.1,38.33,14.0,1357.0,247.0,695.0,224.0,4,157800.0
-121.1,37.8,35.0,1853.0,331.0,958.0,340.0,3,149000.0
-121.1,35.6,20.0,3389.0,704.0,1309.0,520.0,3,204500.0
-121.11,39.09,16.0,1000.0,197.0,508.0,190.0,2,138800.0
-121.11,38.95,14.0,3888.0,890.0,1830.0,844.0,2,158600.0
-121.11,38.91,24.0,2558.0,423.0,1149.0,403.0,4,190500.0
-121.11,38.04,32.0,1083.0,188.0,471.0,178.0,3,187500.0
-121.11,37.76,22.0,2606.0,411.0,1252.0,397.0,4,192100.0
-121.11,37.74,11.0,3886.0,599.0,1605.0,529.0,4,182700.0
-121.11,37.47,12.0,2263.0,410.0,913.0,330.0,4,145600.0
-121.11,37.43,42.0,412.0,75.0,227.0,75.0,2,74200.0
-121.11,35.52,9.0,6044.0,1222.0,2239.0,972.0,3,264600.0
-121.12,39.2,9.0,1431.0,254.0,681.0,221.0,3,170400.0
-121.12,39.03,17.0,838.0,161.0,388.0,142.0,4,163500.0
-121.12,38.0,36.0,683.0,159.0,505.0,141.0,3,158900.0
-121.12,37.73,35.0,1107.0,227.0,573.0,210.0,2,102200.0
-121.12,37.48,5.0,4109.0,820.0,3062.0,713.0,3,125200.0
-121.12,36.21,16.0,1720.0,473.0,1427.0,291.0,2,76200.0
-121.12,35.58,16.0,4109.0,798.0,1298.0,626.0,3,320800.0
-121.13,38.87,48.0,1127.0,188.0,530.0,186.0,3,128100.0
-121.13,38.66,2.0,12360.0,1747.0,4438.0,1470.0,6,222500.0
-121.13,38.47,16.0,2574.0,441.0,1041.0,428.0,4,203400.0
-121.13,38.37,10.0,1034.0,153.0,478.0,155.0,7,241100.0
-121.13,37.74,31.0,677.0,144.0,523.0,159.0,2,97100.0
-121.13,37.74,21.0,2376.0,475.0,1175.0,441.0,4,134600.0
-121.13,37.73,40.0,1126.0,220.0,667.0,235.0,3,125900.0
-121.13,37.47,37.0,1995.0,448.0,1559.0,443.0,2,92700.0
-121.13,36.21,27.0,1476.0,352.0,1156.0,358.0,3,137900.0
-121.13,36.2,16.0,1868.0,443.0,1323.0,436.0,3,163200.0
-121.14,40.29,17.0,1944.0,394.0,384.0,172.0,2,111500.0
-121.14,39.86,16.0,2534.0,557.0,638.0,244.0,2,88800.0
-121.14,39.1,13.0,1085.0,227.0,629.0,214.0,5,171500.0
-121.14,38.92,16.0,2069.0,312.0,889.0,299.0,5,212000.0
-121.14,38.84,22.0,2750.0,433.0,1161.0,428.0,4,236500.0
-121.14,38.82,22.0,1816.0,278.0,832.0,278.0,5,233000.0
-121.14,38.16,14.0,2591.0,497.0,1371.0,479.0,4,113900.0
-121.14,37.7,29.0,1343.0,223.0,751.0,225.0,3,187500.0
-121.14,37.47,38.0,2427.0,450.0,1272.0,474.0,3,115200.0
-121.14,37.46,4.0,2919.0,503.0,1592.0,491.0,5,161900.0
-121.14,35.55,13.0,5383.0,1070.0,1880.0,796.0,4,271200.0
-121.15,40.25,14.0,5156.0,880.0,616.0,281.0,3,145200.0
-121.15,39.23,13.0,3883.0,763.0,1816.0,682.0,3,144400.0
-121.15,39.0,15.0,4145.0,691.0,1872.0,680.0,4,220600.0
-121.15,38.89,20.0,2024.0,313.0,879.0,309.0,5,239400.0
-121.15,38.8,20.0,2104.0,370.0,745.0,314.0,4,217500.0
-121.15,38.21,18.0,4176.0,700.0,2164.0,699.0,4,174200.0
-121.16,41.78,42.0,2918.0,576.0,1182.0,440.0,2,44000.0
-121.16,39.18,14.0,1006.0,187.0,462.0,185.0,3,152000.0
-121.16,38.75,27.0,771.0,108.0,315.0,111.0,8,276600.0
-121.16,38.74,17.0,3353.0,463.0,1417.0,447.0,5,237100.0
-121.16,38.16,31.0,1953.0,366.0,999.0,316.0,2,122500.0
-121.16,38.03,28.0,253.0,50.0,201.0,51.0,1,156300.0
-121.16,37.73,7.0,4956.0,941.0,3006.0,915.0,3,139000.0
-121.17,38.76,14.0,2028.0,255.0,781.0,251.0,7,394000.0
-121.17,38.71,15.0,3084.0,557.0,1040.0,562.0,3,293300.0
-121.17,38.69,5.0,7138.0,1227.0,2623.0,1139.0,6,243200.0
-121.17,38.68,37.0,1252.0,267.0,686.0,256.0,3,121900.0
-121.17,37.82,35.0,2506.0,406.0,1316.0,398.0,4,197600.0
-121.18,41.31,22.0,2124.0,432.0,829.0,313.0,2,57500.0
-121.18,39.26,14.0,811.0,161.0,352.0,121.0,4,140300.0
-121.18,39.25,9.0,3415.0,562.0,1208.0,479.0,4,185900.0
-121.18,39.23,8.0,2112.0,360.0,782.0,344.0,4,175000.0
-121.18,39.19,16.0,1528.0,351.0,729.0,319.0,2,138800.0
-121.18,38.8,18.0,2541.0,414.0,1276.0,405.0,5,220100.0
-121.18,38.75,16.0,2807.0,459.0,1201.0,429.0,5,247600.0
-121.18,38.73,16.0,1584.0,264.0,613.0,226.0,6,273100.0
-121.18,38.69,7.0,7104.0,970.0,2772.0,920.0,6,274500.0
-121.18,38.67,42.0,2101.0,480.0,945.0,426.0,2,116000.0
-121.18,38.07,21.0,2333.0,377.0,1073.0,332.0,5,161100.0
-121.18,37.99,31.0,2450.0,559.0,1459.0,478.0,2,130900.0
-121.18,37.96,35.0,411.0,74.0,193.0,59.0,3,146900.0
-121.18,37.79,16.0,1326.0,286.0,509.0,297.0,2,112500.0
-121.18,37.64,43.0,1244.0,209.0,611.0,197.0,3,187500.0
-121.19,40.23,10.0,1572.0,232.0,247.0,104.0,6,193800.0
-121.19,39.55,17.0,1483.0,284.0,481.0,211.0,1,83300.0
-121.19,39.05,14.0,1131.0,193.0,520.0,178.0,4,180400.0
-121.19,38.95,16.0,2544.0,431.0,1199.0,412.0,5,196300.0
-121.19,38.85,8.0,4114.0,710.0,2268.0,716.0,4,139400.0
-121.19,38.71,11.0,4415.0,723.0,1520.0,627.0,3,390800.0
-121.19,38.67,16.0,1754.0,284.0,773.0,277.0,5,147000.0
-121.19,38.66,26.0,1937.0,286.0,769.0,274.0,6,179200.0
-121.19,38.13,27.0,2400.0,435.0,1085.0,444.0,4,165200.0
-121.19,38.04,35.0,703.0,117.0,290.0,107.0,3,177100.0
-121.19,37.93,27.0,1621.0,363.0,909.0,345.0,2,99700.0
-121.19,37.81,8.0,4019.0,857.0,1959.0,782.0,3,175000.0
-121.2,39.25,5.0,906.0,144.0,376.0,141.0,4,188200.0
-121.2,39.2,16.0,1039.0,182.0,554.0,184.0,3,128300.0
-121.2,38.73,11.0,4897.0,636.0,1931.0,616.0,8,334800.0
-121.2,38.7,28.0,2970.0,471.0,1379.0,463.0,4,131700.0
-121.2,38.68,9.0,2200.0,422.0,938.0,369.0,3,143800.0
-121.2,38.66,17.0,1605.0,217.0,732.0,241.0,5,204800.0
-121.2,38.36,14.0,2634.0,463.0,1402.0,432.0,4,175700.0
-121.2,38.28,20.0,1732.0,307.0,999.0,305.0,4,160200.0
-121.2,38.02,44.0,608.0,108.0,287.0,83.0,3,125000.0
-121.2,37.97,39.0,440.0,83.0,270.0,97.0,6,157700.0
-121.2,37.83,18.0,3415.0,580.0,1912.0,562.0,4,161400.0
-121.2,37.81,26.0,395.0,74.0,193.0,72.0,7,212500.0
-121.2,37.8,37.0,311.0,61.0,171.0,54.0,4,101800.0
-121.2,37.8,28.0,3264.0,576.0,1512.0,567.0,4,135300.0
-121.2,37.8,24.0,1698.0,344.0,927.0,313.0,4,130800.0
-121.2,37.78,4.0,58.0,29.0,79.0,29.0,3,106300.0
-121.2,37.6,30.0,2110.0,406.0,1301.0,345.0,2,86500.0
-121.2,36.14,12.0,3738.0,710.0,2337.0,664.0,4,135000.0
-121.21,39.49,18.0,697.0,150.0,356.0,114.0,3,77100.0
-121.21,38.83,21.0,3691.0,640.0,1758.0,603.0,4,151900.0
-121.21,38.76,16.0,1608.0,296.0,792.0,286.0,3,239200.0
-121.21,38.75,11.0,4552.0,639.0,2006.0,623.0,4,264400.0
-121.21,38.67,19.0,2987.0,626.0,1610.0,605.0,3,112100.0
-121.21,38.67,11.0,5500.0,956.0,2827.0,946.0,4,145800.0
-121.21,38.66,15.0,6940.0,1019.0,2829.0,990.0,5,232300.0
-121.21,38.65,14.0,3443.0,510.0,1413.0,505.0,6,196000.0
-121.21,37.81,8.0,1883.0,298.0,999.0,301.0,5,172100.0
-121.21,37.81,12.0,3667.0,640.0,2173.0,652.0,5,163900.0
-121.21,37.8,45.0,370.0,84.0,167.0,70.0,1,101800.0
-121.21,37.8,44.0,300.0,72.0,160.0,73.0,2,120800.0
-121.21,37.8,33.0,1862.0,429.0,971.0,389.0,3,99200.0
-121.21,37.8,31.0,699.0,186.0,460.0,170.0,3,94200.0
-121.21,37.79,33.0,811.0,185.0,446.0,198.0,2,96900.0
-121.21,37.5,34.0,294.0,49.0,147.0,47.0,3,162500.0
-121.22,39.43,17.0,2254.0,485.0,1007.0,433.0,2,92300.0
-121.22,39.11,14.0,1405.0,269.0,660.0,228.0,3,156800.0
-121.22,38.92,19.0,2531.0,461.0,1206.0,429.0,4,192600.0
-121.22,38.8,11.0,2521.0,521.0,1390.0,477.0,4,124800.0
-121.22,38.78,8.0,3418.0,514.0,1312.0,409.0,6,218000.0
-121.22,38.71,23.0,1843.0,273.0,818.0,276.0,4,214700.0
-121.22,38.68,10.0,6262.0,1278.0,2954.0,1169.0,3,139000.0
-121.22,38.67,20.0,1412.0,226.0,700.0,227.0,4,130700.0
-121.22,38.58,25.0,394.0,94.0,155.0,83.0,2,55000.0
-121.22,38.43,20.0,2054.0,339.0,934.0,336.0,5,219300.0
-121.22,38.4,14.0,2655.0,441.0,1277.0,422.0,5,213800.0
-121.22,38.16,24.0,4411.0,776.0,2038.0,732.0,3,151200.0
-121.22,38.04,42.0,343.0,50.0,116.0,49.0,6,212500.0
-121.22,38.0,35.0,1841.0,300.0,783.0,285.0,3,162100.0
-121.22,37.96,31.0,1484.0,314.0,1163.0,336.0,3,72100.0
-121.22,37.96,30.0,1737.0,381.0,1177.0,347.0,2,56400.0
-121.22,37.95,30.0,1055.0,211.0,629.0,170.0,3,76900.0
-121.22,37.93,21.0,336.0,68.0,206.0,73.0,5,121400.0
-121.22,37.82,13.0,4452.0,949.0,2740.0,937.0,3,141500.0
-121.22,37.81,20.0,1811.0,352.0,1191.0,327.0,4,121500.0
-121.22,37.8,37.0,1038.0,222.0,521.0,211.0,2,91900.0
-121.22,37.8,28.0,2608.0,576.0,1719.0,554.0,2,94400.0
-121.22,37.8,13.0,335.0,89.0,247.0,77.0,2,74100.0
-121.22,37.79,5.0,3107.0,477.0,1549.0,443.0,4,169400.0
-121.22,37.79,38.0,2152.0,451.0,1320.0,457.0,3,101900.0
-121.22,37.79,36.0,1052.0,221.0,712.0,212.0,2,105000.0
-121.22,37.72,34.0,2123.0,387.0,1310.0,368.0,3,165600.0
-121.23,40.29,21.0,3229.0,667.0,1501.0,582.0,2,77100.0
-121.23,40.01,38.0,725.0,190.0,219.0,115.0,2,75000.0
-121.23,39.27,11.0,1265.0,224.0,573.0,205.0,3,162500.0
-121.23,38.71,18.0,4947.0,714.0,2227.0,675.0,5,170500.0
-121.23,38.69,19.0,5268.0,849.0,2357.0,849.0,4,148700.0
-121.23,38.67,27.0,5266.0,971.0,2432.0,948.0,4,133000.0
-121.23,38.66,19.0,3243.0,546.0,1334.0,515.0,5,169500.0
-121.23,38.12,22.0,393.0,58.0,134.0,57.0,4,178100.0
-121.23,38.09,23.0,633.0,91.0,236.0,83.0,6,230000.0
-121.23,38.04,32.0,1829.0,262.0,677.0,243.0,6,247900.0
-121.23,37.99,38.0,523.0,80.0,226.0,72.0,6,153100.0
-121.23,37.98,27.0,849.0,137.0,373.0,131.0,5,181300.0
-121.23,37.95,36.0,811.0,168.0,514.0,152.0,3,89200.0
-121.23,37.95,32.0,2081.0,472.0,1342.0,411.0,3,59000.0
-121.23,37.94,20.0,268.0,78.0,77.0,49.0,1,150000.0
-121.23,37.92,28.0,590.0,129.0,315.0,99.0,2,85700.0
-121.23,37.87,49.0,98.0,24.0,59.0,26.0,4,162500.0
-121.23,37.82,8.0,1289.0,235.0,867.0,239.0,5,138500.0
-121.23,37.82,14.0,1847.0,325.0,1030.0,309.0,5,155300.0
-121.23,37.81,16.0,2085.0,342.0,1236.0,345.0,6,149300.0
-121.23,37.81,15.0,2906.0,537.0,1886.0,557.0,4,137100.0
-121.23,37.8,11.0,2451.0,665.0,1155.0,533.0,2,130800.0
-121.23,37.79,23.0,1985.0,424.0,1198.0,389.0,3,116800.0
-121.23,37.79,21.0,1922.0,373.0,1130.0,372.0,4,117900.0
-121.23,37.78,20.0,273.0,49.0,149.0,49.0,5,158300.0
-121.23,36.33,23.0,2095.0,536.0,1858.0,457.0,3,92400.0
-121.24,40.31,36.0,1597.0,301.0,632.0,262.0,4,93600.0
-121.24,39.65,35.0,632.0,148.0,221.0,102.0,2,62500.0
-121.24,39.37,16.0,2785.0,616.0,1387.0,530.0,2,89400.0
-121.24,39.22,14.0,983.0,163.0,399.0,161.0,2,145100.0
-121.24,38.82,5.0,12259.0,1643.0,4819.0,1582.0,5,217300.0
-121.24,38.79,23.0,1419.0,261.0,706.0,269.0,3,110200.0
-121.24,38.79,15.0,2615.0,485.0,1063.0,428.0,4,173200.0
-121.24,38.78,18.0,549.0,143.0,249.0,136.0,1,136500.0
-121.24,38.78,11.0,1851.0,352.0,1049.0,369.0,4,141100.0
-121.24,38.75,5.0,9137.0,1368.0,3667.0,1294.0,5,229600.0
-121.24,38.72,12.0,3605.0,576.0,1556.0,549.0,5,203700.0
-121.24,38.7,13.0,3243.0,488.0,1585.0,480.0,6,166800.0
-121.24,38.68,20.0,1402.0,236.0,676.0,236.0,4,135500.0
-121.24,38.67,28.0,3558.0,589.0,1742.0,581.0,4,131700.0
-121.24,38.66,14.0,3335.0,440.0,1329.0,429.0,6,250300.0
-121.24,38.64,13.0,4491.0,689.0,1657.0,667.0,5,249400.0
-121.24,38.22,28.0,2593.0,487.0,1365.0,457.0,3,113000.0
-121.24,38.01,22.0,1526.0,299.0,790.0,300.0,2,125000.0
-121.24,38.0,25.0,1471.0,300.0,721.0,304.0,2,126800.0
-121.24,37.98,33.0,450.0,123.0,236.0,103.0,1,80400.0
-121.24,37.97,47.0,886.0,196.0,517.0,188.0,2,67200.0
-121.24,37.96,37.0,1175.0,260.0,951.0,267.0,3,57700.0
-121.24,37.96,29.0,874.0,217.0,788.0,222.0,2,57700.0
-121.24,37.95,36.0,361.0,63.0,169.0,62.0,4,63800.0
-121.24,37.94,5.0,2232.0,488.0,1857.0,435.0,3,113600.0
-121.24,37.93,21.0,1185.0,237.0,960.0,245.0,2,65000.0
-121.24,37.9,16.0,50.0,10.0,20.0,6.0,3,137500.0
-121.24,37.82,9.0,6169.0,959.0,3378.0,945.0,5,157900.0
-121.24,37.81,6.0,3883.0,800.0,2319.0,787.0,4,161000.0
-121.24,37.79,7.0,5151.0,867.0,2553.0,805.0,4,195000.0
-121.24,36.34,33.0,1691.0,308.0,792.0,262.0,3,164600.0
-121.24,36.33,13.0,1642.0,418.0,1534.0,388.0,3,125500.0
-121.25,40.27,25.0,958.0,245.0,28.0,16.0,3,67500.0
-121.25,39.17,9.0,999.0,189.0,411.0,176.0,2,151800.0
-121.25,38.8,14.0,5094.0,729.0,1974.0,705.0,6,188700.0
-121.25,38.72,15.0,6838.0,941.0,3166.0,926.0,5,162700.0
-121.25,38.72,10.0,7277.0,1168.0,3507.0,1131.0,4,179400.0
-121.25,38.71,14.0,3713.0,637.0,1845.0,635.0,4,143400.0
-121.25,38.69,24.0,1014.0,185.0,606.0,194.0,4,112800.0
-121.25,38.69,17.0,3050.0,481.0,1490.0,489.0,5,134500.0
-121.25,38.68,15.0,1497.0,243.0,730.0,242.0,5,135600.0
-121.25,38.68,13.0,503.0,70.0,267.0,77.0,6,276100.0
-121.25,38.67,14.0,6155.0,1034.0,2407.0,941.0,4,244300.0
-121.25,38.66,26.0,3670.0,556.0,1616.0,550.0,5,169600.0
-121.25,38.64,21.0,2764.0,363.0,902.0,360.0,6,258700.0
-121.25,38.14,16.0,1174.0,242.0,464.0,261.0,2,133300.0
-121.25,38.13,25.0,1305.0,270.0,789.0,235.0,3,91100.0
-121.25,38.07,28.0,2103.0,422.0,1167.0,391.0,3,152800.0
-121.25,38.05,25.0,1967.0,362.0,1035.0,361.0,4,106800.0
-121.25,38.04,26.0,3080.0,473.0,1257.0,465.0,5,201800.0
-121.25,38.03,29.0,2465.0,327.0,859.0,315.0,7,220700.0
-121.25,38.01,16.0,2397.0,501.0,1053.0,557.0,3,112500.0
-121.25,38.0,21.0,446.0,73.0,182.0,57.0,3,135000.0
-121.25,37.98,39.0,1765.0,414.0,1056.0,414.0,2,48300.0
-121.25,37.97,41.0,855.0,189.0,716.0,206.0,2,75000.0
-121.25,37.97,34.0,1288.0,344.0,846.0,293.0,2,63100.0
-121.25,37.96,26.0,2205.0,478.0,1730.0,472.0,2,68300.0
-121.25,37.95,46.0,2001.0,428.0,1384.0,401.0,2,62200.0
-121.25,37.95,40.0,1703.0,362.0,1208.0,373.0,2,55300.0
-121.25,37.94,30.0,1509.0,308.0,967.0,278.0,2,65900.0
-121.25,37.94,28.0,964.0,232.0,782.0,218.0,2,55900.0
-121.25,37.93,31.0,1673.0,382.0,1734.0,400.0,2,48300.0
-121.25,37.92,19.0,2109.0,427.0,1742.0,426.0,2,66000.0
-121.25,37.76,22.0,2430.0,417.0,1292.0,391.0,3,182400.0
-121.26,38.74,22.0,7173.0,1314.0,3526.0,1316.0,3,135900.0
-121.26,38.73,14.0,3323.0,499.0,1527.0,540.0,5,172100.0
-121.26,38.7,9.0,7812.0,1348.0,3275.0,1178.0,4,146600.0
-121.26,38.69,17.0,3917.0,638.0,1809.0,564.0,5,137000.0
-121.26,38.68,4.0,3080.0,827.0,1195.0,683.0,3,133000.0
-121.26,38.68,13.0,4256.0,619.0,1948.0,622.0,5,167400.0
-121.26,38.67,18.0,1830.0,313.0,905.0,361.0,4,141800.0
-121.26,38.66,8.0,1145.0,241.0,447.0,216.0,4,124300.0
-121.26,38.66,19.0,3170.0,444.0,1344.0,452.0,6,221600.0
-121.26,38.65,17.0,2655.0,421.0,991.0,384.0,5,270600.0
-121.26,38.64,40.0,1098.0,175.0,415.0,160.0,5,217400.0
-121.26,38.14,10.0,3371.0,665.0,1823.0,654.0,4,116800.0
-121.26,38.13,38.0,1419.0,411.0,1226.0,397.0,2,68800.0
-121.26,38.13,25.0,2549.0,675.0,2053.0,648.0,2,83100.0
-121.26,38.12,27.0,1818.0,459.0,1182.0,428.0,2,73800.0
-121.26,38.11,8.0,2770.0,642.0,1611.0,633.0,3,115100.0
-121.26,38.11,4.0,2058.0,366.0,933.0,316.0,4,150900.0
-121.26,38.09,35.0,930.0,186.0,525.0,201.0,2,155000.0
-121.26,37.99,27.0,429.0,102.0,179.0,90.0,2,87500.0
-121.26,37.98,41.0,1633.0,433.0,885.0,413.0,1,54200.0
-121.26,37.98,32.0,3274.0,820.0,2050.0,738.0,2,55700.0
-121.26,37.97,41.0,2398.0,448.0,1143.0,444.0,3,69800.0
-121.26,37.97,31.0,1189.0,295.0,891.0,292.0,3,50500.0
-121.26,37.96,43.0,940.0,208.0,690.0,181.0,2,62300.0
-121.26,37.96,43.0,527.0,133.0,367.0,152.0,2,63600.0
-121.26,37.96,40.0,535.0,105.0,335.0,102.0,3,62800.0
-121.26,37.96,35.0,1511.0,316.0,892.0,304.0,2,63500.0
-121.26,37.95,44.0,819.0,184.0,677.0,183.0,2,59300.0
-121.26,37.95,39.0,1841.0,428.0,1368.0,390.0,2,62000.0
-121.26,37.94,43.0,1610.0,412.0,1409.0,365.0,2,51700.0
-121.26,37.93,33.0,2109.0,531.0,2248.0,588.0,1,53000.0
-121.26,37.88,42.0,465.0,93.0,256.0,93.0,3,158300.0
-121.26,36.32,30.0,146.0,41.0,164.0,40.0,2,206300.0
-121.27,38.87,16.0,2094.0,358.0,1092.0,357.0,4,191400.0
-121.27,38.75,43.0,1292.0,307.0,647.0,249.0,3,85300.0
-121.27,38.75,21.0,4812.0,1117.0,1985.0,1045.0,3,128500.0
-121.27,38.74,19.0,3869.0,887.0,2086.0,685.0,3,154900.0
-121.27,38.72,6.0,4664.0,644.0,2105.0,663.0,6,198700.0
-121.27,38.71,16.0,4082.0,666.0,1912.0,652.0,4,142900.0
-121.27,38.7,16.0,3747.0,586.0,1817.0,590.0,5,145300.0
-121.27,38.69,16.0,3389.0,597.0,1674.0,568.0,4,145600.0
-121.27,38.67,16.0,3185.0,886.0,1550.0,802.0,3,149000.0
-121.27,38.67,15.0,2116.0,524.0,866.0,519.0,3,111600.0
-121.27,38.67,15.0,1701.0,346.0,723.0,352.0,4,128700.0
-121.27,38.66,19.0,1891.0,266.0,678.0,255.0,6,188700.0
-121.27,38.65,33.0,1984.0,289.0,842.0,276.0,5,173300.0
-121.27,38.44,19.0,2780.0,414.0,1320.0,404.0,6,209900.0
-121.27,38.31,17.0,1144.0,202.0,626.0,178.0,4,151600.0
-121.27,38.14,40.0,929.0,257.0,576.0,229.0,2,137500.0
-121.27,38.13,52.0,1081.0,257.0,437.0,225.0,2,114100.0
-121.27,38.13,40.0,2402.0,509.0,1197.0,486.0,2,98200.0
-121.27,38.13,39.0,2614.0,634.0,1862.0,654.0,2,70700.0
-121.27,38.13,35.0,2607.0,685.0,2016.0,618.0,2,82900.0
-121.27,38.12,44.0,2356.0,482.0,1043.0,443.0,2,108000.0
-121.27,38.12,37.0,2232.0,504.0,1455.0,471.0,3,87800.0
-121.27,38.11,15.0,2039.0,384.0,1178.0,375.0,4,120100.0
-121.27,38.11,11.0,3163.0,794.0,2106.0,762.0,2,103000.0
-121.27,38.05,26.0,378.0,75.0,164.0,65.0,3,82800.0
-121.27,38.02,32.0,342.0,58.0,138.0,52.0,3,155000.0
-121.27,37.98,43.0,1005.0,200.0,492.0,172.0,3,72800.0
-121.27,37.97,39.0,1023.0,243.0,550.0,224.0,1,54400.0
-121.27,37.96,52.0,583.0,114.0,310.0,93.0,3,54200.0
-121.27,37.96,43.0,948.0,221.0,749.0,208.0,2,52700.0
-121.27,37.96,43.0,1624.0,448.0,1805.0,440.0,1,61300.0
-121.27,37.96,41.0,461.0,101.0,382.0,79.0,1,54000.0
-121.27,37.95,52.0,1318.0,308.0,1368.0,310.0,2,54600.0
-121.27,37.95,43.0,557.0,165.0,573.0,144.0,2,59000.0
-121.27,37.94,38.0,512.0,133.0,676.0,124.0,2,52000.0
-121.27,37.93,24.0,1451.0,320.0,1413.0,283.0,2,61200.0
-121.27,37.88,43.0,968.0,249.0,664.0,240.0,2,83600.0
-121.27,37.87,34.0,1010.0,206.0,678.0,234.0,3,104000.0
-121.27,37.82,26.0,1170.0,238.0,830.0,216.0,3,127500.0
-121.27,37.79,16.0,1853.0,390.0,1013.0,362.0,3,173900.0
-121.27,37.56,31.0,1223.0,330.0,1067.0,245.0,3,100000.0
-121.28,38.9,31.0,1297.0,259.0,765.0,240.0,3,93600.0
-121.28,38.8,7.0,9003.0,1739.0,4445.0,1591.0,4,147900.0
-121.28,38.75,52.0,493.0,89.0,189.0,94.0,2,83800.0
-121.28,38.73,6.0,4223.0,672.0,1747.0,631.0,5,267400.0
-121.28,38.71,8.0,4053.0,912.0,2033.0,897.0,3,117100.0
-121.28,38.71,35.0,3095.0,594.0,1550.0,576.0,4,113500.0
-121.28,38.7,15.0,5828.0,1051.0,2868.0,1037.0,4,143200.0
-121.28,38.7,14.0,5827.0,1246.0,2578.0,1038.0,3,112900.0
-121.28,38.68,16.0,3467.0,615.0,1478.0,601.0,4,147300.0
-121.28,38.68,14.0,11442.0,2690.0,6068.0,2435.0,3,121200.0
-121.28,38.67,23.0,1727.0,264.0,833.0,258.0,5,160000.0
-121.28,38.66,17.0,7741.0,1401.0,3153.0,1331.0,4,216100.0
-121.28,38.64,24.0,3459.0,573.0,1336.0,544.0,5,186200.0
-121.28,38.64,19.0,3574.0,669.0,1373.0,643.0,4,242100.0
-121.28,38.63,36.0,120.0,16.0,30.0,14.0,10,350000.0
-121.28,38.61,23.0,2547.0,504.0,1235.0,469.0,2,103300.0
-121.28,38.61,22.0,2938.0,619.0,1501.0,561.0,3,96100.0
-121.28,38.6,25.0,1122.0,198.0,564.0,213.0,3,111600.0
-121.28,38.6,17.0,1671.0,378.0,848.0,351.0,3,112500.0
-121.28,38.59,3.0,4188.0,1136.0,2081.0,995.0,3,92500.0
-121.28,38.55,35.0,7088.0,1279.0,4885.0,1272.0,3,112500.0
-121.28,38.17,19.0,1337.0,236.0,744.0,225.0,4,244200.0
-121.28,38.14,37.0,3278.0,623.0,1431.0,575.0,3,99500.0
-121.28,38.13,48.0,1892.0,333.0,804.0,352.0,4,143200.0
-121.28,38.13,32.0,3366.0,676.0,1916.0,697.0,3,125400.0
-121.28,38.12,34.0,3268.0,640.0,1906.0,628.0,3,110700.0
-121.28,38.11,10.0,2974.0,588.0,1559.0,568.0,4,136800.0
-121.28,38.1,13.0,2432.0,586.0,1441.0,606.0,3,133100.0
-121.28,38.03,11.0,826.0,150.0,684.0,166.0,4,107400.0
-121.28,38.03,11.0,3585.0,729.0,2769.0,715.0,3,94100.0
-121.28,38.02,8.0,1868.0,392.0,1258.0,389.0,3,95900.0
-121.28,37.99,42.0,495.0,116.0,284.0,97.0,3,55700.0
-121.28,37.98,52.0,941.0,184.0,414.0,171.0,2,69900.0
-121.28,37.97,47.0,2348.0,507.0,1455.0,479.0,2,66000.0
-121.28,37.96,28.0,1942.0,724.0,1618.0,638.0,1,52500.0
-121.28,37.95,46.0,1026.0,330.0,1109.0,333.0,1,63300.0
-121.28,37.94,48.0,1766.0,444.0,1406.0,421.0,2,52700.0
-121.28,37.94,44.0,1406.0,357.0,1489.0,386.0,1,56800.0
-121.28,37.94,40.0,2806.0,685.0,2268.0,635.0,2,57700.0
-121.28,37.94,35.0,2680.0,634.0,2188.0,611.0,2,56700.0
-121.28,37.93,23.0,1491.0,346.0,1223.0,343.0,2,67800.0
-121.28,37.92,36.0,499.0,115.0,451.0,124.0,2,60300.0
-121.28,37.91,31.0,820.0,179.0,576.0,155.0,2,65900.0
-121.28,37.9,28.0,371.0,71.0,171.0,70.0,1,55700.0
-121.28,37.83,32.0,696.0,151.0,443.0,144.0,3,86300.0
-121.28,37.82,10.0,9205.0,1774.0,5935.0,1673.0,4,119400.0
-121.29,38.9,45.0,2019.0,394.0,1104.0,407.0,3,108700.0
-121.29,38.89,10.0,653.0,120.0,407.0,146.0,3,110800.0
-121.29,38.76,12.0,1198.0,174.0,443.0,170.0,6,187500.0
-121.29,38.71,32.0,1875.0,361.0,1027.0,343.0,4,103800.0
-121.29,38.68,12.0,5098.0,1094.0,2029.0,1065.0,4,132500.0
-121.29,38.67,20.0,1992.0,363.0,889.0,346.0,4,130500.0
-121.29,38.65,27.0,2744.0,464.0,1340.0,452.0,4,147300.0
-121.29,38.61,26.0,1814.0,299.0,963.0,317.0,4,110500.0
-121.29,38.61,17.0,13553.0,2474.0,6544.0,2359.0,4,132700.0
-121.29,38.6,29.0,1276.0,225.0,600.0,223.0,4,109100.0
-121.29,38.59,19.0,2460.0,470.0,1346.0,480.0,4,95600.0
-121.29,38.36,17.0,2193.0,386.0,1148.0,372.0,5,191700.0
-121.29,38.28,11.0,1554.0,260.0,793.0,233.0,5,156700.0
-121.29,38.15,23.0,4183.0,633.0,1886.0,628.0,5,175300.0
-121.29,38.14,34.0,2770.0,544.0,1409.0,535.0,3,101800.0
-121.29,38.14,34.0,1500.0,337.0,674.0,282.0,3,110800.0
-121.29,38.14,27.0,836.0,132.0,303.0,133.0,4,127400.0
-121.29,38.13,31.0,1008.0,212.0,453.0,195.0,2,113500.0
-121.29,38.13,20.0,3168.0,514.0,1390.0,490.0,5,154800.0
-121.29,38.12,18.0,1534.0,275.0,741.0,263.0,4,132500.0
-121.29,38.07,21.0,1185.0,207.0,533.0,213.0,3,204500.0
-121.29,38.04,16.0,2128.0,441.0,1860.0,459.0,3,97300.0
-121.29,38.03,7.0,2021.0,441.0,1615.0,406.0,3,111300.0
-121.29,38.03,16.0,4356.0,881.0,1629.0,818.0,2,91100.0
-121.29,38.01,2.0,6403.0,1116.0,3327.0,957.0,4,137900.0
-121.29,38.01,10.0,69.0,16.0,50.0,20.0,4,120800.0
-121.29,38.0,4.0,1392.0,322.0,1784.0,309.0,2,124500.0
-121.29,38.0,12.0,4038.0,1074.0,3440.0,942.0,2,112300.0
-121.29,37.99,41.0,930.0,191.0,463.0,185.0,3,90600.0
-121.29,37.98,49.0,2501.0,565.0,1171.0,550.0,3,76700.0
-121.29,37.98,42.0,625.0,143.0,533.0,159.0,3,65400.0
-121.29,37.97,52.0,2995.0,555.0,1392.0,503.0,2,98800.0
-121.29,37.97,52.0,1610.0,480.0,1025.0,440.0,1,110200.0
-121.29,37.96,52.0,287.0,119.0,154.0,85.0,1,75000.0
-121.29,37.96,50.0,1669.0,558.0,1340.0,484.0,1,92300.0
-121.29,37.96,48.0,1778.0,541.0,1237.0,462.0,1,103100.0
-121.29,37.95,52.0,288.0,86.0,272.0,54.0,1,42500.0
-121.29,37.95,52.0,107.0,79.0,167.0,53.0,1,22500.0
-121.29,37.95,16.0,761.0,306.0,438.0,282.0,1,87500.0
-121.29,37.94,40.0,2827.0,655.0,2037.0,574.0,2,63800.0
-121.29,37.93,37.0,2488.0,578.0,1854.0,514.0,3,59100.0
-121.29,37.93,24.0,1438.0,351.0,1294.0,342.0,3,61800.0
-121.29,37.92,12.0,1096.0,240.0,1175.0,278.0,3,73100.0
-121.29,37.89,26.0,161.0,27.0,1542.0,30.0,6,162500.0
-121.29,37.87,29.0,488.0,108.0,308.0,115.0,3,103100.0
-121.29,37.72,22.0,1630.0,404.0,4402.0,358.0,2,63000.0
-121.29,36.9,17.0,3610.0,593.0,1734.0,559.0,6,374200.0
-121.3,38.89,45.0,1529.0,317.0,793.0,281.0,3,91300.0
-121.3,38.75,36.0,3903.0,885.0,2313.0,804.0,3,86300.0
-121.3,38.74,41.0,4374.0,1039.0,2387.0,959.0,2,87900.0
-121.3,38.73,9.0,5558.0,1099.0,2717.0,1043.0,4,139200.0
-121.3,38.72,15.0,2514.0,482.0,1166.0,503.0,2,131900.0
-121.3,38.71,17.0,5434.0,1106.0,2755.0,1047.0,3,99900.0
-121.3,38.7,18.0,7334.0,1332.0,3339.0,1271.0,3,124700.0
-121.3,38.69,21.0,6575.0,1105.0,3358.0,1098.0,4,115400.0
-121.3,38.69,13.0,2135.0,429.0,779.0,432.0,4,134900.0
-121.3,38.68,19.0,2655.0,438.0,1253.0,454.0,5,140600.0
-121.3,38.67,23.0,2145.0,340.0,1022.0,349.0,4,125400.0
-121.3,38.67,20.0,1234.0,208.0,649.0,211.0,5,143000.0
-121.3,38.67,15.0,4018.0,850.0,2070.0,814.0,3,119800.0
-121.3,38.66,32.0,2915.0,492.0,1292.0,454.0,3,117100.0
-121.3,38.66,28.0,3391.0,550.0,1546.0,553.0,4,139200.0
-121.3,38.66,21.0,3824.0,634.0,1818.0,600.0,4,139000.0
-121.3,38.65,36.0,1665.0,293.0,846.0,306.0,4,121600.0
-121.3,38.65,26.0,3192.0,447.0,1132.0,418.0,5,144300.0
-121.3,38.64,20.0,5001.0,830.0,2330.0,830.0,4,160000.0
-121.3,38.63,31.0,1817.0,372.0,992.0,339.0,3,150000.0
-121.3,38.61,25.0,2707.0,464.0,1423.0,490.0,4,116900.0
-121.3,38.6,32.0,9534.0,1819.0,4951.0,1710.0,3,103400.0
-121.3,38.59,25.0,3002.0,718.0,1660.0,613.0,2,89600.0
-121.3,38.58,29.0,2748.0,563.0,1619.0,525.0,3,92400.0
-121.3,38.58,19.0,2653.0,680.0,1419.0,579.0,2,91300.0
-121.3,38.58,16.0,1537.0,364.0,1125.0,375.0,3,90700.0
-121.3,38.51,19.0,822.0,134.0,457.0,133.0,4,157500.0
-121.3,38.26,19.0,1403.0,276.0,901.0,290.0,3,104600.0
-121.3,38.25,27.0,2475.0,548.0,1703.0,517.0,3,86100.0
-121.3,38.14,17.0,3507.0,696.0,1867.0,709.0,3,120700.0
-121.3,38.13,27.0,1004.0,192.0,470.0,192.0,3,116700.0
-121.3,38.13,26.0,2256.0,360.0,937.0,372.0,5,153700.0
-121.3,38.13,23.0,2864.0,504.0,1298.0,499.0,3,131800.0
-121.3,38.12,11.0,1792.0,252.0,767.0,263.0,8,229300.0
-121.3,38.11,5.0,5979.0,1190.0,2679.0,1084.0,4,171700.0
-121.3,38.09,31.0,335.0,53.0,154.0,55.0,2,175000.0
-121.3,38.05,52.0,122.0,26.0,62.0,25.0,1,112500.0
-121.3,38.04,8.0,2668.0,447.0,1713.0,444.0,4,117600.0
-121.3,38.03,13.0,1014.0,200.0,712.0,197.0,3,102800.0
-121.3,38.03,11.0,2866.0,654.0,1404.0,525.0,3,95000.0
-121.3,38.03,10.0,1409.0,248.0,782.0,222.0,4,107700.0
-121.3,38.02,4.0,1515.0,384.0,491.0,348.0,3,87500.0
-121.3,38.02,16.0,2717.0,621.0,3343.0,643.0,3,106300.0
-121.3,38.01,30.0,2547.0,485.0,1547.0,501.0,4,95500.0
-121.3,38.01,29.0,2289.0,449.0,1215.0,435.0,3,100000.0
-121.3,38.0,27.0,2918.0,580.0,1338.0,544.0,3,116200.0
-121.3,38.0,23.0,3706.0,1106.0,3785.0,1019.0,2,100000.0
-121.3,37.98,47.0,2373.0,461.0,990.0,444.0,4,98300.0
-121.3,37.97,52.0,2980.0,537.0,1128.0,510.0,4,113600.0
-121.3,37.96,52.0,1475.0,238.0,736.0,260.0,4,105100.0
-121.3,37.96,31.0,2668.0,812.0,1398.0,721.0,1,110400.0
-121.3,37.96,24.0,1212.0,366.0,1202.0,343.0,2,76800.0
-121.3,37.94,52.0,24.0,6.0,23.0,5.0,2,67500.0
-121.3,37.94,40.0,452.0,109.0,412.0,97.0,1,60800.0
-121.3,37.92,28.0,3308.0,766.0,3201.0,720.0,2,73900.0
-121.3,37.85,35.0,1034.0,206.0,604.0,192.0,2,120000.0
-121.31,38.97,16.0,1210.0,228.0,726.0,222.0,3,82100.0
-121.31,38.75,7.0,4185.0,750.0,2147.0,706.0,4,129200.0
-121.31,38.72,11.0,2306.0,420.0,1308.0,418.0,4,122200.0
-121.31,38.68,22.0,1194.0,207.0,545.0,223.0,4,134300.0
-121.31,38.68,16.0,5179.0,1271.0,2181.0,1151.0,2,82500.0
-121.31,38.67,27.0,1998.0,353.0,970.0,343.0,5,115500.0
-121.31,38.67,26.0,1387.0,226.0,807.0,244.0,4,135700.0
-121.31,38.66,27.0,1713.0,282.0,761.0,295.0,5,136400.0
-121.31,38.66,26.0,1604.0,245.0,751.0,267.0,5,140500.0
-121.31,38.65,21.0,2759.0,409.0,1053.0,374.0,6,165700.0
-121.31,38.64,19.0,5407.0,838.0,1927.0,804.0,5,195400.0
-121.31,38.61,17.0,992.0,151.0,316.0,159.0,7,326700.0
-121.31,38.59,35.0,3295.0,560.0,1454.0,536.0,3,101900.0
-121.31,38.58,10.0,2421.0,580.0,962.0,497.0,3,112500.0
-121.31,38.57,9.0,2748.0,521.0,1663.0,565.0,4,113300.0
-121.31,38.57,22.0,1229.0,253.0,733.0,250.0,2,101600.0
-121.31,38.28,16.0,1708.0,391.0,687.0,378.0,2,155400.0
-121.31,38.26,22.0,1768.0,396.0,1005.0,420.0,2,88300.0
-121.31,38.03,24.0,3050.0,568.0,1743.0,549.0,4,105300.0
-121.31,38.03,18.0,4893.0,1008.0,3036.0,997.0,3,110000.0
-121.31,38.02,24.0,4157.0,951.0,2734.0,879.0,3,92100.0
-121.31,38.01,22.0,2575.0,680.0,1367.0,645.0,1,90500.0
-121.31,38.0,35.0,2097.0,351.0,977.0,358.0,4,108400.0
-121.31,38.0,19.0,908.0,158.0,306.0,154.0,4,131900.0
-121.31,37.99,23.0,3135.0,707.0,1650.0,680.0,2,105300.0
-121.31,37.99,15.0,3103.0,965.0,3061.0,861.0,1,110300.0
-121.31,37.98,47.0,3386.0,663.0,1228.0,619.0,3,141500.0
-121.31,37.97,45.0,2604.0,454.0,988.0,442.0,4,123100.0
-121.31,37.97,42.0,1824.0,277.0,720.0,309.0,5,183700.0
-121.31,37.96,52.0,2654.0,468.0,1157.0,494.0,3,107600.0
-121.31,37.96,52.0,1938.0,332.0,788.0,320.0,4,118400.0
-121.31,37.96,52.0,1829.0,301.0,694.0,319.0,3,92600.0
-121.31,37.96,48.0,1112.0,227.0,583.0,216.0,2,77600.0
-121.31,37.94,41.0,375.0,108.0,323.0,98.0,2,45000.0
-121.31,37.9,38.0,226.0,44.0,125.0,38.0,3,125000.0
-121.31,37.81,36.0,284.0,53.0,130.0,47.0,3,179200.0
-121.31,37.44,33.0,69.0,28.0,47.0,14.0,1,112500.0
-121.31,36.42,21.0,2740.0,615.0,2630.0,564.0,3,102700.0
-121.32,39.43,18.0,1860.0,409.0,741.0,349.0,2,84700.0
-121.32,39.29,11.0,2640.0,505.0,1257.0,445.0,4,112000.0
-121.32,39.13,5.0,358.0,65.0,169.0,59.0,3,162500.0
-121.32,38.89,9.0,5927.0,1269.0,3369.0,1176.0,3,111300.0
-121.32,38.74,14.0,1449.0,228.0,670.0,232.0,4,186300.0
-121.32,38.71,14.0,4594.0,774.0,2474.0,782.0,5,127500.0
-121.32,38.7,16.0,2966.0,578.0,1365.0,480.0,3,118400.0
-121.32,38.69,11.0,13796.0,2372.0,6000.0,2250.0,4,124500.0
-121.32,38.68,25.0,1252.0,207.0,587.0,217.0,4,146400.0
-121.32,38.67,31.0,2532.0,479.0,1396.0,467.0,4,114500.0
-121.32,38.66,21.0,1276.0,208.0,501.0,205.0,4,143600.0
-121.32,38.64,19.0,8501.0,1558.0,3576.0,1467.0,4,158500.0
-121.32,38.63,20.0,7003.0,1409.0,3107.0,1315.0,3,150500.0
-121.32,38.62,33.0,898.0,190.0,470.0,201.0,3,148300.0
-121.32,38.61,22.0,3902.0,845.0,1870.0,763.0,3,190200.0
-121.32,38.59,24.0,4378.0,910.0,2149.0,812.0,3,123700.0
-121.32,38.59,21.0,9774.0,1777.0,4674.0,1712.0,4,136100.0
-121.32,38.57,25.0,692.0,146.0,504.0,167.0,4,101100.0
-121.32,38.56,18.0,1169.0,186.0,614.0,192.0,5,108700.0
-121.32,38.54,13.0,4715.0,1090.0,2420.0,1059.0,3,104400.0
-121.32,38.21,27.0,2643.0,467.0,1455.0,444.0,4,146700.0
-121.32,38.16,14.0,2049.0,398.0,1071.0,369.0,4,240800.0
-121.32,38.15,5.0,5428.0,994.0,2725.0,902.0,4,130100.0
-121.32,38.13,5.0,3136.0,501.0,1327.0,467.0,6,186900.0
-121.32,38.04,30.0,249.0,44.0,167.0,45.0,4,92800.0
-121.32,38.03,25.0,2474.0,513.0,1947.0,524.0,3,98400.0
-121.32,38.02,26.0,2851.0,533.0,1544.0,499.0,4,99100.0
-121.32,38.02,23.0,3251.0,689.0,1890.0,668.0,3,104800.0
-121.32,38.01,36.0,391.0,74.0,171.0,79.0,3,102800.0
-121.32,38.01,20.0,1903.0,395.0,919.0,359.0,3,96400.0
-121.32,38.0,22.0,2105.0,521.0,781.0,483.0,2,87500.0
-121.32,38.0,21.0,1795.0,482.0,1114.0,472.0,2,101500.0
-121.32,37.98,37.0,3247.0,643.0,1737.0,665.0,3,94100.0
-121.32,37.98,20.0,1591.0,589.0,1916.0,536.0,1,94600.0
-121.32,37.97,46.0,2270.0,427.0,1097.0,453.0,3,87800.0
-121.32,37.97,43.0,2453.0,490.0,1093.0,438.0,3,88800.0
-121.32,37.96,5.0,123.0,21.0,50.0,20.0,3,50000.0
-121.32,37.96,47.0,1700.0,344.0,922.0,357.0,3,87200.0
-121.32,37.96,46.0,1832.0,365.0,975.0,373.0,2,88100.0
-121.32,37.95,40.0,964.0,230.0,742.0,209.0,1,43000.0
-121.32,37.95,36.0,747.0,189.0,338.0,145.0,2,62100.0
-121.32,37.94,36.0,40.0,10.0,64.0,14.0,3,55000.0
-121.32,37.67,21.0,1494.0,271.0,781.0,255.0,4,250000.0
-121.32,36.79,30.0,516.0,90.0,288.0,95.0,4,202500.0
-121.32,36.43,22.0,2927.0,637.0,2546.0,618.0,3,114300.0
-121.32,35.95,31.0,372.0,68.0,479.0,67.0,4,200000.0
-121.33,38.77,3.0,20214.0,3559.0,8361.0,3112.0,4,169300.0
-121.33,38.7,15.0,2226.0,421.0,1004.0,417.0,3,117800.0
-121.33,38.69,15.0,3137.0,509.0,1635.0,544.0,5,122700.0
-121.33,38.68,13.0,5826.0,1411.0,2244.0,1219.0,2,142900.0
-121.33,38.67,17.0,2683.0,704.0,1410.0,659.0,2,130200.0
-121.33,38.66,15.0,4371.0,908.0,1842.0,818.0,3,105500.0
-121.33,38.65,24.0,3533.0,741.0,1496.0,723.0,3,183200.0
-121.33,38.64,27.0,2203.0,493.0,1158.0,492.0,2,119500.0
-121.33,38.63,23.0,1947.0,409.0,866.0,400.0,3,156800.0
-121.33,38.62,19.0,1853.0,415.0,772.0,397.0,2,135800.0
-121.33,38.61,21.0,2453.0,518.0,1326.0,505.0,3,148000.0
-121.33,38.56,17.0,3608.0,682.0,1694.0,666.0,3,109400.0
-121.33,38.04,15.0,1933.0,280.0,965.0,260.0,5,142700.0
-121.33,38.04,10.0,1421.0,204.0,657.0,209.0,5,153900.0
-121.33,38.03,19.0,1708.0,291.0,906.0,288.0,5,130600.0
-121.33,38.03,10.0,629.0,140.0,635.0,146.0,2,126700.0
-121.33,38.02,37.0,1964.0,315.0,915.0,335.0,4,119800.0
-121.33,38.02,33.0,2854.0,489.0,1109.0,452.0,4,136400.0
-121.33,38.02,31.0,1466.0,264.0,608.0,254.0,3,162100.0
-121.33,38.01,36.0,1383.0,207.0,531.0,203.0,6,151900.0
-121.33,38.01,27.0,1612.0,234.0,630.0,255.0,5,155100.0
-121.33,38.0,14.0,3731.0,772.0,1679.0,750.0,3,119600.0
-121.33,37.98,9.0,2370.0,424.0,1129.0,386.0,5,176500.0
-121.33,37.98,36.0,3113.0,576.0,1746.0,544.0,3,84600.0
-121.33,37.98,10.0,1564.0,397.0,643.0,347.0,3,150000.0
-121.33,37.97,43.0,1511.0,292.0,721.0,320.0,4,87400.0
-121.33,37.97,38.0,3166.0,575.0,1351.0,561.0,4,91600.0
-121.33,37.96,20.0,1727.0,386.0,730.0,342.0,3,92600.0
-121.33,36.43,40.0,622.0,194.0,902.0,196.0,3,109100.0
-121.34,38.69,17.0,1968.0,364.0,996.0,331.0,4,114300.0
-121.34,38.69,16.0,2686.0,516.0,1553.0,529.0,4,112700.0
-121.34,38.68,28.0,3379.0,552.0,1543.0,556.0,4,124000.0
-121.34,38.67,35.0,643.0,117.0,331.0,134.0,3,120700.0
-121.34,38.67,34.0,1503.0,264.0,731.0,285.0,4,118500.0
-121.34,38.66,17.0,1149.0,257.0,583.0,243.0,3,137500.0
-121.34,38.65,27.0,1595.0,246.0,610.0,253.0,5,199000.0
-121.34,38.64,12.0,2772.0,578.0,1335.0,565.0,4,161000.0
-121.34,38.63,13.0,3033.0,540.0,1363.0,519.0,4,161700.0
-121.34,38.61,22.0,1778.0,408.0,875.0,375.0,3,142200.0
-121.34,38.61,20.0,5801.0,1148.0,2586.0,1063.0,4,162100.0
-121.34,38.61,11.0,1716.0,404.0,722.0,415.0,2,166100.0
-121.34,38.59,23.0,2912.0,421.0,1132.0,410.0,6,225900.0
-121.34,38.59,22.0,3273.0,480.0,1151.0,463.0,8,380000.0
-121.34,38.58,18.0,1631.0,228.0,599.0,228.0,8,267200.0
-121.34,38.58,17.0,1605.0,258.0,748.0,262.0,5,134100.0
-121.34,38.57,14.0,5737.0,1008.0,2731.0,983.0,4,134500.0
-121.34,38.56,12.0,2975.0,628.0,1440.0,593.0,3,118600.0
-121.34,38.55,11.0,2838.0,498.0,1701.0,504.0,4,114000.0
-121.34,38.44,14.0,3205.0,465.0,1439.0,456.0,6,240900.0
-121.34,38.04,16.0,3295.0,565.0,2279.0,576.0,4,146400.0
-121.34,38.03,20.0,4213.0,751.0,2071.0,714.0,4,130800.0
-121.34,38.03,12.0,2707.0,433.0,1200.0,380.0,5,133500.0
-121.34,38.02,30.0,4375.0,689.0,2038.0,709.0,5,133800.0
-121.34,38.01,17.0,2033.0,452.0,1114.0,446.0,3,175000.0
-121.34,38.0,32.0,3877.0,687.0,1642.0,647.0,4,129200.0
-121.34,37.99,14.0,3111.0,498.0,1178.0,525.0,7,234700.0
-121.34,37.99,11.0,4487.0,868.0,2195.0,780.0,4,194600.0
-121.34,37.97,33.0,2493.0,454.0,1203.0,436.0,4,94600.0
-121.34,37.96,27.0,1839.0,442.0,2010.0,416.0,2,59400.0
-121.34,37.96,23.0,2830.0,659.0,1554.0,654.0,3,113700.0
-121.34,36.76,15.0,2638.0,429.0,1289.0,357.0,4,336800.0
-121.35,38.72,2.0,21897.0,3513.0,8652.0,2873.0,5,151300.0
-121.35,38.7,5.0,14414.0,2979.0,7608.0,2832.0,4,129600.0
-121.35,38.68,18.0,7923.0,1558.0,3789.0,1473.0,4,98600.0
-121.35,38.65,20.0,2498.0,546.0,1185.0,506.0,3,107900.0
-121.35,38.62,28.0,4175.0,796.0,2032.0,830.0,3,164000.0
-121.35,38.6,27.0,4314.0,611.0,1662.0,575.0,5,170100.0
-121.35,38.58,20.0,2992.0,378.0,1105.0,368.0,9,320200.0
-121.35,38.56,16.0,2629.0,491.0,1265.0,485.0,5,140200.0
-121.35,38.56,16.0,2278.0,370.0,1203.0,371.0,5,132400.0
-121.35,38.55,22.0,2607.0,411.0,1216.0,407.0,5,126900.0
-121.35,38.55,18.0,4481.0,780.0,2211.0,775.0,4,123300.0
-121.35,38.54,12.0,16239.0,3358.0,8656.0,3234.0,4,116300.0
-121.35,38.46,2.0,6992.0,1132.0,2816.0,984.0,4,144400.0
-121.35,38.09,32.0,1706.0,292.0,923.0,284.0,6,147200.0
-121.35,38.04,12.0,6217.0,1019.0,3771.0,961.0,4,146000.0
-121.35,38.03,8.0,1904.0,255.0,895.0,242.0,6,155700.0
-121.35,38.03,16.0,3158.0,515.0,1596.0,528.0,4,131300.0
-121.35,38.02,16.0,1665.0,311.0,1301.0,259.0,3,132300.0
-121.35,38.02,15.0,3583.0,644.0,2183.0,643.0,3,140700.0
-121.35,38.01,15.0,2682.0,599.0,1520.0,601.0,4,94400.0
-121.35,38.0,22.0,3564.0,730.0,1539.0,699.0,4,152400.0
-121.35,37.97,33.0,3656.0,681.0,1698.0,671.0,3,93900.0
-121.35,37.96,21.0,1343.0,183.0,462.0,193.0,6,189900.0
-121.36,38.73,21.0,2253.0,416.0,1050.0,411.0,3,220100.0
-121.36,38.67,5.0,5819.0,1507.0,3237.0,1356.0,2,116600.0
-121.36,38.67,17.0,2770.0,684.0,1471.0,624.0,2,82500.0
-121.36,38.66,22.0,2878.0,599.0,1362.0,541.0,3,96500.0
-121.36,38.66,14.0,756.0,141.0,424.0,155.0,4,116100.0
-121.36,38.64,24.0,6540.0,1008.0,2667.0,1031.0,6,175200.0
-121.36,38.63,30.0,2619.0,370.0,940.0,359.0,5,164500.0
-121.36,38.63,28.0,6119.0,985.0,2631.0,934.0,5,146400.0
-121.36,38.62,34.0,2447.0,503.0,1077.0,456.0,3,133000.0
-121.36,38.61,37.0,2191.0,394.0,951.0,362.0,4,159500.0
-121.36,38.61,35.0,2355.0,365.0,993.0,354.0,5,144100.0
-121.36,38.6,36.0,1275.0,227.0,530.0,245.0,4,133600.0
-121.36,38.6,35.0,1930.0,328.0,805.0,338.0,4,133000.0
-121.36,38.58,25.0,3196.0,406.0,978.0,419.0,8,344000.0
-121.36,38.57,26.0,1793.0,244.0,653.0,235.0,6,129500.0
-121.36,38.56,20.0,1232.0,332.0,667.0,288.0,2,32500.0
-121.36,38.55,33.0,1191.0,198.0,554.0,191.0,3,118800.0
-121.36,38.42,6.0,3254.0,465.0,1168.0,345.0,5,188400.0
-121.36,38.4,18.0,4813.0,849.0,2333.0,843.0,4,144400.0
-121.36,38.39,10.0,5121.0,763.0,2568.0,758.0,5,148100.0
-121.36,38.15,42.0,2051.0,334.0,878.0,318.0,4,185700.0
-121.36,38.04,9.0,2167.0,370.0,1290.0,351.0,5,148200.0
-121.36,38.04,4.0,2477.0,359.0,1234.0,377.0,6,162100.0
-121.36,38.03,7.0,3461.0,859.0,1518.0,741.0,4,78700.0
-121.36,38.03,14.0,2356.0,438.0,1378.0,481.0,4,138800.0
-121.36,38.02,5.0,2229.0,543.0,1010.0,474.0,4,206100.0
-121.36,38.01,16.0,926.0,230.0,451.0,198.0,4,173300.0
-121.36,38.01,16.0,2178.0,667.0,1192.0,579.0,2,87100.0
-121.36,38.01,16.0,1080.0,166.0,507.0,182.0,5,166900.0
-121.36,38.0,17.0,4535.0,762.0,1562.0,743.0,5,225800.0
-121.36,37.99,8.0,1801.0,380.0,684.0,350.0,4,134900.0
-121.36,36.81,7.0,4609.0,741.0,1660.0,720.0,5,290500.0
-121.37,39.03,32.0,1158.0,244.0,598.0,227.0,3,65500.0
-121.37,38.7,26.0,2230.0,410.0,1155.0,377.0,3,88200.0
-121.37,38.7,18.0,3938.0,649.0,1861.0,606.0,4,95000.0
-121.37,38.69,35.0,1851.0,327.0,1007.0,286.0,3,84000.0
-121.37,38.69,35.0,1093.0,192.0,590.0,190.0,3,80200.0
-121.37,38.69,29.0,2103.0,380.0,1124.0,387.0,3,87000.0
-121.37,38.68,35.0,1620.0,276.0,939.0,277.0,3,72900.0
-121.37,38.68,34.0,1086.0,187.0,663.0,190.0,3,84200.0
-121.37,38.68,29.0,3757.0,646.0,2022.0,611.0,4,88200.0
-121.37,38.67,36.0,1354.0,258.0,771.0,267.0,2,78800.0
-121.37,38.66,9.0,3184.0,779.0,1929.0,769.0,2,86000.0
-121.37,38.66,17.0,4866.0,1056.0,2371.0,1030.0,2,103300.0
-121.37,38.64,36.0,322.0,48.0,133.0,59.0,5,139300.0
-121.37,38.64,27.0,1672.0,299.0,757.0,282.0,4,159700.0
-121.37,38.63,37.0,494.0,86.0,253.0,99.0,5,141100.0
-121.37,38.63,32.0,3658.0,797.0,1452.0,715.0,3,120700.0
-121.37,38.63,30.0,5996.0,1018.0,2532.0,1049.0,5,151800.0
-121.37,38.62,43.0,1077.0,199.0,447.0,182.0,3,115600.0
-121.37,38.61,42.0,945.0,193.0,460.0,193.0,4,127100.0
-121.37,38.61,39.0,823.0,146.0,329.0,144.0,3,114100.0
-121.37,38.6,35.0,3137.0,544.0,1312.0,549.0,4,136800.0
-121.37,38.59,36.0,2523.0,401.0,927.0,398.0,4,207800.0
-121.37,38.59,36.0,2388.0,369.0,838.0,356.0,5,194100.0
-121.37,38.58,37.0,2839.0,390.0,1006.0,400.0,7,280400.0
-121.37,38.57,16.0,3895.0,896.0,1762.0,855.0,3,135800.0
-121.37,38.56,27.0,1827.0,509.0,852.0,450.0,2,52500.0
-121.37,38.56,18.0,2129.0,363.0,815.0,347.0,3,118000.0
-121.37,38.55,21.0,2713.0,432.0,1287.0,440.0,5,125500.0
-121.37,38.42,18.0,2643.0,502.0,1755.0,541.0,3,91200.0
-121.37,38.39,15.0,1883.0,254.0,893.0,256.0,6,143500.0
-121.37,38.01,15.0,2430.0,315.0,1016.0,314.0,10,242000.0
-121.37,37.77,19.0,2610.0,474.0,1290.0,452.0,4,222800.0
-121.37,37.06,25.0,474.0,92.0,300.0,104.0,4,340900.0
-121.37,36.89,21.0,2471.0,473.0,1753.0,451.0,4,293800.0
-121.37,36.84,11.0,1996.0,382.0,1023.0,358.0,4,243000.0
-121.38,38.71,7.0,4842.0,935.0,2857.0,907.0,4,133000.0
-121.38,38.7,25.0,3919.0,764.0,2203.0,783.0,2,89500.0
-121.38,38.69,35.0,2943.0,554.0,1460.0,510.0,3,84400.0
-121.38,38.68,40.0,67.0,17.0,50.0,32.0,2,93800.0
-121.38,38.68,35.0,1643.0,298.0,831.0,305.0,4,84200.0
-121.38,38.68,35.0,1565.0,290.0,861.0,277.0,2,77000.0
-121.38,38.67,38.0,1001.0,228.0,597.0,226.0,2,73400.0
-121.38,38.67,37.0,2176.0,460.0,1067.0,357.0,2,78400.0
-121.38,38.66,17.0,3778.0,939.0,2393.0,862.0,2,100500.0
-121.38,38.65,34.0,825.0,173.0,355.0,130.0,3,109500.0
-121.38,38.62,41.0,774.0,144.0,356.0,150.0,4,115300.0
-121.38,38.62,34.0,2352.0,610.0,1127.0,592.0,2,116500.0
-121.38,38.61,34.0,2888.0,496.0,1168.0,479.0,4,148600.0
-121.38,38.61,27.0,2375.0,537.0,863.0,452.0,3,126900.0
-121.38,38.6,36.0,1249.0,159.0,362.0,143.0,7,446400.0
-121.38,38.59,38.0,1839.0,287.0,685.0,276.0,5,189400.0
-121.38,38.59,36.0,2253.0,434.0,1018.0,426.0,3,98700.0
-121.38,38.58,38.0,2968.0,475.0,1176.0,454.0,5,191700.0
-121.38,38.55,26.0,1532.0,264.0,781.0,285.0,5,130900.0
-121.38,38.55,23.0,2790.0,430.0,1407.0,460.0,4,133700.0
-121.38,38.49,11.0,8537.0,1643.0,4224.0,1648.0,3,108900.0
-121.38,38.47,4.0,14418.0,2282.0,6578.0,2140.0,5,145900.0
-121.38,38.41,7.0,6091.0,921.0,2916.0,886.0,5,150400.0
-121.38,38.41,10.0,3425.0,629.0,1538.0,587.0,4,138700.0
-121.38,36.85,13.0,4115.0,782.0,2903.0,747.0,4,192400.0
-121.38,36.84,6.0,3769.0,669.0,2061.0,648.0,4,217600.0
-121.38,36.84,17.0,2625.0,512.0,1487.0,481.0,4,221200.0
-121.39,39.61,22.0,2828.0,610.0,986.0,391.0,3,94700.0
-121.39,39.39,52.0,189.0,34.0,121.0,37.0,3,60000.0
-121.39,39.12,28.0,10035.0,1856.0,6912.0,1818.0,2,108300.0
-121.39,38.85,19.0,3568.0,646.0,1714.0,590.0,4,162700.0
-121.39,38.69,38.0,300.0,47.0,154.0,51.0,4,108300.0
-121.39,38.69,30.0,2897.0,506.0,1508.0,478.0,4,88400.0
-121.39,38.67,35.0,562.0,174.0,240.0,106.0,1,112500.0
-121.39,38.64,33.0,1503.0,282.0,652.0,229.0,4,99300.0
-121.39,38.63,34.0,1226.0,180.0,359.0,167.0,4,150400.0
-121.39,38.63,30.0,2930.0,739.0,1661.0,668.0,3,118900.0
-121.39,38.62,45.0,2696.0,624.0,1059.0,582.0,2,160900.0
-121.39,38.62,27.0,5693.0,1487.0,2334.0,1387.0,2,170500.0
-121.39,38.61,36.0,2396.0,536.0,1225.0,515.0,3,136600.0
-121.39,38.59,34.0,1151.0,234.0,563.0,251.0,3,113600.0
-121.39,38.59,33.0,2091.0,468.0,1053.0,470.0,2,108100.0
-121.39,38.58,41.0,2577.0,365.0,913.0,339.0,6,448300.0
-121.39,38.58,36.0,2019.0,369.0,878.0,356.0,3,93400.0
-121.39,38.57,33.0,2648.0,357.0,863.0,359.0,8,338700.0
-121.39,38.56,19.0,8507.0,1470.0,3517.0,1453.0,4,137400.0
-121.39,38.55,25.0,2171.0,431.0,1053.0,422.0,4,126200.0
-121.39,38.55,18.0,1734.0,467.0,783.0,447.0,2,154300.0
-121.39,38.51,19.0,1808.0,375.0,758.0,320.0,2,92000.0
-121.39,38.43,3.0,2696.0,384.0,990.0,316.0,5,237600.0
-121.39,36.16,28.0,1057.0,249.0,288.0,130.0,3,146900.0
-121.4,39.33,15.0,2655.0,493.0,1200.0,432.0,4,107200.0
-121.4,38.71,15.0,4680.0,758.0,2626.0,729.0,4,107000.0
-121.4,38.63,31.0,1540.0,452.0,1079.0,444.0,2,98700.0
-121.4,38.63,30.0,3626.0,834.0,1577.0,806.0,3,130400.0
-121.4,38.62,28.0,3671.0,886.0,1733.0,820.0,2,113200.0
-121.4,38.61,33.0,3512.0,825.0,1515.0,782.0,2,118800.0
-121.4,38.59,18.0,2614.0,624.0,1181.0,616.0,2,156800.0
-121.4,38.57,25.0,2022.0,295.0,639.0,278.0,6,297600.0
-121.4,38.56,22.0,2623.0,357.0,838.0,368.0,7,327800.0
-121.4,38.55,26.0,2697.0,398.0,1088.0,389.0,5,142500.0
-121.4,38.55,19.0,2497.0,494.0,748.0,442.0,3,142400.0
-121.4,38.53,38.0,152.0,30.0,65.0,35.0,1,67500.0
-121.4,38.49,12.0,7290.0,1283.0,3960.0,1248.0,4,106300.0
-121.4,38.47,4.0,20982.0,3392.0,10329.0,3086.0,4,130600.0
-121.4,37.74,20.0,2706.0,477.0,1236.0,474.0,4,322400.0
-121.4,36.86,36.0,1256.0,270.0,910.0,255.0,2,145400.0
-121.4,36.85,50.0,2666.0,613.0,1768.0,555.0,3,157300.0
-121.4,36.84,52.0,1860.0,400.0,1215.0,367.0,3,136500.0
-121.4,36.84,40.0,2352.0,536.0,1430.0,535.0,3,155300.0
-121.4,36.83,11.0,3701.0,739.0,1749.0,654.0,3,207900.0
-121.41,40.82,16.0,2668.0,516.0,915.0,362.0,2,90300.0
-121.41,39.72,17.0,1583.0,331.0,730.0,306.0,2,87500.0
-121.41,39.04,16.0,1698.0,300.0,731.0,291.0,3,87200.0
-121.41,38.69,28.0,1601.0,308.0,848.0,305.0,4,105200.0
-121.41,38.64,41.0,1578.0,317.0,897.0,333.0,2,66800.0
-121.41,38.64,38.0,1384.0,287.0,682.0,280.0,2,64400.0
-121.41,38.62,21.0,3260.0,763.0,1735.0,736.0,3,97500.0
-121.41,38.61,36.0,3099.0,605.0,1322.0,623.0,3,105500.0
-121.41,38.59,18.0,5527.0,1446.0,2883.0,1305.0,3,114500.0
-121.41,38.59,17.0,12355.0,3630.0,5692.0,3073.0,3,99100.0
-121.41,38.58,18.0,6955.0,1882.0,2803.0,1740.0,3,141400.0
-121.41,38.57,16.0,4429.0,1124.0,1538.0,960.0,3,190700.0
-121.41,38.56,17.0,7228.0,1369.0,2455.0,1365.0,5,179500.0
-121.41,38.55,14.0,2534.0,705.0,1495.0,583.0,2,156300.0
-121.41,38.53,35.0,2061.0,371.0,1110.0,342.0,3,79000.0
-121.41,38.52,25.0,3087.0,720.0,2529.0,708.0,2,66800.0
-121.41,38.34,24.0,1605.0,277.0,1966.0,250.0,3,162500.0
-121.41,36.85,11.0,1708.0,394.0,1474.0,372.0,3,145900.0
-121.41,36.84,23.0,1771.0,356.0,1105.0,338.0,4,192200.0
-121.42,38.7,10.0,2562.0,460.0,1478.0,433.0,4,96200.0
-121.42,38.68,32.0,2118.0,345.0,1019.0,338.0,4,112200.0
-121.42,38.65,21.0,2274.0,495.0,1157.0,445.0,2,49800.0
-121.42,38.64,44.0,1728.0,367.0,1042.0,349.0,2,58500.0
-121.42,38.64,42.0,1720.0,382.0,1069.0,362.0,2,60500.0
-121.42,38.63,42.0,2217.0,536.0,1203.0,507.0,2,73100.0
-121.42,38.63,42.0,1385.0,273.0,740.0,274.0,3,78000.0
-121.42,38.62,41.0,1087.0,272.0,462.0,219.0,2,64900.0
-121.42,38.62,33.0,3171.0,832.0,1591.0,695.0,2,88600.0
-121.42,38.61,34.0,1126.0,256.0,589.0,243.0,2,84400.0
-121.42,38.6,36.0,1327.0,209.0,613.0,230.0,4,111400.0
-121.42,38.6,35.0,1166.0,193.0,574.0,190.0,2,102800.0
-121.42,38.6,23.0,3713.0,1078.0,2194.0,1018.0,2,89600.0
-121.42,38.57,38.0,1878.0,338.0,710.0,342.0,4,161400.0
-121.42,38.56,21.0,2066.0,748.0,2548.0,734.0,1,55000.0
-121.42,38.55,35.0,182.0,39.0,115.0,43.0,3,98900.0
-121.42,38.54,29.0,1407.0,265.0,556.0,235.0,3,108000.0
-121.42,38.54,18.0,2525.0,501.0,1726.0,468.0,2,87600.0
-121.42,38.53,37.0,1958.0,367.0,1171.0,366.0,3,71200.0
-121.42,38.53,36.0,1581.0,288.0,832.0,291.0,3,71800.0
-121.42,38.52,32.0,2828.0,556.0,1655.0,485.0,3,72600.0
-121.42,38.51,21.0,3249.0,666.0,2611.0,663.0,2,87800.0
-121.42,38.48,13.0,7880.0,1992.0,4749.0,1882.0,2,116000.0
-121.42,38.47,11.0,5665.0,1507.0,3422.0,1299.0,2,97800.0
-121.42,38.22,35.0,1507.0,313.0,868.0,283.0,2,96300.0
-121.42,37.76,18.0,5501.0,1051.0,2964.0,1009.0,4,162100.0
-121.42,37.75,33.0,1999.0,368.0,1061.0,390.0,4,121400.0
-121.42,37.75,33.0,1329.0,266.0,683.0,233.0,4,128700.0
-121.42,37.74,45.0,818.0,144.0,340.0,138.0,5,133500.0
-121.42,37.74,38.0,773.0,147.0,320.0,134.0,3,152500.0
-121.42,37.73,2.0,2682.0,393.0,883.0,271.0,6,196700.0
-121.42,37.71,7.0,8297.0,1433.0,4189.0,1271.0,4,170700.0
-121.42,36.85,7.0,1626.0,325.0,677.0,304.0,2,170800.0
-121.43,39.18,36.0,1124.0,184.0,504.0,171.0,2,93800.0
-121.43,38.69,28.0,927.0,165.0,542.0,148.0,2,96200.0
-121.43,38.66,35.0,1814.0,367.0,1076.0,372.0,3,81100.0
-121.43,38.65,18.0,909.0,198.0,661.0,176.0,3,77400.0
-121.43,38.62,36.0,1765.0,438.0,1008.0,382.0,2,73000.0
-121.43,38.61,40.0,1134.0,252.0,675.0,249.0,1,65200.0
-121.43,38.61,33.0,2289.0,576.0,1100.0,503.0,2,95700.0
-121.43,38.57,46.0,2443.0,476.0,939.0,457.0,4,142000.0
-121.43,38.57,38.0,2507.0,446.0,888.0,448.0,4,163700.0
-121.43,38.56,46.0,1316.0,244.0,452.0,245.0,3,137800.0
-121.43,38.56,41.0,1105.0,227.0,443.0,210.0,3,131700.0
-121.43,38.55,44.0,3514.0,714.0,1509.0,656.0,3,100100.0
-121.43,38.54,44.0,1879.0,359.0,791.0,345.0,3,101500.0
-121.43,38.54,42.0,3321.0,688.0,1346.0,658.0,2,101300.0
-121.43,38.53,36.0,2430.0,426.0,1199.0,437.0,3,81900.0
-121.43,38.53,36.0,1488.0,294.0,846.0,279.0,3,82700.0
-121.43,38.52,43.0,2089.0,399.0,955.0,385.0,3,72100.0
-121.43,38.52,30.0,3657.0,945.0,2925.0,899.0,1,78300.0
-121.43,38.48,12.0,4602.0,930.0,2299.0,860.0,3,90500.0
-121.43,38.47,21.0,1787.0,291.0,988.0,301.0,4,96200.0
-121.43,38.46,18.0,1378.0,235.0,818.0,262.0,4,100300.0
-121.43,37.78,24.0,807.0,174.0,585.0,166.0,3,163500.0
-121.43,37.76,7.0,2125.0,508.0,1358.0,464.0,4,147600.0
-121.43,37.75,42.0,1207.0,278.0,699.0,279.0,3,117600.0
-121.43,37.75,41.0,1717.0,325.0,855.0,303.0,3,127300.0
-121.43,37.75,34.0,1280.0,268.0,754.0,294.0,3,132000.0
-121.43,37.75,30.0,1912.0,451.0,1065.0,388.0,2,125000.0
-121.43,37.74,52.0,994.0,258.0,623.0,264.0,2,111500.0
-121.43,37.74,52.0,966.0,247.0,589.0,228.0,2,108300.0
-121.43,37.74,52.0,876.0,170.0,426.0,179.0,3,119800.0
-121.43,37.74,40.0,859.0,196.0,427.0,176.0,4,110400.0
-121.43,37.73,40.0,1718.0,391.0,1312.0,388.0,3,134700.0
-121.43,36.5,14.0,1835.0,468.0,1867.0,461.0,2,129800.0
-121.44,39.5,26.0,1652.0,325.0,790.0,292.0,3,90800.0
-121.44,39.0,20.0,755.0,147.0,457.0,157.0,2,67000.0
-121.44,38.71,25.0,2336.0,406.0,1172.0,408.0,4,101200.0
-121.44,38.69,24.0,3124.0,556.0,1512.0,555.0,3,94900.0
-121.44,38.65,28.0,1219.0,240.0,559.0,212.0,4,122200.0
-121.44,38.64,25.0,1678.0,367.0,971.0,307.0,1,62100.0
-121.44,38.64,18.0,1756.0,442.0,837.0,320.0,1,70500.0
-121.44,38.63,38.0,1673.0,399.0,1116.0,382.0,1,62200.0
-121.44,38.63,38.0,1402.0,370.0,970.0,382.0,2,71000.0
-121.44,38.63,33.0,1077.0,271.0,753.0,236.0,1,55900.0
-121.44,38.62,37.0,3009.0,733.0,1513.0,588.0,1,61000.0
-121.44,38.62,37.0,1607.0,385.0,972.0,354.0,2,64700.0
-121.44,38.61,41.0,1404.0,313.0,765.0,330.0,2,63300.0
-121.44,38.61,33.0,1591.0,466.0,1000.0,418.0,1,70100.0
-121.44,38.6,16.0,2987.0,864.0,1240.0,755.0,3,137500.0
-121.44,38.58,43.0,1806.0,339.0,764.0,341.0,4,147100.0
-121.44,38.58,42.0,2334.0,435.0,892.0,446.0,3,148800.0
-121.44,38.57,52.0,3080.0,545.0,975.0,495.0,4,164500.0
-121.44,38.56,52.0,906.0,165.0,257.0,166.0,3,139400.0
-121.44,38.56,45.0,2423.0,466.0,873.0,438.0,4,131900.0
-121.44,38.55,46.0,1698.0,383.0,726.0,386.0,3,97000.0
-121.44,38.54,47.0,2518.0,501.0,1308.0,471.0,3,75700.0
-121.44,38.54,44.0,2570.0,509.0,1145.0,503.0,3,92400.0
-121.44,38.53,37.0,1951.0,432.0,1089.0,411.0,2,80600.0
-121.44,38.52,38.0,2080.0,388.0,995.0,380.0,3,76600.0
-121.44,38.51,27.0,7212.0,1606.0,4828.0,1549.0,2,82400.0
-121.44,38.5,27.0,2527.0,439.0,1089.0,415.0,4,96800.0
-121.44,38.5,20.0,2033.0,586.0,1281.0,521.0,1,97500.0
-121.44,38.49,31.0,4297.0,788.0,2083.0,771.0,3,109300.0
-121.44,38.47,16.0,1215.0,223.0,787.0,233.0,4,95900.0
-121.44,38.46,10.0,4446.0,897.0,2499.0,884.0,4,103600.0
-121.44,37.75,29.0,918.0,159.0,417.0,166.0,4,151300.0
-121.44,37.74,33.0,1875.0,363.0,970.0,381.0,4,141700.0
-121.44,37.74,25.0,456.0,116.0,370.0,106.0,3,112500.0
-121.44,37.73,7.0,8363.0,1314.0,3907.0,1068.0,5,208100.0
-121.44,37.7,5.0,1365.0,196.0,591.0,156.0,6,215100.0
-121.44,36.84,7.0,1644.0,338.0,1143.0,331.0,4,180400.0
-121.44,36.51,31.0,1636.0,380.0,1468.0,339.0,3,114700.0
-121.45,41.04,33.0,2029.0,378.0,936.0,343.0,3,77500.0
-121.45,39.26,15.0,2319.0,416.0,1047.0,385.0,3,115600.0
-121.45,38.7,24.0,2159.0,369.0,1141.0,355.0,4,90400.0
-121.45,38.69,32.0,2962.0,526.0,1542.0,521.0,2,89200.0
-121.45,38.65,5.0,2680.0,502.0,1885.0,498.0,3,110000.0
-121.45,38.64,23.0,1481.0,343.0,1079.0,315.0,2,60600.0
-121.45,38.63,28.0,1246.0,295.0,884.0,258.0,1,51700.0
-121.45,38.62,38.0,2419.0,605.0,1696.0,503.0,1,63100.0
-121.45,38.62,37.0,1534.0,315.0,1147.0,322.0,3,59800.0
-121.45,38.61,46.0,1758.0,511.0,1094.0,484.0,1,70000.0
-121.45,38.61,34.0,438.0,116.0,263.0,100.0,1,67500.0
-121.45,38.57,52.0,3994.0,635.0,1295.0,625.0,5,232500.0
-121.45,38.57,52.0,2006.0,412.0,825.0,384.0,3,236100.0
-121.45,38.57,48.0,1962.0,356.0,704.0,362.0,4,147900.0
-121.45,38.56,52.0,3420.0,555.0,1301.0,530.0,4,173800.0
-121.45,38.56,52.0,3170.0,476.0,1027.0,457.0,5,233800.0
-121.45,38.55,19.0,3374.0,808.0,1412.0,753.0,1,77600.0
-121.45,38.54,48.0,3421.0,734.0,1441.0,727.0,2,86600.0
-121.45,38.54,47.0,1159.0,250.0,810.0,244.0,3,56000.0
-121.45,38.54,41.0,1278.0,308.0,839.0,280.0,1,58300.0
-121.45,38.53,38.0,1746.0,388.0,1142.0,315.0,2,69900.0
-121.45,38.53,34.0,1893.0,415.0,884.0,395.0,2,75400.0
-121.45,38.53,34.0,1717.0,354.0,848.0,306.0,2,87000.0
-121.45,38.52,37.0,1705.0,325.0,827.0,326.0,3,71200.0
-121.45,38.52,37.0,1477.0,321.0,888.0,312.0,3,70300.0
-121.45,38.5,25.0,3033.0,665.0,1559.0,627.0,3,99500.0
-121.45,38.49,34.0,3573.0,662.0,1540.0,620.0,4,109800.0
-121.45,38.48,28.0,2780.0,510.0,1638.0,533.0,3,103100.0
-121.45,38.48,24.0,1766.0,340.0,1028.0,372.0,4,98700.0
-121.45,38.37,32.0,1441.0,261.0,629.0,249.0,4,137500.0
-121.45,37.75,15.0,3846.0,677.0,2360.0,635.0,5,164800.0
-121.45,37.72,2.0,2239.0,321.0,766.0,219.0,6,240200.0
-121.45,36.86,11.0,1613.0,335.0,1617.0,342.0,3,146200.0
-121.45,36.51,29.0,1045.0,311.0,1245.0,273.0,2,112500.0
-121.46,39.4,17.0,3659.0,735.0,1970.0,667.0,2,96200.0
-121.46,38.69,11.0,3335.0,658.0,1963.0,622.0,3,96800.0
-121.46,38.68,35.0,1299.0,254.0,705.0,245.0,3,103000.0
-121.46,38.66,3.0,3438.0,603.0,1602.0,554.0,4,120500.0
-121.46,38.65,8.0,3746.0,767.0,2161.0,744.0,3,103400.0
-121.46,38.65,14.0,3167.0,551.0,1787.0,533.0,4,92600.0
-121.46,38.64,20.0,1517.0,323.0,1287.0,328.0,2,67000.0
-121.46,38.63,26.0,3185.0,658.0,2444.0,626.0,2,67600.0
-121.46,38.62,35.0,3326.0,696.0,2511.0,649.0,2,60900.0
-121.46,38.61,43.0,705.0,178.0,464.0,159.0,2,60900.0
-121.46,38.6,29.0,1978.0,538.0,823.0,490.0,2,135600.0
-121.46,38.58,52.0,4408.0,807.0,1604.0,777.0,4,181600.0
-121.46,38.58,40.0,1394.0,397.0,689.0,353.0,2,109800.0
-121.46,38.57,52.0,893.0,159.0,367.0,160.0,3,213200.0
-121.46,38.57,52.0,810.0,172.0,326.0,151.0,3,140000.0
-121.46,38.57,52.0,1917.0,367.0,722.0,358.0,3,158900.0
-121.46,38.56,52.0,1878.0,393.0,722.0,381.0,3,122800.0
-121.46,38.55,52.0,3126.0,648.0,1789.0,558.0,2,84100.0
-121.46,38.55,52.0,2094.0,463.0,1364.0,407.0,1,68500.0
-121.46,38.55,40.0,2077.0,435.0,1454.0,385.0,2,57000.0
-121.46,38.54,39.0,1453.0,324.0,843.0,281.0,2,63900.0
-121.46,38.54,36.0,1825.0,411.0,1226.0,391.0,2,55700.0
-121.46,38.53,37.0,2745.0,588.0,1607.0,556.0,2,65400.0
-121.46,38.52,34.0,1279.0,285.0,963.0,268.0,3,65600.0
-121.46,38.52,29.0,3873.0,797.0,2237.0,706.0,2,72100.0
-121.46,38.51,32.0,2437.0,592.0,1596.0,557.0,2,84100.0
-121.46,38.51,18.0,2123.0,606.0,1576.0,599.0,2,110000.0
-121.46,38.49,15.0,10211.0,1995.0,5656.0,1752.0,3,107900.0
-121.46,38.48,8.0,3593.0,659.0,1710.0,530.0,4,93100.0
-121.46,37.73,20.0,2039.0,373.0,862.0,330.0,5,222900.0
-121.47,41.12,22.0,2737.0,512.0,1168.0,442.0,3,88700.0
-121.47,39.51,19.0,3720.0,636.0,1304.0,607.0,3,97500.0
-121.47,39.01,37.0,1244.0,247.0,484.0,157.0,2,77500.0
-121.47,38.95,34.0,2129.0,350.0,969.0,314.0,3,106300.0
-121.47,38.72,26.0,1708.0,299.0,911.0,290.0,4,99800.0
-121.47,38.68,19.0,946.0,182.0,474.0,173.0,5,97300.0
-121.47,38.63,29.0,2197.0,520.0,1374.0,483.0,2,69300.0
-121.47,38.61,31.0,1072.0,279.0,781.0,281.0,2,65800.0
-121.47,38.58,52.0,2035.0,483.0,904.0,459.0,3,109300.0
-121.47,38.58,44.0,2092.0,555.0,878.0,528.0,2,115100.0
-121.47,38.57,52.0,438.0,103.0,176.0,99.0,3,200000.0
-121.47,38.57,50.0,3233.0,968.0,1223.0,837.0,1,168100.0
-121.47,38.57,39.0,1360.0,368.0,589.0,338.0,2,150000.0
-121.47,38.56,52.0,889.0,162.0,273.0,145.0,3,85600.0
-121.47,38.56,52.0,1532.0,408.0,782.0,369.0,2,85900.0
-121.47,38.56,44.0,1986.0,573.0,1044.0,490.0,2,88100.0
-121.47,38.55,52.0,1384.0,295.0,561.0,244.0,2,94600.0
-121.47,38.55,48.0,968.0,310.0,706.0,274.0,1,65400.0
-121.47,38.55,48.0,1091.0,403.0,926.0,336.0,1,65400.0
-121.47,38.55,29.0,1303.0,308.0,861.0,263.0,1,55800.0
-121.47,38.55,24.0,979.0,287.0,546.0,291.0,1,67000.0
-121.47,38.54,47.0,2085.0,464.0,1346.0,402.0,1,56700.0
-121.47,38.54,36.0,2099.0,510.0,1845.0,483.0,1,52500.0
-121.47,38.53,44.0,543.0,146.0,506.0,125.0,1,65400.0
-121.47,38.53,43.0,3215.0,725.0,2400.0,625.0,1,54400.0
-121.47,38.52,26.0,2177.0,638.0,1971.0,560.0,1,66800.0
-121.47,38.51,52.0,20.0,4.0,74.0,9.0,4,80000.0
-121.47,38.5,17.0,1895.0,424.0,620.0,417.0,2,137500.0
-121.47,38.49,17.0,3595.0,790.0,2760.0,770.0,2,78800.0
-121.47,38.48,24.0,2359.0,462.0,2048.0,476.0,3,67300.0
-121.47,38.13,13.0,3192.0,715.0,1768.0,626.0,2,123500.0
-121.47,36.92,27.0,2049.0,417.0,1230.0,336.0,5,265900.0
-121.48,39.05,40.0,198.0,41.0,151.0,48.0,5,100000.0
-121.48,38.62,23.0,7709.0,1279.0,4147.0,1262.0,4,96600.0
-121.48,38.61,18.0,1511.0,315.0,1062.0,304.0,2,89400.0
-121.48,38.59,52.0,1186.0,341.0,1038.0,320.0,2,70500.0
-121.48,38.59,43.0,987.0,240.0,1253.0,237.0,1,82100.0
-121.48,38.58,52.0,576.0,146.0,273.0,127.0,2,94300.0
-121.48,38.58,52.0,2501.0,757.0,1081.0,708.0,2,157500.0
-121.48,38.58,48.0,2434.0,744.0,1281.0,662.0,2,140600.0
-121.48,38.58,42.0,1823.0,566.0,761.0,503.0,1,137500.0
-121.48,38.57,52.0,567.0,193.0,272.0,187.0,2,187500.0
-121.48,38.57,47.0,2438.0,804.0,1148.0,747.0,1,141700.0
-121.48,38.57,38.0,2809.0,805.0,1243.0,785.0,2,114100.0
-121.48,38.57,38.0,1145.0,324.0,596.0,288.0,2,114300.0
-121.48,38.56,52.0,814.0,216.0,327.0,181.0,3,125000.0
-121.48,38.56,50.0,1587.0,448.0,877.0,380.0,2,94300.0
-121.48,38.56,46.0,1476.0,344.0,688.0,353.0,3,134700.0
-121.48,38.56,44.0,1151.0,263.0,518.0,258.0,2,113600.0
-121.48,38.55,52.0,2508.0,360.0,832.0,345.0,7,228700.0
-121.48,38.55,52.0,2216.0,333.0,714.0,327.0,5,191900.0
-121.48,38.55,52.0,2037.0,358.0,811.0,375.0,4,162500.0
-121.48,38.55,52.0,1684.0,309.0,675.0,296.0,4,175000.0
-121.48,38.54,41.0,3364.0,685.0,1841.0,626.0,2,73500.0
-121.48,38.53,43.0,1378.0,280.0,708.0,280.0,2,103900.0
-121.48,38.53,38.0,1451.0,315.0,786.0,340.0,2,101600.0
-121.48,38.53,37.0,1704.0,361.0,902.0,356.0,2,62300.0
-121.48,38.52,36.0,1824.0,357.0,906.0,356.0,3,96400.0
-121.48,38.52,34.0,2561.0,497.0,1583.0,530.0,3,95800.0
-121.48,38.51,24.0,979.0,201.0,723.0,205.0,3,72300.0
-121.48,38.5,23.0,2679.0,792.0,1740.0,659.0,1,70300.0
-121.48,38.49,26.0,3165.0,806.0,2447.0,752.0,2,78600.0
-121.48,38.46,8.0,10505.0,1777.0,6002.0,1694.0,4,121200.0
-121.48,37.77,19.0,2364.0,373.0,1264.0,390.0,5,274200.0
-121.48,36.49,28.0,1006.0,228.0,738.0,193.0,2,210700.0
-121.49,39.52,25.0,848.0,153.0,436.0,155.0,4,93800.0
-121.49,38.63,6.0,12197.0,2617.0,5634.0,2329.0,4,129300.0
-121.49,38.62,8.0,15309.0,2996.0,7463.0,2885.0,4,129700.0
-121.49,38.61,6.0,4391.0,974.0,1982.0,914.0,3,105300.0
-121.49,38.59,20.0,463.0,180.0,486.0,190.0,1,85000.0
-121.49,38.58,52.0,569.0,405.0,509.0,367.0,1,137500.0
-121.49,38.58,52.0,2151.0,664.0,1146.0,603.0,1,90300.0
-121.49,38.58,52.0,1000.0,324.0,456.0,250.0,1,168800.0
-121.49,38.57,38.0,2410.0,967.0,1091.0,829.0,1,87900.0
-121.49,38.56,52.0,1844.0,392.0,667.0,353.0,3,103500.0
-121.49,38.56,42.0,900.0,239.0,506.0,231.0,1,87500.0
-121.49,38.56,35.0,1521.0,457.0,987.0,455.0,2,86900.0
-121.49,38.55,52.0,2515.0,460.0,836.0,442.0,3,151100.0
-121.49,38.55,51.0,4280.0,632.0,1486.0,621.0,5,224100.0
-121.49,38.54,47.0,2313.0,536.0,779.0,442.0,3,123000.0
-121.49,38.54,37.0,1655.0,393.0,841.0,355.0,2,78400.0
-121.49,38.53,42.0,1468.0,281.0,571.0,271.0,3,124200.0
-121.49,38.53,40.0,2966.0,536.0,1225.0,505.0,3,130600.0
-121.49,38.52,37.0,1902.0,413.0,955.0,384.0,3,96800.0
-121.49,38.51,18.0,700.0,169.0,260.0,128.0,3,152900.0
-121.49,38.5,32.0,2364.0,439.0,1331.0,449.0,3,84500.0
-121.49,38.5,30.0,1715.0,271.0,842.0,263.0,3,87900.0
-121.49,38.49,26.0,4629.0,832.0,2902.0,816.0,3,74600.0
-121.49,38.49,26.0,1557.0,301.0,986.0,300.0,3,77700.0
-121.49,38.47,26.0,6121.0,1185.0,4224.0,1105.0,2,68000.0
-121.5,39.83,15.0,1896.0,408.0,893.0,334.0,2,87500.0
-121.5,38.63,6.0,693.0,143.0,276.0,151.0,3,117000.0
-121.5,38.62,8.0,16679.0,3457.0,7919.0,3329.0,4,134500.0
-121.5,38.59,43.0,88.0,21.0,119.0,19.0,2,67500.0
-121.5,38.58,5.0,761.0,306.0,2031.0,295.0,1,162500.0
-121.5,38.58,20.0,4018.0,1220.0,1570.0,1122.0,3,125000.0
-121.5,38.57,9.0,745.0,175.0,297.0,160.0,3,77500.0
-121.5,38.57,45.0,858.0,254.0,510.0,200.0,1,80000.0
-121.5,38.57,44.0,1375.0,351.0,766.0,321.0,2,87500.0
-121.5,38.56,46.0,2646.0,645.0,1684.0,616.0,1,123100.0
-121.5,38.55,52.0,2784.0,455.0,957.0,448.0,6,209800.0
-121.5,38.55,49.0,4094.0,634.0,1363.0,659.0,5,236800.0
-121.5,38.54,52.0,1145.0,133.0,334.0,138.0,8,405800.0
-121.5,38.54,44.0,1167.0,201.0,452.0,209.0,4,179800.0
-121.5,38.53,39.0,3184.0,593.0,1188.0,572.0,5,192000.0
-121.5,38.53,37.0,3642.0,684.0,1508.0,657.0,4,114300.0
-121.5,38.49,32.0,4013.0,725.0,2032.0,675.0,3,83400.0
-121.5,38.49,29.0,3606.0,690.0,2317.0,696.0,3,78200.0
-121.5,38.34,36.0,1212.0,255.0,569.0,256.0,2,72900.0
-121.51,39.97,22.0,1468.0,285.0,611.0,235.0,2,73000.0
-121.51,38.58,42.0,1822.0,636.0,1372.0,560.0,1,76000.0
-121.51,38.57,36.0,613.0,166.0,425.0,147.0,2,93800.0
-121.51,38.55,45.0,3032.0,631.0,1341.0,597.0,3,137900.0
-121.51,38.54,34.0,2815.0,479.0,1075.0,471.0,4,164800.0
-121.51,38.53,36.0,2603.0,408.0,966.0,419.0,5,216600.0
-121.51,38.53,34.0,1613.0,265.0,631.0,266.0,4,191900.0
-121.51,38.51,33.0,2918.0,439.0,1085.0,427.0,6,171300.0
-121.51,38.51,31.0,1595.0,217.0,542.0,236.0,7,251600.0
-121.51,38.5,25.0,4719.0,745.0,1857.0,739.0,5,180200.0
-121.51,38.49,21.0,4426.0,790.0,1856.0,761.0,4,158300.0
-121.51,38.26,52.0,910.0,212.0,429.0,212.0,2,52800.0
-121.51,37.02,19.0,2372.0,394.0,1142.0,365.0,4,374600.0
-121.51,36.86,36.0,1019.0,168.0,602.0,169.0,3,210000.0
-121.52,39.49,30.0,1217.0,238.0,677.0,233.0,3,63600.0
-121.52,39.48,21.0,2628.0,494.0,1364.0,468.0,2,59400.0
-121.52,39.43,15.0,2119.0,389.0,1079.0,374.0,2,80400.0
-121.52,39.12,37.0,102.0,17.0,29.0,14.0,4,72000.0
-121.52,38.9,32.0,1650.0,313.0,802.0,284.0,3,98200.0
-121.52,38.59,35.0,6418.0,1545.0,3814.0,1496.0,2,69100.0
-121.52,38.58,24.0,938.0,275.0,508.0,253.0,2,32500.0
-121.52,38.57,43.0,2360.0,471.0,1041.0,452.0,3,86200.0
-121.52,38.53,31.0,3089.0,585.0,1366.0,561.0,4,160300.0
-121.52,38.53,30.0,3377.0,623.0,1289.0,594.0,4,171200.0
-121.52,38.51,23.0,6876.0,1456.0,2942.0,1386.0,3,156900.0
-121.52,38.5,19.0,4900.0,805.0,2519.0,855.0,5,184400.0
-121.52,38.49,5.0,3344.0,800.0,1341.0,670.0,4,152800.0
-121.52,37.75,18.0,1544.0,272.0,825.0,286.0,4,327300.0
-121.53,39.53,35.0,1806.0,293.0,683.0,295.0,5,91200.0
-121.53,39.52,24.0,1028.0,185.0,471.0,186.0,3,86400.0
-121.53,39.49,19.0,1537.0,329.0,617.0,274.0,2,50300.0
-121.53,39.44,26.0,1340.0,255.0,662.0,239.0,3,57100.0
-121.53,39.19,27.0,2080.0,412.0,1082.0,382.0,3,98300.0
-121.53,39.08,15.0,1810.0,441.0,1157.0,375.0,2,55100.0
-121.53,38.61,5.0,8149.0,1913.0,2933.0,1616.0,4,178800.0
-121.53,38.58,35.0,1316.0,321.0,732.0,336.0,2,79200.0
-121.53,38.58,33.0,4988.0,1169.0,2414.0,1075.0,2,76400.0
-121.53,38.57,34.0,3395.0,592.0,1518.0,627.0,4,118500.0
-121.53,38.56,39.0,2438.0,483.0,1103.0,472.0,3,86600.0
-121.53,38.51,20.0,6132.0,1324.0,2595.0,1174.0,3,178900.0
-121.53,36.85,23.0,3359.0,725.0,1862.0,651.0,3,193600.0
-121.54,40.06,17.0,858.0,262.0,47.0,27.0,2,67500.0
-121.54,39.6,15.0,886.0,204.0,576.0,205.0,2,84100.0
-121.54,39.5,38.0,1438.0,310.0,779.0,275.0,1,39400.0
-121.54,39.48,29.0,2896.0,596.0,1809.0,617.0,2,53800.0
-121.54,39.47,14.0,1724.0,315.0,939.0,302.0,2,53900.0
-121.54,39.33,27.0,720.0,150.0,359.0,138.0,3,61300.0
-121.54,39.13,18.0,4289.0,1021.0,2707.0,939.0,1,59600.0
-121.54,39.12,17.0,4251.0,899.0,3265.0,934.0,2,65000.0
-121.54,39.08,26.0,2276.0,460.0,1455.0,474.0,2,58000.0
-121.54,38.59,40.0,2120.0,504.0,1304.0,464.0,2,67800.0
-121.54,38.59,29.0,2242.0,493.0,1481.0,478.0,2,74800.0
-121.54,38.58,30.0,4648.0,1252.0,2524.0,1089.0,1,74300.0
-121.54,38.54,36.0,1672.0,302.0,969.0,337.0,3,73100.0
-121.54,38.51,17.0,8482.0,1590.0,3362.0,1513.0,4,217900.0
-121.54,38.49,6.0,9104.0,1535.0,3759.0,1481.0,5,174500.0
-121.54,38.29,47.0,1396.0,254.0,630.0,218.0,3,92500.0
-121.54,36.7,12.0,6758.0,1241.0,3918.0,1100.0,4,201700.0
-121.55,39.51,48.0,827.0,198.0,396.0,161.0,1,58300.0
-121.55,39.51,39.0,1551.0,353.0,684.0,310.0,2,57600.0
-121.55,39.5,26.0,3215.0,827.0,2041.0,737.0,1,45100.0
-121.55,39.48,41.0,461.0,107.0,284.0,90.0,2,41800.0
-121.55,39.45,18.0,2278.0,523.0,1185.0,475.0,1,60600.0
-121.55,39.44,31.0,1434.0,283.0,811.0,289.0,2,49000.0
-121.55,39.1,27.0,1783.0,441.0,1163.0,409.0,1,47000.0
-121.55,39.06,25.0,1332.0,247.0,726.0,226.0,2,63400.0
-121.55,38.59,36.0,435.0,95.0,285.0,90.0,1,69600.0
-121.55,38.55,10.0,6227.0,1164.0,2909.0,1077.0,4,115900.0
-121.55,38.51,22.0,2403.0,431.0,1088.0,421.0,4,146900.0
-121.55,38.51,14.0,5490.0,851.0,2415.0,837.0,7,216800.0
-121.55,38.5,9.0,4868.0,738.0,2036.0,750.0,6,204600.0
-121.55,37.37,39.0,759.0,141.0,252.0,106.0,4,262500.0
-121.56,39.53,12.0,1733.0,421.0,1861.0,415.0,2,65200.0
-121.56,39.52,9.0,818.0,197.0,358.0,197.0,2,79500.0
-121.56,39.52,26.0,1957.0,429.0,945.0,397.0,2,53600.0
-121.56,39.51,47.0,1064.0,245.0,603.0,190.0,1,57900.0
-121.56,39.51,46.0,1885.0,385.0,871.0,347.0,2,53100.0
-121.56,39.27,28.0,2332.0,395.0,1041.0,344.0,4,116800.0
-121.56,39.16,35.0,2157.0,441.0,1009.0,409.0,2,63000.0
-121.56,39.16,12.0,3349.0,642.0,2029.0,619.0,3,88800.0
-121.56,39.13,17.0,2277.0,608.0,1607.0,562.0,2,69700.0
-121.56,39.11,18.0,2171.0,480.0,1527.0,447.0,2,57500.0
-121.56,39.1,28.0,2130.0,484.0,1195.0,439.0,1,45500.0
-121.56,39.08,26.0,1377.0,289.0,761.0,267.0,1,48300.0
-121.56,39.01,22.0,1891.0,340.0,1023.0,296.0,3,99100.0
-121.56,38.58,32.0,2070.0,561.0,2046.0,523.0,2,82300.0
-121.56,38.44,43.0,1485.0,270.0,653.0,251.0,3,141700.0
-121.56,37.08,17.0,6725.0,1051.0,3439.0,1027.0,6,393100.0
-121.57,39.8,23.0,790.0,137.0,365.0,152.0,2,115200.0
-121.57,39.78,18.0,2221.0,459.0,952.0,440.0,2,105700.0
-121.57,39.76,20.0,1384.0,257.0,557.0,232.0,2,104900.0
-121.57,39.74,17.0,1619.0,292.0,705.0,285.0,2,126100.0
-121.57,39.5,31.0,2023.0,469.0,1073.0,436.0,2,56100.0
-121.57,39.16,21.0,1872.0,302.0,870.0,301.0,4,84700.0
-121.57,39.16,18.0,1632.0,367.0,769.0,330.0,3,71700.0
-121.57,39.13,30.0,442.0,103.0,413.0,88.0,2,57900.0
-121.57,39.1,28.0,1442.0,333.0,832.0,286.0,2,62300.0
-121.57,38.19,36.0,1395.0,264.0,700.0,244.0,2,162500.0
-121.57,37.02,17.0,2889.0,624.0,2681.0,608.0,3,178000.0
-121.57,36.98,14.0,5231.0,817.0,2634.0,799.0,5,279800.0
-121.58,39.83,16.0,4591.0,904.0,1904.0,812.0,2,93200.0
-121.58,39.79,19.0,2636.0,523.0,1184.0,465.0,3,108600.0
-121.58,39.76,19.0,2487.0,485.0,1110.0,453.0,3,110200.0
-121.58,39.76,18.0,1676.0,332.0,733.0,318.0,2,103800.0
-121.58,39.52,25.0,2409.0,490.0,1384.0,479.0,2,58000.0
-121.58,39.51,24.0,1865.0,372.0,1087.0,385.0,2,56700.0
-121.58,39.5,29.0,1947.0,383.0,925.0,337.0,2,57600.0
-121.58,39.16,36.0,1206.0,197.0,537.0,204.0,3,79800.0
-121.58,39.15,34.0,1376.0,376.0,702.0,317.0,1,55500.0
-121.58,39.14,52.0,662.0,160.0,520.0,149.0,1,55000.0
-121.58,39.12,26.0,2796.0,629.0,2017.0,632.0,2,61200.0
-121.58,38.81,25.0,778.0,135.0,340.0,155.0,2,258300.0
-121.58,37.03,16.0,3120.0,685.0,2383.0,681.0,4,198600.0
-121.58,37.02,27.0,2303.0,471.0,1447.0,467.0,3,203600.0
-121.58,37.01,44.0,3192.0,565.0,1439.0,568.0,4,234000.0
-121.58,37.01,15.0,2873.0,547.0,1582.0,567.0,5,264700.0
-121.59,39.86,14.0,1527.0,269.0,665.0,261.0,3,119600.0
-121.59,39.82,12.0,1958.0,369.0,875.0,354.0,2,97600.0
-121.59,39.79,20.0,743.0,171.0,395.0,168.0,2,88300.0
-121.59,39.78,18.0,945.0,205.0,385.0,207.0,2,58000.0
-121.59,39.78,16.0,2754.0,570.0,1063.0,543.0,1,86500.0
-121.59,39.39,22.0,2515.0,482.0,1284.0,462.0,2,73800.0
-121.59,39.15,48.0,1783.0,399.0,938.0,374.0,2,58900.0
-121.59,39.14,41.0,1492.0,350.0,804.0,353.0,2,71300.0
-121.59,39.1,24.0,1107.0,261.0,768.0,205.0,2,48800.0
-121.59,38.69,32.0,541.0,82.0,229.0,98.0,8,383300.0
-121.59,37.19,52.0,220.0,32.0,55.0,26.0,15,131300.0
-121.59,37.02,14.0,6355.0,1279.0,3704.0,1224.0,4,228600.0
-121.59,37.01,16.0,6637.0,1171.0,3575.0,1162.0,4,251500.0
-121.59,36.97,16.0,865.0,123.0,403.0,130.0,6,308700.0
-121.59,36.55,34.0,737.0,140.0,362.0,138.0,5,270000.0
-121.6,39.83,12.0,3744.0,699.0,1532.0,660.0,2,95300.0
-121.6,39.8,10.0,1742.0,307.0,721.0,312.0,2,117900.0
-121.6,39.79,18.0,2672.0,533.0,1151.0,532.0,3,102900.0
-121.6,39.77,26.0,1503.0,343.0,699.0,296.0,2,84000.0
-121.6,39.77,23.0,2263.0,497.0,1138.0,455.0,2,87300.0
-121.6,39.76,22.0,2447.0,556.0,1157.0,556.0,2,85500.0
-121.6,39.75,19.0,2888.0,591.0,984.0,499.0,2,92600.0
-121.6,39.68,15.0,1677.0,345.0,844.0,330.0,2,111200.0
-121.6,39.15,19.0,1396.0,336.0,940.0,309.0,2,70300.0
-121.6,39.12,21.0,1299.0,338.0,1494.0,311.0,1,225000.0
-121.6,37.91,13.0,2479.0,394.0,1075.0,350.0,5,241400.0
-121.6,37.13,14.0,9483.0,1361.0,4108.0,1281.0,8,344500.0
-121.6,37.09,24.0,1511.0,318.0,1052.0,292.0,4,350000.0
-121.6,36.88,21.0,3416.0,624.0,1862.0,595.0,5,241500.0
-121.6,36.81,18.0,1575.0,230.0,751.0,219.0,5,286500.0
-121.61,39.77,25.0,1612.0,313.0,837.0,303.0,3,89500.0
-121.61,39.52,24.0,1610.0,324.0,909.0,323.0,2,59800.0
-121.61,39.14,44.0,2035.0,476.0,1030.0,453.0,1,65200.0
-121.61,39.13,21.0,1432.0,328.0,933.0,336.0,2,83800.0
-121.61,37.86,30.0,1428.0,287.0,989.0,287.0,4,154400.0
-121.61,37.77,32.0,404.0,74.0,144.0,58.0,4,125000.0
-121.61,37.06,21.0,5322.0,908.0,3011.0,895.0,6,386800.0
-121.61,37.03,5.0,6529.0,1010.0,3071.0,977.0,6,298500.0
-121.61,36.69,19.0,9899.0,2617.0,11272.0,2528.0,2,118500.0
-121.61,36.68,37.0,3149.0,833.0,3456.0,788.0,3,127600.0
-121.61,36.67,39.0,3260.0,821.0,3130.0,793.0,3,119200.0
-121.62,41.78,40.0,3272.0,663.0,1467.0,553.0,2,43500.0
-121.62,39.77,23.0,1759.0,366.0,788.0,359.0,2,93500.0
-121.62,39.75,20.0,1173.0,261.0,523.0,258.0,1,92800.0
-121.62,39.5,18.0,2105.0,416.0,974.0,385.0,2,63300.0
-121.62,39.16,7.0,4480.0,776.0,2271.0,767.0,4,110700.0
-121.62,39.16,16.0,2037.0,464.0,1267.0,451.0,2,97100.0
-121.62,39.15,36.0,2321.0,455.0,1168.0,489.0,3,74000.0
-121.62,39.15,23.0,1984.0,528.0,1043.0,452.0,2,65300.0
-121.62,39.14,41.0,2183.0,559.0,1202.0,506.0,2,61500.0
-121.62,39.13,41.0,1317.0,309.0,856.0,337.0,2,64100.0
-121.62,39.12,35.0,2787.0,587.0,1431.0,601.0,3,65900.0
-121.62,39.12,26.0,1405.0,204.0,627.0,215.0,4,94200.0
-121.62,39.11,5.0,2320.0,502.0,1245.0,489.0,3,97200.0
-121.62,39.11,11.0,3519.0,577.0,1459.0,549.0,4,123800.0
-121.62,39.09,21.0,2693.0,481.0,1337.0,435.0,4,99700.0
-121.62,38.96,36.0,1826.0,329.0,1068.0,318.0,2,118800.0
-121.62,37.61,26.0,1786.0,306.0,771.0,279.0,6,430600.0
-121.62,37.09,37.0,1593.0,303.0,1030.0,287.0,4,260700.0
-121.62,36.74,30.0,1337.0,253.0,838.0,247.0,5,165400.0
-121.62,36.71,24.0,4195.0,706.0,2200.0,647.0,4,177800.0
-121.62,36.69,12.0,512.0,144.0,767.0,149.0,2,72900.0
-121.62,36.69,11.0,4712.0,1098.0,5982.0,1105.0,3,135700.0
-121.62,36.68,43.0,2534.0,592.0,2448.0,603.0,2,130500.0
-121.62,36.67,45.0,1827.0,408.0,1507.0,410.0,3,129000.0
-121.62,36.67,31.0,2697.0,690.0,2220.0,665.0,3,135200.0
-121.62,36.63,52.0,1437.0,298.0,836.0,257.0,4,165500.0
-121.62,36.43,20.0,1335.0,290.0,717.0,243.0,5,230600.0
-121.62,36.14,25.0,726.0,274.0,411.0,214.0,3,450000.0
-121.63,40.92,23.0,1922.0,411.0,872.0,350.0,2,64500.0
-121.63,39.78,28.0,1677.0,327.0,770.0,309.0,3,93400.0
-121.63,39.76,22.0,2598.0,482.0,1151.0,490.0,3,109700.0
-121.63,39.75,37.0,1296.0,296.0,569.0,257.0,2,70500.0
-121.63,39.18,13.0,1907.0,347.0,821.0,367.0,2,134000.0
-121.63,39.16,7.0,1879.0,444.0,1065.0,410.0,2,103800.0
-121.63,39.15,27.0,336.0,60.0,195.0,68.0,5,71800.0
-121.63,39.15,27.0,2991.0,637.0,1419.0,606.0,2,73500.0
-121.63,39.15,16.0,1547.0,418.0,940.0,400.0,2,72500.0
-121.63,39.14,39.0,1874.0,411.0,822.0,377.0,3,68300.0
-121.63,39.13,26.0,2355.0,531.0,1047.0,497.0,2,79500.0
-121.63,39.12,34.0,1991.0,348.0,804.0,344.0,3,98800.0
-121.63,38.67,34.0,431.0,85.0,391.0,77.0,3,225000.0
-121.63,38.04,25.0,2019.0,411.0,888.0,326.0,3,183800.0
-121.63,38.03,17.0,2549.0,596.0,1169.0,500.0,4,209400.0
-121.63,37.12,17.0,1830.0,398.0,1110.0,388.0,2,248200.0
-121.63,37.1,14.0,5034.0,797.0,2124.0,790.0,5,335000.0
-121.63,36.71,19.0,5015.0,1013.0,3251.0,940.0,4,152900.0
-121.63,36.67,34.0,2486.0,560.0,2443.0,557.0,3,130400.0
-121.64,40.9,24.0,2237.0,434.0,834.0,318.0,2,90300.0
-121.64,39.74,20.0,1808.0,334.0,763.0,335.0,2,121800.0
-121.64,39.22,37.0,1189.0,248.0,627.0,219.0,4,100000.0
-121.64,39.12,13.0,6408.0,1087.0,3294.0,1106.0,4,110700.0
-121.64,39.11,18.0,3212.0,542.0,1817.0,508.0,3,92900.0
-121.64,37.85,22.0,1999.0,415.0,967.0,320.0,4,253900.0
-121.64,37.15,13.0,4780.0,798.0,2795.0,764.0,6,288100.0
-121.64,36.82,18.0,1819.0,283.0,919.0,295.0,4,222500.0
-121.64,36.74,30.0,2628.0,444.0,1372.0,432.0,4,175000.0
-121.64,36.72,17.0,4203.0,816.0,2900.0,827.0,4,159900.0
-121.64,36.7,32.0,4089.0,735.0,2927.0,713.0,4,142500.0
-121.64,36.68,16.0,6568.0,1603.0,6012.0,1565.0,2,156100.0
-121.64,36.67,28.0,256.0,66.0,214.0,60.0,3,137500.0
-121.64,36.66,24.0,3174.0,506.0,1466.0,535.0,5,248100.0
-121.65,40.88,15.0,2909.0,549.0,1537.0,522.0,3,61300.0
-121.65,39.76,31.0,1599.0,318.0,794.0,303.0,3,96700.0
-121.65,39.53,23.0,1387.0,325.0,640.0,289.0,1,65200.0
-121.65,39.35,24.0,1003.0,251.0,1098.0,227.0,2,86400.0
-121.65,39.32,40.0,812.0,154.0,374.0,142.0,3,73500.0
-121.65,39.16,16.0,5022.0,1103.0,2087.0,956.0,2,114800.0
-121.65,39.13,11.0,4833.0,944.0,2336.0,841.0,3,89100.0
-121.65,37.11,14.0,6006.0,914.0,2915.0,898.0,6,321700.0
-121.65,36.85,20.0,2606.0,424.0,1361.0,426.0,5,245100.0
-121.65,36.77,15.0,2191.0,358.0,1150.0,330.0,5,227500.0
-121.65,36.7,29.0,4964.0,1056.0,2773.0,1036.0,3,148100.0
-121.65,36.69,21.0,7884.0,2011.0,4907.0,1919.0,3,160300.0
-121.65,36.67,52.0,2351.0,459.0,1169.0,439.0,3,169600.0
-121.65,36.67,28.0,1926.0,556.0,1717.0,535.0,2,123200.0
-121.65,36.66,42.0,4261.0,840.0,2013.0,801.0,4,221000.0
-121.65,36.66,30.0,3745.0,767.0,1762.0,748.0,3,214200.0
-121.66,39.15,22.0,2144.0,376.0,1200.0,370.0,3,102400.0
-121.66,39.09,27.0,2098.0,372.0,1090.0,333.0,4,96200.0
-121.66,37.93,19.0,2055.0,358.0,1064.0,350.0,5,263100.0
-121.66,36.89,15.0,2608.0,458.0,1531.0,457.0,6,253500.0
-121.66,36.82,17.0,3921.0,654.0,1895.0,641.0,5,238700.0
-121.66,36.71,27.0,4131.0,886.0,2002.0,815.0,3,157500.0
-121.66,36.7,33.0,3252.0,630.0,2010.0,641.0,3,158100.0
-121.66,36.69,6.0,10613.0,2485.0,7249.0,2375.0,4,168900.0
-121.66,36.67,40.0,2878.0,592.0,1444.0,564.0,3,192300.0
-121.66,36.67,40.0,2497.0,520.0,1275.0,508.0,3,193100.0
-121.66,36.37,9.0,1580.0,287.0,465.0,208.0,6,405800.0
-121.67,40.89,17.0,2548.0,537.0,1118.0,461.0,2,57800.0
-121.67,40.61,8.0,2411.0,463.0,786.0,297.0,2,80400.0
-121.67,39.37,27.0,2599.0,502.0,1241.0,502.0,2,86300.0
-121.67,39.34,22.0,1217.0,224.0,537.0,187.0,3,84600.0
-121.67,39.26,29.0,3041.0,683.0,2106.0,687.0,2,58000.0
-121.67,39.18,26.0,2121.0,375.0,1125.0,366.0,3,94600.0
-121.67,39.14,22.0,2264.0,390.0,1056.0,403.0,4,112300.0
-121.67,38.85,46.0,645.0,131.0,410.0,122.0,2,110400.0
-121.67,38.54,13.0,6141.0,1019.0,2553.0,967.0,4,326500.0
-121.67,37.99,22.0,1046.0,195.0,527.0,164.0,4,213500.0
-121.67,36.93,22.0,569.0,132.0,542.0,125.0,2,187500.0
-121.67,36.68,38.0,5561.0,1292.0,3523.0,1253.0,3,168300.0
-121.67,36.67,24.0,3071.0,544.0,1477.0,560.0,4,222500.0
-121.67,36.66,19.0,9371.0,1980.0,4259.0,1882.0,4,189700.0
-121.68,39.82,15.0,3996.0,748.0,1786.0,728.0,4,141300.0
-121.68,39.29,29.0,1860.0,400.0,1137.0,365.0,2,61600.0
-121.68,39.13,17.0,1969.0,297.0,717.0,268.0,3,179700.0
-121.68,39.11,19.0,1366.0,220.0,596.0,203.0,4,141700.0
-121.68,37.98,19.0,3388.0,599.0,1707.0,575.0,4,162800.0
-121.68,37.0,19.0,3754.0,588.0,1692.0,550.0,7,412600.0
-121.68,36.72,12.0,19234.0,4492.0,12153.0,4372.0,3,152800.0
-121.69,39.36,29.0,2220.0,471.0,1170.0,428.0,2,56200.0
-121.69,38.87,38.0,412.0,93.0,304.0,95.0,3,86000.0
-121.69,38.16,46.0,2292.0,472.0,970.0,431.0,2,94900.0
-121.69,37.95,15.0,1850.0,441.0,1348.0,403.0,4,125400.0
-121.69,37.14,12.0,4077.0,590.0,1618.0,540.0,5,386200.0
-121.69,36.96,23.0,1229.0,254.0,687.0,232.0,5,305600.0
-121.69,36.81,18.0,2837.0,522.0,1454.0,458.0,5,221000.0
-121.69,36.8,19.0,2164.0,410.0,1309.0,426.0,3,185300.0
-121.69,36.52,15.0,4037.0,586.0,1596.0,557.0,8,390100.0
-121.7,39.37,32.0,1852.0,373.0,911.0,365.0,2,57000.0
-121.7,39.36,46.0,1210.0,243.0,523.0,242.0,2,63900.0
-121.7,39.36,37.0,2330.0,495.0,1505.0,470.0,2,56000.0
-121.7,38.65,22.0,1360.0,282.0,808.0,229.0,2,225000.0
-121.7,38.6,16.0,2372.0,588.0,1400.0,583.0,3,153600.0
-121.7,38.54,13.0,6819.0,1158.0,2828.0,1115.0,5,226500.0
-121.7,37.98,9.0,3079.0,519.0,1562.0,512.0,5,172900.0
-121.7,37.96,33.0,2396.0,452.0,1391.0,465.0,3,151400.0
-121.7,37.94,36.0,1710.0,320.0,861.0,300.0,3,131100.0
-121.7,37.93,19.0,2005.0,405.0,972.0,403.0,2,156700.0
-121.7,37.93,10.0,3258.0,612.0,1779.0,558.0,5,152500.0
-121.7,37.91,17.0,1962.0,291.0,825.0,267.0,5,187100.0
-121.7,37.2,15.0,531.0,154.0,469.0,155.0,5,385700.0
-121.7,36.84,19.0,2511.0,465.0,1551.0,450.0,5,231900.0
-121.7,36.77,21.0,2294.0,478.0,1306.0,430.0,3,227200.0
-121.7,36.67,37.0,641.0,129.0,458.0,142.0,3,252600.0
-121.7,36.6,19.0,3562.0,530.0,1607.0,505.0,5,283100.0
-121.7,36.48,19.0,2150.0,479.0,1052.0,428.0,4,288400.0
-121.71,39.42,21.0,1432.0,284.0,862.0,275.0,2,57600.0
-121.71,39.41,22.0,1814.0,342.0,941.0,323.0,2,59400.0
-121.71,38.72,32.0,710.0,155.0,550.0,154.0,3,151400.0
-121.71,38.56,20.0,8627.0,1516.0,4071.0,1466.0,4,164100.0
-121.71,37.99,27.0,3861.0,718.0,2085.0,707.0,3,129700.0
-121.71,36.9,16.0,1680.0,285.0,1103.0,275.0,5,253800.0
-121.71,36.88,19.0,2528.0,554.0,2332.0,492.0,4,177000.0
-121.71,36.78,19.0,2371.0,324.0,944.0,332.0,6,240200.0
-121.72,38.8,36.0,1069.0,228.0,567.0,190.0,2,78400.0
-121.72,38.54,16.0,2790.0,624.0,1386.0,636.0,3,194300.0
-121.72,38.0,7.0,7957.0,1314.0,4460.0,1293.0,5,156500.0
-121.72,37.98,5.0,7105.0,1143.0,3523.0,1088.0,5,168800.0
-121.72,37.7,17.0,1671.0,352.0,729.0,252.0,6,450000.0
-121.72,37.16,21.0,1062.0,179.0,631.0,185.0,5,394100.0
-121.73,38.56,30.0,3306.0,629.0,1623.0,648.0,3,145200.0
-121.73,38.54,18.0,974.0,317.0,521.0,317.0,1,137500.0
-121.73,38.13,40.0,1266.0,257.0,547.0,247.0,3,164400.0
-121.73,38.0,3.0,9217.0,1522.0,3578.0,1272.0,5,189100.0
-121.73,37.71,12.0,5608.0,1049.0,2595.0,1067.0,4,200200.0
-121.73,36.93,29.0,2931.0,535.0,1954.0,506.0,3,224700.0
-121.73,36.9,23.0,2392.0,721.0,3074.0,718.0,3,136900.0
-121.73,36.86,28.0,827.0,178.0,703.0,144.0,4,175700.0
-121.73,36.5,27.0,3184.0,520.0,1121.0,493.0,6,377000.0
-121.74,39.59,24.0,1535.0,279.0,726.0,272.0,2,95100.0
-121.74,39.38,27.0,2596.0,435.0,1100.0,409.0,2,85500.0
-121.74,39.15,20.0,2302.0,412.0,1205.0,399.0,3,71200.0
-121.74,38.56,18.0,3960.0,1151.0,2248.0,1144.0,2,179100.0
-121.74,38.15,22.0,1910.0,326.0,1001.0,345.0,5,115800.0
-121.74,37.95,5.0,4980.0,774.0,2399.0,763.0,6,186300.0
-121.74,37.35,34.0,440.0,90.0,217.0,93.0,5,500001.0
-121.74,37.3,12.0,1961.0,280.0,985.0,269.0,7,362700.0
-121.74,37.29,6.0,7292.0,1295.0,2468.0,1262.0,6,294700.0
-121.74,36.92,29.0,1210.0,281.0,863.0,262.0,3,156000.0
-121.74,36.92,17.0,2648.0,589.0,1193.0,540.0,2,151700.0
-121.74,36.92,14.0,3355.0,695.0,1350.0,697.0,3,164600.0
-121.74,36.79,16.0,3841.0,620.0,1799.0,611.0,4,245300.0
-121.74,36.49,33.0,2952.0,565.0,1264.0,517.0,4,274600.0
-121.74,36.47,28.0,1973.0,343.0,970.0,349.0,4,279100.0
-121.75,39.88,16.0,2867.0,559.0,1203.0,449.0,3,95300.0
-121.75,39.4,29.0,1687.0,327.0,864.0,334.0,2,81900.0
-121.75,38.67,9.0,12139.0,2640.0,6837.0,2358.0,3,132500.0
-121.75,38.55,33.0,2479.0,382.0,979.0,377.0,5,236200.0
-121.75,38.55,26.0,4802.0,950.0,2199.0,939.0,4,227700.0
-121.75,37.71,11.0,12070.0,2220.0,5826.0,2125.0,5,192400.0
-121.75,37.68,35.0,1755.0,299.0,702.0,263.0,5,183400.0
-121.75,37.35,18.0,1947.0,250.0,605.0,184.0,8,500001.0
-121.75,37.3,23.0,1801.0,415.0,548.0,393.0,3,133700.0
-121.75,37.29,15.0,1486.0,310.0,455.0,296.0,4,221000.0
-121.75,37.11,18.0,3167.0,478.0,1414.0,482.0,7,467700.0
-121.75,36.96,19.0,3461.0,634.0,2790.0,607.0,5,190800.0
-121.75,36.95,27.0,1580.0,303.0,1066.0,306.0,5,202700.0
-121.75,36.93,24.0,4026.0,881.0,2264.0,863.0,3,218100.0
-121.75,36.92,46.0,1362.0,321.0,1068.0,305.0,2,177800.0
-121.75,36.91,52.0,1211.0,447.0,1102.0,392.0,2,161400.0
-121.75,36.91,32.0,1461.0,422.0,1494.0,416.0,3,173200.0
-121.75,36.77,25.0,1851.0,418.0,1678.0,390.0,3,135300.0
-121.75,36.76,32.0,1740.0,399.0,1563.0,389.0,3,132400.0
-121.76,41.5,31.0,602.0,153.0,112.0,47.0,1,34200.0
-121.76,38.94,48.0,540.0,110.0,234.0,74.0,4,67500.0
-121.76,38.68,38.0,674.0,178.0,701.0,189.0,1,69400.0
-121.76,38.66,17.0,5320.0,984.0,2866.0,928.0,4,133400.0
-121.76,38.57,11.0,15018.0,3008.0,7984.0,2962.0,3,201800.0
-121.76,38.55,23.0,8800.0,1857.0,6330.0,1832.0,2,219400.0
-121.76,37.7,9.0,3980.0,736.0,1705.0,679.0,6,256700.0
-121.76,37.68,52.0,2157.0,418.0,929.0,419.0,4,204400.0
-121.76,37.68,35.0,1864.0,357.0,1189.0,349.0,4,177500.0
-121.76,37.68,32.0,1078.0,207.0,555.0,197.0,3,186900.0
-121.76,37.67,6.0,3023.0,518.0,1225.0,468.0,6,350000.0
-121.76,37.33,5.0,4153.0,719.0,2435.0,697.0,6,286200.0
-121.76,37.3,6.0,3526.0,559.0,1378.0,491.0,6,335500.0
-121.76,37.29,15.0,2267.0,348.0,1150.0,327.0,7,277900.0
-121.76,37.28,17.0,660.0,129.0,431.0,123.0,5,241000.0
-121.76,37.26,17.0,250.0,52.0,141.0,51.0,5,500001.0
-121.76,37.23,16.0,4274.0,715.0,2240.0,704.0,5,233900.0
-121.76,37.0,21.0,1416.0,269.0,779.0,200.0,3,279800.0
-121.76,36.92,46.0,947.0,257.0,1120.0,264.0,3,160700.0
-121.76,36.92,36.0,2096.0,409.0,1454.0,394.0,3,238300.0
-121.76,36.92,20.0,2687.0,637.0,2154.0,610.0,3,169700.0
-121.76,36.91,23.0,1276.0,437.0,1359.0,376.0,2,155000.0
-121.76,36.83,28.0,1445.0,268.0,1017.0,284.0,4,211000.0
-121.76,36.77,27.0,1608.0,503.0,2031.0,498.0,2,121000.0
-121.77,39.66,20.0,3759.0,609.0,1705.0,600.0,5,158600.0
-121.77,38.76,32.0,1950.0,385.0,1145.0,363.0,3,87900.0
-121.77,38.69,47.0,1697.0,318.0,775.0,276.0,3,123100.0
-121.77,38.68,43.0,2559.0,598.0,1820.0,591.0,2,107900.0
-121.77,38.67,45.0,2438.0,462.0,1415.0,510.0,3,107200.0
-121.77,38.67,42.0,2670.0,518.0,1548.0,534.0,2,108900.0
-121.77,38.01,13.0,2983.0,534.0,1417.0,510.0,4,168100.0
-121.77,37.99,4.0,5623.0,780.0,2429.0,716.0,5,205100.0
-121.77,37.74,25.0,494.0,81.0,254.0,85.0,9,418800.0
-121.77,37.68,44.0,495.0,112.0,277.0,109.0,3,179200.0
-121.77,37.68,36.0,1687.0,372.0,950.0,372.0,4,158400.0
-121.77,37.67,20.0,8068.0,1217.0,3489.0,1259.0,6,264200.0
-121.77,37.33,9.0,3160.0,468.0,1675.0,470.0,8,348400.0
-121.77,37.33,8.0,3088.0,474.0,1799.0,456.0,7,355300.0
-121.77,37.24,12.0,10236.0,1878.0,5674.0,1816.0,5,261100.0
-121.77,37.23,15.0,4713.0,769.0,2519.0,778.0,6,253800.0
-121.77,37.22,16.0,3992.0,540.0,2097.0,555.0,7,299300.0
-121.77,37.22,16.0,1617.0,306.0,667.0,264.0,5,191100.0
-121.77,36.96,20.0,4228.0,816.0,2389.0,844.0,4,229100.0
-121.77,36.93,33.0,1406.0,317.0,1075.0,301.0,3,190000.0
-121.77,36.93,24.0,1943.0,447.0,1844.0,461.0,3,184300.0
-121.77,36.93,20.0,2587.0,547.0,1534.0,540.0,2,190400.0
-121.77,36.92,9.0,4934.0,1112.0,3198.0,977.0,4,194800.0
-121.77,36.91,8.0,2715.0,750.0,2580.0,718.0,3,162000.0
-121.77,36.87,37.0,424.0,65.0,266.0,64.0,3,293800.0
-121.77,36.71,18.0,6601.0,1395.0,3562.0,1299.0,4,174800.0
-121.77,36.53,18.0,2321.0,358.0,803.0,341.0,10,426000.0
-121.78,39.71,8.0,140.0,28.0,84.0,29.0,2,179200.0
-121.78,38.68,43.0,3766.0,847.0,1855.0,817.0,2,119400.0
-121.78,38.67,38.0,2948.0,478.0,1123.0,460.0,4,146900.0
-121.78,38.66,18.0,4224.0,632.0,1907.0,641.0,5,139900.0
-121.78,38.55,12.0,10509.0,2186.0,5633.0,2138.0,3,204300.0
-121.78,38.01,19.0,2688.0,469.0,1216.0,422.0,4,133900.0
-121.78,38.0,8.0,2371.0,375.0,1094.0,396.0,5,174500.0
-121.78,37.97,4.0,17032.0,2546.0,7653.0,2359.0,6,213700.0
-121.78,37.69,35.0,2853.0,588.0,1761.0,572.0,4,168400.0
-121.78,37.69,34.0,2358.0,498.0,1157.0,461.0,3,174600.0
-121.78,37.68,17.0,3112.0,872.0,1392.0,680.0,3,172500.0
-121.78,37.67,28.0,1773.0,278.0,804.0,269.0,5,201100.0
-121.78,37.67,26.0,2211.0,344.0,1024.0,321.0,5,199800.0
-121.78,37.66,25.0,1947.0,418.0,900.0,354.0,4,193000.0
-121.78,37.34,21.0,1959.0,292.0,891.0,300.0,7,338400.0
-121.78,37.34,11.0,3195.0,410.0,1774.0,418.0,7,378200.0
-121.78,37.33,10.0,2829.0,394.0,1510.0,386.0,7,359500.0
-121.78,37.31,25.0,2093.0,297.0,983.0,338.0,6,271500.0
-121.78,37.24,17.0,2123.0,341.0,1067.0,339.0,6,262700.0
-121.78,37.22,18.0,2127.0,387.0,1547.0,402.0,5,217100.0
-121.78,36.93,21.0,2794.0,662.0,2236.0,565.0,2,178400.0
-121.78,36.92,19.0,1515.0,253.0,975.0,266.0,4,241200.0
-121.79,39.73,8.0,5690.0,1189.0,2887.0,1077.0,3,116300.0
-121.79,39.48,39.0,1105.0,180.0,408.0,166.0,3,82100.0
-121.79,38.69,23.0,1755.0,321.0,1061.0,313.0,3,103100.0
-121.79,38.68,24.0,3794.0,848.0,2225.0,864.0,3,95300.0
-121.79,38.67,30.0,2602.0,401.0,981.0,405.0,5,167200.0
-121.79,38.67,17.0,2875.0,810.0,1876.0,749.0,2,152500.0
-121.79,38.66,15.0,6809.0,1052.0,3060.0,1060.0,5,165000.0
-121.79,38.01,17.0,4032.0,814.0,1749.0,618.0,3,146800.0
-121.79,38.0,36.0,1141.0,234.0,562.0,213.0,3,108500.0
-121.79,38.0,34.0,3090.0,593.0,1588.0,566.0,4,124700.0
-121.79,37.99,18.0,3646.0,534.0,1651.0,535.0,6,164700.0
-121.79,37.99,10.0,4156.0,609.0,1878.0,586.0,6,178600.0
-121.79,37.69,25.0,6296.0,1082.0,3200.0,1047.0,5,188400.0
-121.79,37.67,26.0,2163.0,339.0,947.0,346.0,6,211000.0
-121.79,37.66,22.0,14701.0,2210.0,6693.0,2232.0,6,245000.0
-121.79,37.38,22.0,3650.0,527.0,1637.0,520.0,5,325600.0
-121.79,37.33,13.0,2978.0,505.0,1794.0,485.0,7,277800.0
-121.79,37.33,10.0,3283.0,550.0,2491.0,522.0,7,283700.0
-121.79,37.32,6.0,2850.0,561.0,2160.0,581.0,6,241900.0
-121.79,37.32,20.0,3034.0,451.0,1669.0,430.0,6,241300.0
-121.79,37.31,22.0,2199.0,361.0,1270.0,386.0,5,235700.0
-121.79,37.23,17.0,2281.0,359.0,1226.0,394.0,5,259500.0
-121.79,37.23,16.0,2240.0,300.0,1221.0,305.0,6,289600.0
-121.79,37.03,18.0,943.0,213.0,544.0,179.0,4,228600.0
-121.79,36.95,34.0,2152.0,430.0,1516.0,386.0,4,192200.0
-121.79,36.93,19.0,2512.0,509.0,1856.0,537.0,3,189100.0
-121.79,36.85,28.0,1049.0,235.0,705.0,208.0,3,150000.0
-121.79,36.68,22.0,6912.0,1513.0,3794.0,1455.0,3,168300.0
-121.79,36.64,11.0,32627.0,6445.0,28566.0,6082.0,2,118800.0
-121.8,40.34,26.0,4815.0,910.0,1341.0,539.0,3,79800.0
-121.8,39.75,28.0,2551.0,378.0,1011.0,374.0,4,125200.0
-121.8,39.75,11.0,7212.0,1355.0,3264.0,1264.0,3,122600.0
-121.8,39.64,25.0,2202.0,422.0,1109.0,403.0,3,87500.0
-121.8,39.33,30.0,1019.0,192.0,501.0,185.0,3,81300.0
-121.8,38.69,8.0,3544.0,691.0,2118.0,678.0,4,122200.0
-121.8,38.68,11.0,3851.0,892.0,1847.0,747.0,3,120600.0
-121.8,38.67,11.0,3251.0,623.0,1700.0,615.0,3,172000.0
-121.8,38.67,10.0,2086.0,380.0,1073.0,378.0,5,154400.0
-121.8,38.01,37.0,3058.0,567.0,1351.0,523.0,4,130800.0
-121.8,38.0,34.0,2738.0,475.0,1316.0,459.0,4,122500.0
-121.8,37.69,17.0,3956.0,639.0,2222.0,662.0,5,215500.0
-121.8,37.35,27.0,2358.0,415.0,1562.0,383.0,5,192800.0
-121.8,37.35,15.0,2781.0,498.0,1389.0,475.0,6,223300.0
-121.8,37.34,25.0,1642.0,297.0,1146.0,279.0,5,231400.0
-121.8,37.32,20.0,2473.0,476.0,2228.0,501.0,6,224200.0
-121.8,37.32,14.0,4412.0,924.0,2698.0,891.0,5,227600.0
-121.8,37.31,15.0,1807.0,378.0,1277.0,341.0,5,164500.0
-121.8,37.3,16.0,906.0,149.0,605.0,148.0,5,235600.0
-121.8,37.27,17.0,3912.0,737.0,2693.0,746.0,5,221500.0
-121.8,37.26,18.0,3631.0,947.0,2357.0,757.0,3,184400.0
-121.8,37.26,16.0,1868.0,285.0,995.0,284.0,6,260500.0
-121.8,37.23,18.0,3179.0,526.0,1663.0,507.0,6,265800.0
-121.8,37.23,18.0,2581.0,358.0,1284.0,377.0,7,272400.0
-121.8,36.72,14.0,2493.0,407.0,1296.0,418.0,5,190000.0
-121.8,36.68,18.0,8581.0,1957.0,6071.0,1889.0,3,162200.0
-121.81,39.71,18.0,1222.0,250.0,708.0,281.0,2,116700.0
-121.81,38.84,37.0,352.0,65.0,238.0,67.0,3,275000.0
-121.81,38.49,18.0,4518.0,827.0,2230.0,715.0,4,178500.0
-121.81,38.45,24.0,1951.0,341.0,1140.0,338.0,4,128500.0
-121.81,38.43,30.0,1674.0,297.0,756.0,292.0,4,133100.0
-121.81,38.01,52.0,1124.0,245.0,528.0,226.0,2,128500.0
-121.81,38.01,47.0,1942.0,430.0,1074.0,393.0,2,105100.0
-121.81,38.0,37.0,2724.0,579.0,1400.0,540.0,3,97300.0
-121.81,37.99,18.0,2807.0,445.0,1315.0,437.0,5,170400.0
-121.81,37.97,8.0,1584.0,236.0,615.0,202.0,6,166800.0
-121.81,37.41,25.0,2496.0,351.0,1034.0,367.0,7,320700.0
-121.81,37.39,34.0,2218.0,286.0,827.0,299.0,7,456500.0
-121.81,37.38,29.0,570.0,76.0,244.0,72.0,12,416700.0
-121.81,37.37,24.0,962.0,146.0,492.0,155.0,7,328000.0
-121.81,37.36,20.0,3189.0,420.0,1234.0,389.0,8,374100.0
-121.81,37.35,29.0,2396.0,452.0,2000.0,481.0,4,185500.0
-121.81,37.35,28.0,3477.0,671.0,2990.0,648.0,4,172600.0
-121.81,37.33,4.0,5532.0,778.0,3651.0,770.0,7,343000.0
-121.81,37.31,15.0,1898.0,395.0,1527.0,381.0,4,212500.0
-121.81,37.31,15.0,1794.0,366.0,1533.0,371.0,6,209900.0
-121.81,37.3,15.0,1929.0,345.0,1683.0,347.0,6,235600.0
-121.81,37.3,14.0,1870.0,348.0,1214.0,347.0,5,186500.0
-121.81,37.29,15.0,5957.0,1037.0,3838.0,997.0,6,253100.0
-121.81,37.28,17.0,2277.0,428.0,1887.0,422.0,6,217000.0
-121.81,37.27,22.0,2996.0,695.0,2169.0,607.0,4,209700.0
-121.81,37.27,20.0,3244.0,520.0,1769.0,469.0,6,224000.0
-121.81,37.26,16.0,1911.0,327.0,1158.0,332.0,6,249500.0
-121.81,37.26,14.0,3379.0,683.0,1465.0,620.0,4,236200.0
-121.81,37.25,25.0,4096.0,623.0,2128.0,618.0,6,251800.0
-121.81,37.25,20.0,3398.0,771.0,1231.0,744.0,2,350000.0
-121.81,37.25,12.0,2070.0,587.0,1216.0,532.0,4,244500.0
-121.81,37.23,24.0,2413.0,369.0,1237.0,381.0,6,257200.0
-121.81,37.23,19.0,2635.0,427.0,1497.0,410.0,6,248000.0
-121.81,37.23,16.0,1674.0,281.0,850.0,254.0,5,253300.0
-121.82,39.76,23.0,6010.0,1116.0,2710.0,1149.0,3,107300.0
-121.82,39.75,37.0,2236.0,372.0,974.0,379.0,3,97000.0
-121.82,39.75,29.0,7744.0,1375.0,3316.0,1365.0,3,111400.0
-121.82,39.73,44.0,2923.0,659.0,1371.0,626.0,2,85800.0
-121.82,39.73,33.0,2242.0,517.0,1160.0,449.0,2,60300.0
-121.82,39.72,42.0,2978.0,694.0,1879.0,679.0,2,66300.0
-121.82,38.46,10.0,6331.0,1181.0,3419.0,1110.0,4,154800.0
-121.82,38.36,26.0,1974.0,364.0,1002.0,362.0,3,210000.0
-121.82,38.02,46.0,176.0,43.0,101.0,40.0,2,93800.0
-121.82,38.01,50.0,1120.0,281.0,625.0,239.0,2,96400.0
-121.82,38.01,47.0,1265.0,254.0,587.0,247.0,3,93500.0
-121.82,38.01,42.0,1017.0,253.0,798.0,266.0,2,99100.0
-121.82,38.01,25.0,3018.0,606.0,1614.0,568.0,3,127000.0
-121.82,38.0,30.0,3268.0,567.0,1714.0,565.0,4,131000.0
-121.82,38.0,29.0,2070.0,452.0,985.0,420.0,3,113400.0
-121.82,37.98,13.0,3995.0,605.0,1969.0,607.0,5,165200.0
-121.82,37.81,12.0,4711.0,659.0,2089.0,621.0,8,485400.0
-121.82,37.69,12.0,1906.0,351.0,802.0,319.0,5,227700.0
-121.82,37.39,37.0,4137.0,636.0,1569.0,578.0,6,286200.0
-121.82,37.38,32.0,3747.0,665.0,1687.0,649.0,5,330800.0
-121.82,37.38,32.0,1650.0,246.0,768.0,263.0,7,320900.0
-121.82,37.37,42.0,2913.0,577.0,1873.0,580.0,4,167900.0
-121.82,37.37,41.0,1558.0,281.0,970.0,304.0,4,215200.0
-121.82,37.37,40.0,802.0,149.0,445.0,143.0,4,196300.0
-121.82,37.36,34.0,1834.0,377.0,1450.0,347.0,4,161500.0
-121.82,37.36,33.0,1624.0,337.0,1412.0,323.0,4,167600.0
-121.82,37.35,24.0,2298.0,575.0,2409.0,569.0,3,182400.0
-121.82,37.34,23.0,7609.0,1446.0,6034.0,1414.0,5,195300.0
-121.82,37.33,23.0,3279.0,647.0,2582.0,630.0,4,175800.0
-121.82,37.32,10.0,2506.0,623.0,2634.0,622.0,3,231400.0
-121.82,37.31,22.0,2044.0,402.0,1925.0,429.0,4,177500.0
-121.82,37.31,15.0,1504.0,294.0,1267.0,291.0,6,219400.0
-121.82,37.29,16.0,2085.0,394.0,1705.0,391.0,5,222800.0
-121.82,37.28,33.0,2873.0,489.0,1946.0,475.0,5,176400.0
-121.82,37.28,31.0,1340.0,235.0,1336.0,270.0,4,179500.0
-121.82,37.27,16.0,2030.0,321.0,1343.0,365.0,6,279100.0
-121.82,37.26,10.0,3030.0,574.0,1623.0,589.0,5,218700.0
-121.82,37.25,25.0,4021.0,634.0,2178.0,650.0,5,241200.0
-121.82,37.25,24.0,3344.0,531.0,1768.0,541.0,6,245600.0
-121.82,37.24,20.0,3671.0,567.0,1944.0,589.0,6,241000.0
-121.82,37.23,25.0,2349.0,394.0,1266.0,383.0,5,233100.0
-121.82,37.23,23.0,4487.0,584.0,2024.0,580.0,8,291500.0
-121.82,36.95,16.0,2599.0,430.0,1417.0,445.0,5,349300.0
-121.82,36.86,17.0,1573.0,272.0,142.0,55.0,2,420000.0
-121.82,36.61,24.0,2437.0,438.0,1430.0,444.0,4,169100.0
-121.82,36.54,22.0,1746.0,363.0,886.0,364.0,6,378800.0
-121.83,40.69,14.0,821.0,170.0,477.0,129.0,3,87500.0
-121.83,39.76,12.0,9831.0,1921.0,4644.0,1775.0,3,112600.0
-121.83,39.74,34.0,3263.0,604.0,1290.0,594.0,3,130300.0
-121.83,39.73,52.0,1741.0,401.0,753.0,377.0,2,77900.0
-121.83,39.72,52.0,1890.0,420.0,974.0,383.0,2,78700.0
-121.83,39.23,25.0,3819.0,702.0,1983.0,658.0,2,72500.0
-121.83,39.1,42.0,1282.0,198.0,451.0,159.0,3,97900.0
-121.83,38.45,36.0,839.0,158.0,446.0,167.0,2,122700.0
-121.83,38.45,32.0,2139.0,440.0,1154.0,411.0,3,107500.0
-121.83,38.45,15.0,5115.0,776.0,2540.0,794.0,5,146400.0
-121.83,38.0,8.0,2572.0,738.0,1384.0,684.0,2,75800.0
-121.83,38.0,25.0,1710.0,288.0,799.0,259.0,5,145300.0
-121.83,38.0,15.0,6365.0,1646.0,3838.0,1458.0,3,103600.0
-121.83,37.99,23.0,1970.0,296.0,935.0,279.0,4,145900.0
-121.83,37.99,23.0,1150.0,174.0,572.0,174.0,5,152400.0
-121.83,37.99,16.0,2919.0,462.0,1456.0,453.0,6,164700.0
-121.83,37.38,31.0,3633.0,843.0,2677.0,797.0,3,184800.0
-121.83,37.38,15.0,4430.0,992.0,3278.0,1018.0,5,209900.0
-121.83,37.37,43.0,821.0,149.0,370.0,135.0,4,209100.0
-121.83,37.36,29.0,4045.0,885.0,3036.0,845.0,3,171700.0
-121.83,37.36,22.0,3936.0,860.0,3508.0,877.0,4,183800.0
-121.83,37.35,31.0,2914.0,715.0,3547.0,645.0,4,178600.0
-121.83,37.34,26.0,1848.0,339.0,1952.0,327.0,4,182500.0
-121.83,37.34,21.0,6404.0,1232.0,6047.0,1235.0,4,193400.0
-121.83,37.33,27.0,3127.0,610.0,3257.0,604.0,5,173600.0
-121.83,37.32,26.0,1125.0,210.0,943.0,214.0,5,181000.0
-121.83,37.32,21.0,4559.0,1163.0,5124.0,1124.0,3,179000.0
-121.83,37.32,17.0,1887.0,664.0,1906.0,597.0,3,165300.0
-121.83,37.31,19.0,11181.0,1895.0,7817.0,1853.0,6,232700.0
-121.83,37.3,16.0,5684.0,1386.0,4203.0,1318.0,3,185800.0
-121.83,37.29,20.0,2308.0,461.0,2223.0,456.0,4,191000.0
-121.83,37.29,20.0,1649.0,408.0,1729.0,362.0,3,115200.0
-121.83,37.29,10.0,1828.0,453.0,1356.0,409.0,5,123500.0
-121.83,37.28,19.0,2644.0,833.0,2317.0,780.0,3,183100.0
-121.83,37.28,17.0,3057.0,606.0,2030.0,602.0,5,230900.0
-121.83,37.27,8.0,4454.0,1058.0,2595.0,1027.0,5,282600.0
-121.83,37.26,7.0,3609.0,751.0,1739.0,682.0,5,213100.0
-121.83,37.26,15.0,3243.0,551.0,1752.0,551.0,6,257400.0
-121.83,37.26,11.0,2394.0,403.0,1393.0,409.0,6,259300.0
-121.83,37.25,17.0,2332.0,637.0,1636.0,623.0,3,123400.0
-121.83,37.24,23.0,2543.0,388.0,1297.0,385.0,6,237400.0
-121.83,37.23,7.0,5389.0,903.0,2232.0,825.0,7,500001.0
-121.83,37.23,22.0,5507.0,841.0,2785.0,848.0,6,245200.0
-121.83,37.21,14.0,2714.0,361.0,1259.0,375.0,8,387500.0
-121.83,37.02,22.0,1903.0,350.0,760.0,322.0,3,288400.0
-121.83,36.98,19.0,4431.0,705.0,1764.0,679.0,4,298600.0
-121.83,36.62,33.0,2938.0,576.0,1516.0,568.0,4,162400.0
-121.83,36.62,33.0,1771.0,398.0,1037.0,388.0,3,161800.0
-121.83,36.61,27.0,5665.0,1281.0,3612.0,1191.0,3,142100.0
-121.83,36.61,27.0,2248.0,466.0,1644.0,453.0,3,131200.0
-121.83,36.61,26.0,3723.0,789.0,2563.0,747.0,3,133100.0
-121.83,36.6,30.0,2748.0,502.0,1491.0,535.0,4,185000.0
-121.84,39.76,14.0,2351.0,620.0,1215.0,548.0,2,102300.0
-121.84,39.74,43.0,2976.0,599.0,1181.0,560.0,2,85100.0
-121.84,39.73,52.0,957.0,263.0,513.0,223.0,1,55000.0
-121.84,39.73,52.0,857.0,232.0,520.0,198.0,1,112500.0
-121.84,39.73,52.0,677.0,152.0,379.0,154.0,2,94800.0
-121.84,39.73,52.0,502.0,100.0,311.0,100.0,2,200000.0
-121.84,39.68,38.0,549.0,105.0,275.0,94.0,4,153100.0
-121.84,38.65,29.0,3167.0,548.0,1554.0,534.0,4,200700.0
-121.84,37.99,15.0,2380.0,385.0,1292.0,388.0,5,142600.0
-121.84,37.99,13.0,4545.0,952.0,2188.0,901.0,3,126100.0
-121.84,37.98,8.0,7505.0,1089.0,3325.0,1016.0,5,204200.0
-121.84,37.66,13.0,13182.0,2074.0,4847.0,1950.0,6,352900.0
-121.84,37.39,31.0,5524.0,914.0,2848.0,879.0,6,229900.0
-121.84,37.38,34.0,762.0,182.0,611.0,193.0,4,201800.0
-121.84,37.38,33.0,835.0,181.0,781.0,169.0,5,195800.0
-121.84,37.37,42.0,1237.0,232.0,900.0,241.0,4,187500.0
-121.84,37.37,28.0,1579.0,339.0,1252.0,353.0,4,214800.0
-121.84,37.37,15.0,3315.0,1042.0,2749.0,1059.0,2,140100.0
-121.84,37.35,20.0,3375.0,867.0,4610.0,860.0,3,182200.0
-121.84,37.34,27.0,2512.0,526.0,3033.0,526.0,4,162900.0
-121.84,37.33,28.0,1535.0,330.0,1937.0,317.0,4,160100.0
-121.84,37.33,26.0,1934.0,408.0,2059.0,416.0,4,163600.0
-121.84,37.32,22.0,3015.0,581.0,2491.0,530.0,4,176300.0
-121.84,37.32,14.0,5762.0,1538.0,3979.0,1389.0,4,192600.0
-121.84,37.29,24.0,3403.0,656.0,2829.0,612.0,5,191900.0
-121.84,37.28,18.0,2749.0,633.0,1779.0,561.0,4,166100.0
-121.84,37.27,9.0,3624.0,812.0,1856.0,721.0,4,198400.0
-121.84,37.27,17.0,2795.0,482.0,1904.0,506.0,5,250800.0
-121.84,37.26,5.0,1808.0,340.0,825.0,339.0,5,184800.0
-121.84,37.25,25.0,5939.0,989.0,3275.0,954.0,6,234600.0
-121.84,37.25,17.0,2363.0,473.0,1369.0,442.0,5,141600.0
-121.84,37.24,24.0,7991.0,1286.0,4017.0,1213.0,5,238800.0
-121.84,37.24,18.0,3574.0,504.0,1803.0,536.0,7,274100.0
-121.84,37.18,6.0,9176.0,1201.0,3637.0,1138.0,8,473400.0
-121.84,36.94,29.0,4921.0,967.0,2319.0,823.0,5,307900.0
-121.84,36.61,26.0,2902.0,761.0,2258.0,719.0,3,128900.0
-121.84,36.61,15.0,2190.0,586.0,1570.0,510.0,2,122300.0
-121.84,36.6,30.0,2958.0,691.0,1616.0,666.0,3,191800.0
-121.84,36.59,34.0,3852.0,733.0,1661.0,696.0,4,221300.0
-121.84,36.25,20.0,958.0,245.0,590.0,189.0,3,362500.0
-121.85,39.77,17.0,5273.0,1177.0,2446.0,1199.0,2,89900.0
-121.85,39.75,39.0,568.0,127.0,267.0,129.0,2,78100.0
-121.85,39.74,41.0,2901.0,689.0,1426.0,632.0,2,84500.0
-121.85,39.73,52.0,444.0,80.0,1107.0,98.0,3,137500.0
-121.85,39.73,17.0,3425.0,827.0,2469.0,758.0,1,88900.0
-121.85,39.72,18.0,7272.0,1559.0,5022.0,1524.0,2,98800.0
-121.85,38.43,2.0,790.0,135.0,235.0,87.0,5,166500.0
-121.85,38.0,26.0,3364.0,570.0,1806.0,566.0,4,133400.0
-121.85,38.0,24.0,2269.0,584.0,1239.0,542.0,2,100000.0
-121.85,37.72,43.0,228.0,40.0,83.0,42.0,10,400000.0
-121.85,37.68,4.0,4719.0,741.0,1895.0,742.0,7,282500.0
-121.85,37.66,14.0,4236.0,701.0,1833.0,663.0,6,300600.0
-121.85,37.44,8.0,426.0,61.0,241.0,55.0,7,367900.0
-121.85,37.41,25.0,1837.0,278.0,1006.0,271.0,7,265300.0
-121.85,37.41,17.0,2156.0,435.0,1400.0,393.0,6,199100.0
-121.85,37.4,23.0,1793.0,319.0,1145.0,310.0,6,243200.0
-121.85,37.39,15.0,8748.0,1547.0,4784.0,1524.0,6,276600.0
-121.85,37.38,12.0,12980.0,2568.0,8190.0,2515.0,5,286500.0
-121.85,37.36,18.0,1525.0,485.0,1705.0,448.0,4,128600.0
-121.85,37.36,15.0,3148.0,1116.0,3556.0,1037.0,3,159600.0
-121.85,37.36,11.0,2109.0,592.0,2744.0,607.0,4,205900.0
-121.85,37.34,27.0,1481.0,409.0,1505.0,391.0,3,137500.0
-121.85,37.33,19.0,735.0,158.0,597.0,134.0,5,188100.0
-121.85,37.33,19.0,2228.0,559.0,2845.0,551.0,3,172800.0
-121.85,37.33,16.0,2987.0,874.0,4241.0,841.0,3,127900.0
-121.85,37.3,19.0,6275.0,1546.0,4312.0,1466.0,3,178600.0
-121.85,37.28,17.0,4208.0,954.0,1476.0,904.0,2,87500.0
-121.85,37.27,17.0,1957.0,261.0,863.0,269.0,7,294200.0
-121.85,37.26,16.0,2312.0,303.0,1158.0,295.0,7,311800.0
-121.85,37.26,16.0,1982.0,280.0,1030.0,297.0,6,289200.0
-121.85,37.26,16.0,1816.0,241.0,793.0,234.0,7,291200.0
-121.85,37.25,20.0,3773.0,624.0,1965.0,607.0,5,241200.0
-121.85,37.24,17.0,6425.0,1268.0,3934.0,1238.0,5,237600.0
-121.85,36.61,38.0,238.0,72.0,191.0,67.0,1,125000.0
-121.85,36.6,41.0,3138.0,717.0,1890.0,642.0,2,140400.0
-121.85,36.6,21.0,2381.0,701.0,1264.0,659.0,3,218000.0
-121.85,36.59,42.0,891.0,203.0,525.0,212.0,3,186300.0
-121.86,40.77,17.0,2816.0,639.0,1027.0,406.0,3,65600.0
-121.86,39.78,12.0,7653.0,1578.0,3628.0,1494.0,3,117800.0
-121.86,39.76,19.0,7254.0,1785.0,4030.0,1667.0,2,87300.0
-121.86,38.04,52.0,242.0,59.0,188.0,54.0,1,67500.0
-121.86,38.0,16.0,3216.0,464.0,1504.0,453.0,5,161700.0
-121.86,37.7,13.0,9621.0,1344.0,4389.0,1391.0,7,313700.0
-121.86,37.66,22.0,3634.0,664.0,1699.0,640.0,4,293200.0
-121.86,37.42,20.0,5032.0,808.0,2695.0,801.0,7,264800.0
-121.86,37.41,16.0,2938.0,589.0,1718.0,568.0,6,178900.0
-121.86,37.41,16.0,2411.0,420.0,1671.0,442.0,7,263600.0
-121.86,37.41,16.0,1489.0,262.0,945.0,263.0,7,267000.0
-121.86,37.4,16.0,2391.0,369.0,1419.0,373.0,6,267800.0
-121.86,37.39,17.0,1777.0,328.0,1235.0,329.0,5,258100.0
-121.86,37.38,15.0,2052.0,405.0,1380.0,409.0,6,181100.0
-121.86,37.37,15.0,8162.0,2124.0,8793.0,2086.0,3,210300.0
-121.86,37.36,31.0,1602.0,358.0,1179.0,354.0,4,156800.0
-121.86,37.35,46.0,1448.0,330.0,1094.0,331.0,2,174100.0
-121.86,37.35,43.0,1536.0,371.0,1256.0,357.0,3,153300.0
-121.86,37.35,35.0,2391.0,605.0,1886.0,595.0,3,182100.0
-121.86,37.34,40.0,2277.0,508.0,1718.0,434.0,3,185200.0
-121.86,37.34,29.0,5274.0,1625.0,6234.0,1639.0,3,177300.0
-121.86,37.32,13.0,2519.0,581.0,2094.0,530.0,4,173400.0
-121.86,37.31,24.0,1939.0,652.0,1808.0,625.0,2,112500.0
-121.86,37.29,14.0,6160.0,1222.0,2472.0,1204.0,4,178400.0
-121.86,37.27,19.0,1852.0,268.0,866.0,272.0,6,279500.0
-121.86,37.27,17.0,4393.0,709.0,2292.0,692.0,6,246500.0
-121.86,37.26,16.0,2814.0,485.0,1305.0,465.0,6,224100.0
-121.86,37.25,16.0,6958.0,1300.0,2965.0,1217.0,4,262400.0
-121.86,37.22,18.0,7245.0,1029.0,2893.0,1049.0,7,361200.0
-121.86,37.21,23.0,2552.0,305.0,916.0,316.0,9,500001.0
-121.86,37.0,16.0,8638.0,1392.0,3706.0,1251.0,6,351800.0
-121.86,36.63,37.0,338.0,109.0,231.0,100.0,3,108300.0
-121.86,36.6,31.0,1044.0,285.0,762.0,301.0,3,195300.0
-121.86,36.6,21.0,3634.0,1011.0,1985.0,917.0,3,156300.0
-121.86,36.58,20.0,6332.0,991.0,2668.0,955.0,6,347700.0
-121.87,39.82,11.0,5103.0,825.0,2456.0,810.0,5,159700.0
-121.87,39.75,22.0,1707.0,296.0,822.0,297.0,4,126600.0
-121.87,39.74,7.0,1737.0,290.0,747.0,265.0,4,147000.0
-121.87,38.02,52.0,2264.0,439.0,1403.0,476.0,3,99400.0
-121.87,38.02,31.0,3644.0,746.0,2229.0,678.0,3,117800.0
-121.87,38.0,17.0,2713.0,442.0,1475.0,415.0,5,144100.0
-121.87,37.99,15.0,2203.0,312.0,1051.0,311.0,5,163900.0
-121.87,37.67,28.0,1812.0,294.0,853.0,278.0,5,229400.0
-121.87,37.67,10.0,4337.0,800.0,1813.0,743.0,6,247200.0
-121.87,37.66,39.0,522.0,116.0,161.0,102.0,2,238500.0
-121.87,37.66,27.0,1569.0,242.0,583.0,214.0,6,278500.0
-121.87,37.57,13.0,5519.0,833.0,2444.0,825.0,7,393200.0
-121.87,37.46,43.0,91.0,12.0,58.0,16.0,15,500001.0
-121.87,37.43,22.0,3805.0,596.0,2118.0,621.0,6,254200.0
-121.87,37.42,25.0,4430.0,729.0,2685.0,721.0,6,261100.0
-121.87,37.41,24.0,3308.0,548.0,1891.0,544.0,6,248700.0
-121.87,37.41,17.0,3719.0,588.0,2089.0,561.0,7,273700.0
-121.87,37.4,16.0,1767.0,268.0,1061.0,280.0,7,351600.0
-121.87,37.39,16.0,2655.0,487.0,1862.0,448.0,6,246800.0
-121.87,37.39,16.0,1334.0,389.0,1103.0,415.0,4,229800.0
-121.87,37.38,16.0,1050.0,245.0,722.0,228.0,5,163500.0
-121.87,37.38,14.0,3851.0,534.0,2052.0,478.0,7,335600.0
-121.87,37.36,34.0,938.0,242.0,769.0,226.0,4,194500.0
-121.87,37.35,52.0,1557.0,424.0,1580.0,434.0,2,183700.0
-121.87,37.35,37.0,1566.0,375.0,1223.0,346.0,3,174500.0
-121.87,37.35,27.0,3500.0,1036.0,3019.0,955.0,3,153700.0
-121.87,37.34,52.0,1170.0,215.0,604.0,207.0,3,325900.0
-121.87,37.34,52.0,1087.0,166.0,650.0,194.0,7,309000.0
-121.87,37.34,39.0,2479.0,541.0,1990.0,506.0,2,289100.0
-121.87,37.33,37.0,3137.0,685.0,2048.0,651.0,3,270300.0
-121.87,37.32,39.0,1839.0,471.0,1528.0,456.0,3,184900.0
-121.87,37.32,36.0,1471.0,360.0,1182.0,326.0,3,175800.0
-121.87,37.31,6.0,3797.0,984.0,2437.0,904.0,4,152400.0
-121.87,37.3,28.0,859.0,199.0,455.0,211.0,2,215900.0
-121.87,37.3,14.0,360.0,124.0,134.0,84.0,3,112500.0
-121.87,37.29,18.0,1892.0,568.0,974.0,553.0,2,228000.0
-121.87,37.27,16.0,3298.0,451.0,1542.0,423.0,7,305600.0
-121.87,37.26,24.0,2383.0,343.0,1146.0,341.0,6,265700.0
-121.87,37.25,4.0,2498.0,775.0,1213.0,631.0,4,183900.0
-121.87,37.23,19.0,7357.0,963.0,3018.0,981.0,7,361400.0
-121.87,37.22,26.0,1921.0,250.0,725.0,253.0,8,405900.0
-121.87,37.22,17.0,2825.0,365.0,1052.0,345.0,8,485000.0
-121.87,37.21,18.0,1080.0,122.0,382.0,121.0,9,500001.0
-121.87,37.1,20.0,1918.0,304.0,798.0,302.0,8,402300.0
-121.87,36.95,7.0,3703.0,679.0,1375.0,608.0,5,368400.0
-121.87,36.61,21.0,1616.0,400.0,688.0,384.0,4,278800.0
-121.87,36.55,20.0,10053.0,1768.0,3083.0,1621.0,5,387500.0
-121.88,39.74,12.0,14631.0,3298.0,7517.0,3262.0,2,153100.0
-121.88,38.03,52.0,1225.0,250.0,725.0,231.0,2,101400.0
-121.88,38.03,10.0,2769.0,619.0,1045.0,469.0,4,158600.0
-121.88,38.02,46.0,2112.0,466.0,1249.0,382.0,3,87000.0
-121.88,38.01,9.0,5329.0,1284.0,2827.0,1202.0,3,150000.0
-121.88,38.0,22.0,721.0,117.0,367.0,129.0,5,151900.0
-121.88,38.0,16.0,2605.0,440.0,1352.0,408.0,4,140300.0
-121.88,37.67,25.0,2244.0,301.0,937.0,324.0,6,296900.0
-121.88,37.64,20.0,1309.0,184.0,514.0,172.0,11,475800.0
-121.88,37.44,17.0,1621.0,299.0,1028.0,293.0,5,186900.0
-121.88,37.44,14.0,2073.0,343.0,1107.0,330.0,7,311200.0
-121.88,37.43,31.0,2573.0,474.0,1898.0,475.0,6,204100.0
-121.88,37.41,23.0,3224.0,652.0,2183.0,655.0,4,226900.0
-121.88,37.4,9.0,6751.0,1575.0,4240.0,1438.0,5,257400.0
-121.88,37.39,13.0,3334.0,565.0,2240.0,561.0,7,273900.0
-121.88,37.37,3.0,4430.0,841.0,2559.0,801.0,6,272700.0
-121.88,37.36,42.0,2087.0,402.0,1342.0,423.0,4,199000.0
-121.88,37.36,30.0,2453.0,573.0,1845.0,530.0,4,210700.0
-121.88,37.35,49.0,1728.0,350.0,1146.0,391.0,4,193000.0
-121.88,37.35,43.0,1086.0,219.0,715.0,226.0,4,193500.0
-121.88,37.34,52.0,867.0,232.0,1264.0,227.0,3,302900.0
-121.88,37.34,52.0,1390.0,365.0,921.0,352.0,2,188900.0
-121.88,37.34,44.0,1267.0,353.0,1018.0,327.0,2,194400.0
-121.88,37.34,40.0,1547.0,625.0,1493.0,543.0,1,212500.0
-121.88,37.33,45.0,1192.0,371.0,1084.0,345.0,3,205900.0
-121.88,37.33,41.0,395.0,164.0,549.0,184.0,2,175000.0
-121.88,37.33,36.0,1904.0,689.0,3561.0,632.0,2,187500.0
-121.88,37.33,35.0,3300.0,1154.0,3120.0,1075.0,1,213600.0
-121.88,37.32,45.0,2213.0,564.0,1920.0,514.0,3,164200.0
-121.88,37.32,30.0,1242.0,338.0,1438.0,325.0,3,169300.0
-121.88,37.31,28.0,3085.0,552.0,1277.0,512.0,5,262800.0
-121.88,37.3,42.0,1867.0,398.0,927.0,389.0,4,247000.0
-121.88,37.28,33.0,2951.0,529.0,1288.0,521.0,4,313100.0
-121.88,37.27,27.0,2019.0,335.0,1020.0,351.0,6,267400.0
-121.88,37.27,24.0,4567.0,688.0,2102.0,695.0,6,289000.0
-121.88,37.26,25.0,3025.0,689.0,1755.0,661.0,4,218600.0
-121.88,37.26,13.0,1893.0,487.0,1018.0,464.0,4,204700.0
-121.88,37.26,13.0,1676.0,471.0,710.0,406.0,4,225900.0
-121.88,37.25,24.0,968.0,240.0,631.0,250.0,3,240300.0
-121.88,37.24,24.0,4420.0,996.0,2981.0,975.0,4,226400.0
-121.88,37.24,14.0,7174.0,950.0,2782.0,899.0,8,394200.0
-121.88,36.98,21.0,4117.0,752.0,2001.0,763.0,5,289500.0
-121.88,36.96,18.0,6355.0,1100.0,2304.0,972.0,6,321100.0
-121.88,36.96,18.0,4910.0,817.0,1971.0,773.0,6,308800.0
-121.88,36.6,30.0,1671.0,469.0,760.0,375.0,3,178100.0
-121.88,36.59,30.0,1822.0,505.0,932.0,496.0,3,179500.0
-121.88,36.49,28.0,2830.0,458.0,898.0,370.0,6,500001.0
-121.89,40.97,26.0,1183.0,276.0,513.0,206.0,2,52000.0
-121.89,39.71,26.0,2741.0,451.0,1217.0,437.0,4,139200.0
-121.89,38.02,36.0,2707.0,550.0,1827.0,545.0,3,94600.0
-121.89,38.01,30.0,4114.0,743.0,1994.0,722.0,4,134400.0
-121.89,38.01,28.0,3639.0,751.0,2362.0,641.0,3,103900.0
-121.89,37.82,4.0,11444.0,1355.0,3898.0,1257.0,13,500001.0
-121.89,37.69,4.0,6159.0,1510.0,2649.0,1241.0,4,139300.0
-121.89,37.68,12.0,7490.0,1207.0,3329.0,1136.0,6,339700.0
-121.89,37.67,20.0,2948.0,471.0,1181.0,474.0,6,247900.0
-121.89,37.67,19.0,2034.0,288.0,852.0,295.0,7,300400.0
-121.89,37.66,3.0,1565.0,464.0,769.0,461.0,2,231300.0
-121.89,37.49,9.0,4909.0,577.0,1981.0,591.0,10,500001.0
-121.89,37.45,15.0,2428.0,513.0,1687.0,519.0,5,254400.0
-121.89,37.44,8.0,2534.0,380.0,1527.0,364.0,8,422800.0
-121.89,37.39,2.0,1136.0,365.0,535.0,257.0,4,425000.0
-121.89,37.38,3.0,4778.0,1047.0,2522.0,990.0,6,271400.0
-121.89,37.36,37.0,1525.0,363.0,1075.0,374.0,3,186100.0
-121.89,37.35,44.0,2019.0,615.0,1243.0,518.0,2,193800.0
-121.89,37.35,44.0,1668.0,380.0,1143.0,365.0,3,181900.0
-121.89,37.35,43.0,1185.0,296.0,933.0,244.0,3,170800.0
-121.89,37.34,46.0,1197.0,416.0,898.0,370.0,2,190600.0
-121.89,37.34,43.0,1423.0,467.0,1013.0,428.0,2,204200.0
-121.89,37.34,20.0,1106.0,494.0,851.0,448.0,1,350000.0
-121.89,37.33,6.0,1495.0,552.0,1087.0,557.0,3,225000.0
-121.89,37.33,49.0,658.0,318.0,467.0,316.0,1,200000.0
-121.89,37.32,43.0,1105.0,241.0,982.0,206.0,2,184900.0
-121.89,37.32,41.0,977.0,265.0,865.0,253.0,3,184800.0
-121.89,37.32,34.0,1014.0,246.0,952.0,215.0,3,172500.0
-121.89,37.31,52.0,1994.0,404.0,1014.0,389.0,4,223600.0
-121.89,37.31,47.0,2986.0,627.0,1399.0,613.0,4,247400.0
-121.89,37.31,40.0,1844.0,340.0,719.0,305.0,3,235200.0
-121.89,37.3,52.0,2071.0,362.0,825.0,364.0,4,284800.0
-121.89,37.3,47.0,2355.0,426.0,961.0,428.0,5,282300.0
-121.89,37.3,47.0,1604.0,284.0,639.0,278.0,6,283300.0
-121.89,37.3,46.0,2639.0,448.0,938.0,424.0,5,331600.0
-121.89,37.29,38.0,1568.0,351.0,710.0,339.0,3,286600.0
-121.89,37.29,36.0,2959.0,529.0,1125.0,520.0,4,268800.0
-121.89,37.28,32.0,4308.0,717.0,2002.0,695.0,4,281900.0
-121.89,37.27,28.0,1481.0,256.0,688.0,221.0,5,240900.0
-121.89,37.26,26.0,1864.0,331.0,956.0,325.0,6,231700.0
-121.89,37.26,25.0,3319.0,531.0,1560.0,502.0,6,263300.0
-121.89,37.25,26.0,1741.0,323.0,1007.0,339.0,5,234800.0
-121.89,37.25,23.0,2705.0,449.0,1180.0,442.0,6,316500.0
-121.89,37.25,21.0,2080.0,352.0,1040.0,325.0,5,264500.0
-121.89,37.23,20.0,7754.0,976.0,3094.0,941.0,8,361600.0
-121.89,37.23,16.0,3574.0,466.0,1503.0,487.0,8,355900.0
-121.89,37.21,14.0,5636.0,697.0,2281.0,680.0,8,459200.0
-121.89,36.63,20.0,1834.0,554.0,971.0,514.0,3,217300.0
-121.89,36.6,19.0,656.0,200.0,248.0,173.0,1,500000.0
-121.89,36.59,32.0,784.0,112.0,262.0,114.0,7,500001.0
-121.89,36.59,18.0,2700.0,937.0,1042.0,744.0,3,150000.0
-121.9,39.59,20.0,1465.0,278.0,745.0,250.0,3,93800.0
-121.9,38.72,38.0,575.0,107.0,259.0,109.0,4,187500.0
-121.9,38.04,36.0,1489.0,331.0,838.0,259.0,1,90200.0
-121.9,38.02,5.0,1560.0,369.0,1037.0,372.0,4,181800.0
-121.9,38.02,12.0,1497.0,360.0,943.0,341.0,2,122200.0
-121.9,38.01,34.0,3779.0,766.0,2356.0,722.0,4,110600.0
-121.9,38.01,16.0,2604.0,454.0,1696.0,481.0,5,136000.0
-121.9,38.0,14.0,2677.0,368.0,1288.0,375.0,6,177500.0
-121.9,38.0,14.0,1930.0,363.0,990.0,322.0,4,162200.0
-121.9,37.67,7.0,9540.0,1294.0,3926.0,1229.0,7,389800.0
-121.9,37.67,15.0,2130.0,273.0,876.0,285.0,7,332400.0
-121.9,37.66,18.0,7397.0,1137.0,3126.0,1115.0,6,323000.0
-121.9,37.45,18.0,4900.0,814.0,2984.0,758.0,7,276200.0
-121.9,37.45,16.0,2952.0,446.0,1525.0,460.0,6,320500.0
-121.9,37.44,9.0,957.0,139.0,532.0,142.0,9,441000.0
-121.9,37.44,4.0,1646.0,408.0,853.0,410.0,5,265500.0
-121.9,37.41,24.0,4759.0,921.0,3188.0,902.0,6,228700.0
-121.9,37.4,16.0,2998.0,603.0,1606.0,615.0,4,150000.0
-121.9,37.37,20.0,78.0,72.0,120.0,69.0,1,187500.0
-121.9,37.36,47.0,1007.0,245.0,581.0,240.0,3,237500.0
-121.9,37.36,38.0,1141.0,333.0,1028.0,291.0,3,182500.0
-121.9,37.35,42.0,2082.0,626.0,1396.0,610.0,3,185300.0
-121.9,37.34,52.0,241.0,69.0,385.0,64.0,3,212500.0
-121.9,37.34,50.0,1345.0,287.0,791.0,254.0,4,245800.0
-121.9,37.33,52.0,1009.0,231.0,929.0,210.0,2,162500.0
-121.9,37.33,34.0,197.0,44.0,152.0,47.0,4,200000.0
-121.9,37.33,11.0,1283.0,390.0,718.0,345.0,4,166700.0
-121.9,37.32,48.0,1274.0,313.0,971.0,291.0,4,220600.0
-121.9,37.31,52.0,2125.0,431.0,1014.0,443.0,6,281100.0
-121.9,37.3,52.0,1575.0,284.0,629.0,284.0,6,312000.0
-121.9,37.3,52.0,1456.0,269.0,582.0,277.0,5,296600.0
-121.9,37.3,39.0,3627.0,666.0,1531.0,635.0,5,345900.0
-121.9,37.29,36.0,1389.0,225.0,623.0,223.0,7,283300.0
-121.9,37.29,26.0,1797.0,244.0,626.0,244.0,8,424600.0
-121.9,37.28,34.0,4613.0,749.0,2050.0,725.0,5,302900.0
-121.9,37.28,26.0,3756.0,553.0,1408.0,535.0,6,320000.0
-121.9,37.27,33.0,3410.0,583.0,1739.0,588.0,5,255600.0
-121.9,37.27,28.0,4538.0,685.0,1996.0,667.0,5,263600.0
-121.9,37.26,20.0,4447.0,661.0,2062.0,660.0,7,283300.0
-121.9,37.25,28.0,2714.0,502.0,1389.0,490.0,6,240400.0
-121.9,37.25,20.0,5483.0,1079.0,2892.0,1057.0,5,250000.0
-121.9,37.16,43.0,1529.0,311.0,570.0,250.0,5,293300.0
-121.9,37.1,23.0,1708.0,287.0,670.0,238.0,6,356600.0
-121.9,36.97,21.0,3707.0,751.0,1420.0,608.0,4,295200.0
-121.9,36.93,22.0,7281.0,1233.0,1849.0,832.0,5,335500.0
-121.9,36.6,45.0,2249.0,412.0,944.0,429.0,3,260300.0
-121.9,36.6,39.0,1629.0,423.0,804.0,386.0,2,236500.0
-121.9,36.6,33.0,2461.0,649.0,1234.0,601.0,3,225000.0
-121.9,36.59,42.0,2689.0,510.0,1023.0,459.0,5,301000.0
-121.9,36.58,31.0,1431.0,370.0,704.0,393.0,3,289300.0
-121.91,39.03,48.0,1096.0,218.0,657.0,199.0,3,65800.0
-121.91,38.02,15.0,2966.0,558.0,1687.0,527.0,3,129800.0
-121.91,37.93,13.0,1610.0,198.0,703.0,217.0,9,329400.0
-121.91,37.71,25.0,4377.0,668.0,2038.0,671.0,6,231800.0
-121.91,37.69,23.0,2179.0,308.0,926.0,299.0,6,259600.0
-121.91,37.69,18.0,2876.0,423.0,1395.0,427.0,6,259200.0
-121.91,37.68,20.0,1804.0,254.0,831.0,260.0,6,262900.0
-121.91,37.68,18.0,3631.0,547.0,1700.0,520.0,6,257300.0
-121.91,37.46,26.0,2762.0,496.0,1716.0,459.0,6,226800.0
-121.91,37.44,26.0,1669.0,276.0,951.0,278.0,5,225800.0
-121.91,37.44,19.0,2174.0,484.0,1645.0,484.0,5,255100.0
-121.91,37.42,19.0,1684.0,387.0,1224.0,376.0,4,174100.0
-121.91,37.36,42.0,3224.0,708.0,1940.0,674.0,3,199700.0
-121.91,37.34,35.0,2189.0,607.0,1193.0,562.0,3,240900.0
-121.91,37.33,52.0,2562.0,410.0,973.0,398.0,5,330600.0
-121.91,37.33,52.0,2212.0,563.0,1195.0,532.0,3,209500.0
-121.91,37.33,28.0,454.0,147.0,366.0,140.0,3,187500.0
-121.91,37.32,42.0,1067.0,256.0,608.0,280.0,3,180800.0
-121.91,37.31,46.0,3052.0,587.0,1373.0,590.0,5,340000.0
-121.91,37.31,28.0,3104.0,811.0,1488.0,754.0,4,332600.0
-121.91,37.3,43.0,828.0,151.0,446.0,145.0,4,327600.0
-121.91,37.3,31.0,616.0,131.0,185.0,107.0,4,265000.0
-121.91,37.3,31.0,2095.0,427.0,829.0,405.0,4,344700.0
-121.91,37.29,36.0,945.0,149.0,371.0,158.0,6,320500.0
-121.91,37.29,18.0,3597.0,664.0,1321.0,593.0,5,351400.0
-121.91,37.28,29.0,5650.0,817.0,2098.0,813.0,6,337300.0
-121.91,37.27,30.0,4412.0,862.0,2168.0,772.0,5,232000.0
-121.91,37.26,32.0,3983.0,876.0,1989.0,794.0,4,255200.0
-121.91,37.26,32.0,3776.0,620.0,1790.0,612.0,5,261100.0
-121.91,37.26,25.0,4258.0,719.0,2290.0,743.0,5,267200.0
-121.91,37.24,30.0,2327.0,419.0,1114.0,372.0,5,272000.0
-121.91,37.24,24.0,5046.0,1001.0,2449.0,968.0,5,274600.0
-121.91,37.23,27.0,4866.0,668.0,1956.0,659.0,7,405000.0
-121.91,37.23,22.0,2614.0,453.0,1240.0,462.0,6,271800.0
-121.91,36.99,23.0,5675.0,964.0,2197.0,880.0,5,322300.0
-121.91,36.85,22.0,2442.0,624.0,1301.0,290.0,3,300000.0
-121.91,36.63,42.0,817.0,194.0,391.0,193.0,2,279200.0
-121.91,36.62,52.0,541.0,157.0,240.0,145.0,4,290000.0
-121.91,36.62,52.0,1431.0,300.0,657.0,293.0,3,240100.0
-121.91,36.62,52.0,1220.0,267.0,488.0,265.0,4,243800.0
-121.91,36.62,30.0,724.0,167.0,325.0,155.0,3,247900.0
-121.91,36.61,30.0,2755.0,597.0,1519.0,554.0,3,234600.0
-121.91,36.6,35.0,2605.0,410.0,1110.0,406.0,6,329500.0
-121.91,36.59,31.0,2034.0,335.0,966.0,322.0,5,291300.0
-121.91,36.59,17.0,5039.0,833.0,1678.0,710.0,6,339100.0
-121.91,36.55,39.0,5468.0,834.0,1782.0,712.0,6,398800.0
-121.91,36.42,14.0,1078.0,261.0,382.0,171.0,4,210000.0
-121.92,40.52,13.0,4581.0,881.0,1799.0,734.0,2,99500.0
-121.92,38.57,10.0,1320.0,246.0,898.0,228.0,2,193800.0
-121.92,38.37,26.0,2056.0,413.0,933.0,367.0,3,193800.0
-121.92,38.34,2.0,7747.0,1133.0,3481.0,1083.0,6,181000.0
-121.92,38.03,16.0,2176.0,464.0,1410.0,434.0,4,100200.0
-121.92,38.02,16.0,1840.0,355.0,1288.0,338.0,4,125000.0
-121.92,38.01,7.0,1632.0,248.0,879.0,262.0,6,166000.0
-121.92,37.96,14.0,5332.0,884.0,2093.0,839.0,5,237400.0
-121.92,37.74,8.0,452.0,51.0,140.0,43.0,13,432400.0
-121.92,37.73,24.0,1407.0,327.0,501.0,295.0,2,157200.0
-121.92,37.72,4.0,7477.0,1576.0,2937.0,1506.0,5,299400.0
-121.92,37.69,13.0,3742.0,555.0,1590.0,559.0,7,285400.0
-121.92,37.68,23.0,1655.0,223.0,706.0,219.0,7,291900.0
-121.92,37.64,46.0,1280.0,209.0,512.0,208.0,5,315600.0
-121.92,37.53,7.0,28258.0,3864.0,12203.0,3701.0,8,451100.0
-121.92,37.49,10.0,7441.0,1588.0,3571.0,1466.0,5,193100.0
-121.92,37.48,23.0,4314.0,676.0,1972.0,623.0,5,264400.0
-121.92,37.47,26.0,2016.0,322.0,1105.0,357.0,6,246900.0
-121.92,37.45,10.0,3937.0,1054.0,2032.0,1002.0,3,252200.0
-121.92,37.36,42.0,198.0,32.0,158.0,32.0,3,137500.0
-121.92,37.34,42.0,2101.0,524.0,1212.0,526.0,4,239200.0
-121.92,37.34,35.0,357.0,120.0,377.0,99.0,3,204200.0
-121.92,37.33,52.0,2009.0,338.0,841.0,338.0,6,295800.0
-121.92,37.32,39.0,836.0,254.0,704.0,272.0,4,192600.0
-121.92,37.32,31.0,1902.0,554.0,1485.0,494.0,2,165600.0
-121.92,37.32,28.0,2089.0,641.0,1666.0,587.0,2,198400.0
-121.92,37.31,34.0,876.0,150.0,424.0,163.0,5,241100.0
-121.92,37.31,13.0,6035.0,1551.0,2946.0,1481.0,4,213900.0
-121.92,37.3,35.0,1335.0,296.0,635.0,296.0,4,345800.0
-121.92,37.29,35.0,2189.0,307.0,800.0,320.0,8,426900.0
-121.92,37.29,34.0,943.0,135.0,378.0,139.0,5,344600.0
-121.92,37.29,32.0,1260.0,199.0,560.0,207.0,7,346700.0
-121.92,37.28,27.0,3028.0,486.0,1284.0,498.0,5,308800.0
-121.92,37.28,26.0,6201.0,783.0,2381.0,819.0,8,397000.0
-121.92,37.27,33.0,3280.0,569.0,1583.0,559.0,5,253500.0
-121.92,37.27,29.0,5536.0,862.0,2651.0,881.0,6,282100.0
-121.92,37.26,33.0,1306.0,259.0,762.0,237.0,5,230700.0
-121.92,37.25,36.0,3874.0,656.0,1826.0,639.0,5,258500.0
-121.92,37.25,34.0,2231.0,360.0,1035.0,365.0,5,243200.0
-121.92,37.24,27.0,1265.0,216.0,660.0,232.0,5,281200.0
-121.92,37.24,26.0,6777.0,1051.0,3319.0,1061.0,6,279400.0
-121.92,36.62,52.0,974.0,190.0,403.0,181.0,4,236500.0
-121.92,36.62,52.0,867.0,199.0,391.0,187.0,3,234600.0
-121.92,36.62,52.0,728.0,161.0,313.0,142.0,3,254500.0
-121.92,36.62,52.0,1410.0,303.0,578.0,285.0,3,235400.0
-121.92,36.62,52.0,1001.0,191.0,425.0,184.0,4,241700.0
-121.92,36.62,47.0,1811.0,401.0,948.0,375.0,3,249300.0
-121.92,36.61,29.0,3735.0,808.0,1873.0,757.0,3,253800.0
-121.92,36.61,27.0,3044.0,661.0,1229.0,618.0,3,268000.0
-121.92,36.61,21.0,1242.0,340.0,834.0,362.0,2,243800.0
-121.92,36.56,40.0,2124.0,449.0,643.0,341.0,6,369100.0
-121.92,36.56,39.0,2144.0,538.0,749.0,419.0,3,364000.0
-121.92,36.55,52.0,2616.0,483.0,582.0,313.0,3,500001.0
-121.92,36.55,44.0,3494.0,635.0,693.0,415.0,4,452800.0
-121.92,36.55,37.0,2190.0,419.0,490.0,300.0,4,465800.0
-121.92,36.54,33.0,5323.0,887.0,1670.0,740.0,4,468000.0
-121.93,41.86,28.0,4225.0,835.0,1908.0,686.0,2,44000.0
-121.93,38.02,13.0,1524.0,286.0,940.0,308.0,5,154800.0
-121.93,37.93,16.0,2169.0,262.0,877.0,245.0,7,312600.0
-121.93,37.89,13.0,2085.0,292.0,852.0,264.0,7,366700.0
-121.93,37.78,2.0,227.0,35.0,114.0,49.0,3,434700.0
-121.93,37.76,5.0,2255.0,269.0,876.0,258.0,10,461400.0
-121.93,37.74,16.0,3326.0,419.0,1272.0,402.0,7,343500.0
-121.93,37.73,23.0,2564.0,347.0,1043.0,351.0,6,275000.0
-121.93,37.71,26.0,4822.0,845.0,2288.0,805.0,4,206000.0
-121.93,37.7,3.0,2456.0,582.0,793.0,456.0,4,225600.0
-121.93,37.66,24.0,3166.0,424.0,1081.0,400.0,8,500001.0
-121.93,37.54,25.0,1354.0,192.0,596.0,220.0,7,352400.0
-121.93,37.53,27.0,5532.0,973.0,2855.0,960.0,5,243500.0
-121.93,37.49,5.0,1150.0,311.0,648.0,245.0,4,300000.0
-121.93,37.4,34.0,148.0,28.0,132.0,13.0,3,67500.0
-121.93,37.35,36.0,1823.0,410.0,1589.0,387.0,3,234100.0
-121.93,37.33,44.0,2142.0,358.0,846.0,375.0,5,421000.0
-121.93,37.32,52.0,1460.0,492.0,1165.0,455.0,3,167500.0
-121.93,37.32,50.0,1135.0,215.0,500.0,207.0,4,211300.0
-121.93,37.31,29.0,1377.0,430.0,969.0,399.0,3,252800.0
-121.93,37.31,26.0,2182.0,704.0,1638.0,704.0,3,229800.0
-121.93,37.3,16.0,2111.0,485.0,1285.0,499.0,5,292500.0
-121.93,37.3,16.0,1111.0,226.0,317.0,199.0,3,233300.0
-121.93,37.3,14.0,6277.0,1742.0,3025.0,1630.0,4,234200.0
-121.93,37.29,36.0,2241.0,437.0,989.0,442.0,4,288200.0
-121.93,37.28,34.0,2422.0,370.0,1010.0,395.0,6,376200.0
-121.93,37.27,35.0,1855.0,345.0,985.0,329.0,6,255100.0
-121.93,37.27,30.0,2862.0,544.0,1387.0,542.0,5,278100.0
-121.93,37.26,39.0,1103.0,175.0,446.0,163.0,3,291300.0
-121.93,37.25,32.0,1555.0,287.0,779.0,284.0,6,260100.0
-121.93,37.25,21.0,1354.0,289.0,639.0,273.0,5,234200.0
-121.93,37.24,26.0,2574.0,414.0,1096.0,428.0,6,335900.0
-121.93,37.22,21.0,4872.0,594.0,1811.0,560.0,9,500001.0
-121.93,37.13,37.0,1150.0,203.0,511.0,179.0,6,398500.0
-121.93,37.05,14.0,679.0,108.0,306.0,113.0,6,340600.0
-121.93,37.04,36.0,1522.0,230.0,677.0,206.0,6,363500.0
-121.93,36.99,19.0,6356.0,1100.0,2954.0,1070.0,5,283500.0
-121.93,36.63,28.0,3983.0,852.0,1582.0,778.0,4,313900.0
-121.93,36.62,39.0,869.0,173.0,406.0,165.0,4,253800.0
-121.93,36.62,34.0,2351.0,440.0,1063.0,428.0,4,278000.0
-121.93,36.6,33.0,3455.0,683.0,1704.0,663.0,4,225700.0
-121.93,36.59,25.0,2201.0,353.0,622.0,295.0,5,386500.0
-121.94,39.45,39.0,844.0,161.0,535.0,165.0,2,70500.0
-121.94,38.89,15.0,1462.0,314.0,774.0,271.0,3,91700.0
-121.94,38.41,15.0,1263.0,211.0,665.0,208.0,4,260900.0
-121.94,38.38,25.0,182.0,48.0,71.0,52.0,1,78600.0
-121.94,38.37,17.0,7973.0,1591.0,2899.0,1502.0,3,120100.0
-121.94,38.27,35.0,10869.0,2226.0,9879.0,2152.0,3,81300.0
-121.94,38.03,27.0,1654.0,478.0,1141.0,420.0,1,87100.0
-121.94,38.02,29.0,5765.0,1170.0,3266.0,1131.0,3,113900.0
-121.94,37.95,18.0,2541.0,355.0,986.0,346.0,7,288000.0
-121.94,37.93,16.0,3421.0,427.0,1341.0,428.0,8,320400.0
-121.94,37.83,11.0,2836.0,373.0,959.0,335.0,11,500001.0
-121.94,37.8,8.0,11336.0,1657.0,4089.0,1555.0,8,369200.0
-121.94,37.76,4.0,6875.0,1439.0,2889.0,1307.0,5,356100.0
-121.94,37.75,17.0,2559.0,370.0,1238.0,377.0,6,269800.0
-121.94,37.73,22.0,1980.0,291.0,861.0,290.0,6,258200.0
-121.94,37.71,15.0,6473.0,1027.0,2484.0,970.0,5,271100.0
-121.94,37.56,15.0,5674.0,748.0,2412.0,714.0,8,442900.0
-121.94,37.54,31.0,2537.0,382.0,1067.0,410.0,7,356000.0
-121.94,37.54,27.0,3715.0,526.0,1631.0,538.0,6,305300.0
-121.94,37.53,33.0,2095.0,342.0,941.0,304.0,6,259600.0
-121.94,37.42,16.0,3936.0,788.0,1910.0,769.0,5,112500.0
-121.94,37.35,52.0,906.0,227.0,1662.0,219.0,3,231600.0
-121.94,37.35,18.0,1922.0,561.0,1096.0,545.0,2,244000.0
-121.94,37.34,36.0,3142.0,632.0,1372.0,560.0,5,246100.0
-121.94,37.34,29.0,3377.0,853.0,1674.0,792.0,3,229300.0
-121.94,37.33,37.0,1822.0,329.0,845.0,348.0,5,251100.0
-121.94,37.33,36.0,1893.0,359.0,797.0,360.0,4,257600.0
-121.94,37.33,34.0,1809.0,317.0,863.0,302.0,4,330500.0
-121.94,37.32,46.0,2451.0,472.0,1163.0,448.0,5,225800.0
-121.94,37.31,5.0,2364.0,578.0,1102.0,502.0,5,246400.0
-121.94,37.31,30.0,4238.0,1010.0,1914.0,972.0,4,307000.0
-121.94,37.31,30.0,1680.0,312.0,858.0,310.0,4,280500.0
-121.94,37.3,30.0,1758.0,248.0,814.0,256.0,7,332500.0
-121.94,37.3,26.0,4348.0,814.0,2347.0,810.0,5,293000.0
-121.94,37.3,25.0,1455.0,370.0,734.0,331.0,3,262500.0
-121.94,37.29,22.0,2593.0,637.0,1249.0,623.0,4,212500.0
-121.94,37.29,20.0,710.0,188.0,363.0,176.0,4,214100.0
-121.94,37.28,27.0,2859.0,464.0,1144.0,430.0,5,327500.0
-121.94,37.27,39.0,1030.0,191.0,537.0,175.0,4,236900.0
-121.94,37.26,43.0,2104.0,388.0,1137.0,403.0,5,238000.0
-121.94,37.26,21.0,3843.0,716.0,1850.0,705.0,5,264200.0
-121.94,37.25,16.0,3942.0,749.0,1894.0,737.0,5,332800.0
-121.94,37.24,35.0,1484.0,244.0,664.0,238.0,5,245300.0
-121.94,37.24,26.0,2561.0,388.0,1165.0,393.0,7,363800.0
-121.94,37.24,19.0,1741.0,294.0,632.0,279.0,6,290500.0
-121.94,37.0,32.0,2210.0,426.0,1082.0,396.0,4,315200.0
-121.94,36.99,11.0,4571.0,924.0,2004.0,847.0,4,221700.0
-121.94,36.98,21.0,3520.0,831.0,1486.0,753.0,3,264300.0
-121.94,36.97,31.0,1738.0,422.0,746.0,355.0,3,330800.0
-121.94,36.57,28.0,3153.0,409.0,569.0,271.0,14,500001.0
-121.95,38.65,19.0,1265.0,228.0,755.0,218.0,3,69800.0
-121.95,38.43,19.0,3011.0,551.0,1665.0,535.0,5,232800.0
-121.95,38.34,9.0,4999.0,874.0,2687.0,817.0,4,142100.0
-121.95,38.03,5.0,5526.0,1102.0,3207.0,1012.0,4,143100.0
-121.95,38.02,9.0,3360.0,833.0,2041.0,810.0,2,100700.0
-121.95,37.96,18.0,2739.0,393.0,1072.0,374.0,6,259500.0
-121.95,37.94,27.0,1469.0,216.0,578.0,219.0,6,253600.0
-121.95,37.94,21.0,3153.0,411.0,1318.0,431.0,7,285400.0
-121.95,37.81,5.0,7178.0,898.0,2823.0,907.0,9,450400.0
-121.95,37.78,4.0,14652.0,2826.0,5613.0,2579.0,6,356700.0
-121.95,37.74,19.0,5721.0,837.0,2653.0,813.0,6,266000.0
-121.95,37.74,19.0,1127.0,170.0,518.0,167.0,6,250000.0
-121.95,37.55,21.0,10687.0,1540.0,4552.0,1520.0,7,333400.0
-121.95,37.54,29.0,3517.0,645.0,1724.0,585.0,5,248900.0
-121.95,37.52,33.0,3994.0,764.0,2721.0,763.0,5,196900.0
-121.95,37.41,13.0,2164.0,412.0,1087.0,411.0,5,137500.0
-121.95,37.39,24.0,5230.0,934.0,3795.0,970.0,5,264100.0
-121.95,37.38,22.0,765.0,198.0,390.0,176.0,3,87500.0
-121.95,37.36,27.0,3236.0,832.0,2230.0,798.0,4,208600.0
-121.95,37.36,25.0,3472.0,956.0,2267.0,944.0,3,235600.0
-121.95,37.35,48.0,1246.0,294.0,697.0,284.0,4,235500.0
-121.95,37.35,42.0,1421.0,330.0,659.0,303.0,3,237900.0
-121.95,37.35,36.0,832.0,211.0,545.0,211.0,3,244400.0
-121.95,37.34,25.0,5236.0,1320.0,2529.0,1213.0,3,256100.0
-121.95,37.33,36.0,1683.0,286.0,740.0,324.0,5,294700.0
-121.95,37.33,31.0,1866.0,465.0,821.0,447.0,2,275900.0
-121.95,37.32,39.0,1164.0,199.0,619.0,231.0,5,263200.0
-121.95,37.32,33.0,726.0,168.0,351.0,147.0,3,270500.0
-121.95,37.31,27.0,4140.0,969.0,2135.0,893.0,4,264600.0
-121.95,37.3,25.0,5641.0,1517.0,3786.0,1410.0,3,267500.0
-121.95,37.3,21.0,4193.0,1068.0,2487.0,1011.0,4,293000.0
-121.95,37.29,9.0,1503.0,381.0,715.0,349.0,5,234300.0
-121.95,37.29,30.0,3734.0,813.0,1834.0,824.0,3,260000.0
-121.95,37.28,52.0,777.0,148.0,362.0,144.0,4,262500.0
-121.95,37.28,19.0,7027.0,1847.0,3759.0,1753.0,3,242900.0
-121.95,37.27,17.0,1330.0,271.0,408.0,258.0,2,181300.0
-121.95,37.26,10.0,3611.0,803.0,1599.0,716.0,5,248700.0
-121.95,37.25,34.0,2906.0,544.0,1282.0,522.0,6,268200.0
-121.95,37.25,30.0,3298.0,634.0,1532.0,602.0,5,332000.0
-121.95,37.24,37.0,3109.0,541.0,1566.0,544.0,6,413500.0
-121.95,37.24,32.0,1382.0,239.0,705.0,251.0,6,405400.0
-121.95,37.21,20.0,2345.0,322.0,890.0,276.0,10,500001.0
-121.95,37.11,21.0,2387.0,357.0,913.0,341.0,8,397700.0
-121.95,36.61,31.0,1736.0,250.0,497.0,170.0,6,407800.0
-121.95,36.6,32.0,3152.0,504.0,793.0,426.0,7,469900.0
-121.95,36.59,22.0,3553.0,530.0,1108.0,441.0,6,417100.0
-121.96,39.3,39.0,701.0,130.0,271.0,89.0,2,112500.0
-121.96,38.54,6.0,1485.0,318.0,894.0,308.0,3,139600.0
-121.96,38.36,11.0,3208.0,790.0,1772.0,694.0,3,218800.0
-121.96,38.35,20.0,1415.0,266.0,667.0,250.0,4,117300.0
-121.96,38.34,7.0,3292.0,698.0,1911.0,702.0,4,140300.0
-121.96,38.34,15.0,2857.0,373.0,1325.0,359.0,6,151700.0
-121.96,38.34,14.0,3035.0,680.0,1597.0,663.0,4,143500.0
-121.96,38.33,3.0,7985.0,1257.0,3664.0,1215.0,5,158300.0
-121.96,38.32,12.0,5127.0,998.0,2749.0,976.0,4,130600.0
-121.96,38.02,35.0,2691.0,542.0,1409.0,505.0,3,95300.0
-121.96,37.99,2.0,3129.0,707.0,1606.0,698.0,3,210100.0
-121.96,37.96,28.0,1838.0,273.0,899.0,270.0,5,229200.0
-121.96,37.95,7.0,3418.0,740.0,1583.0,676.0,4,196100.0
-121.96,37.95,25.0,4026.0,791.0,1850.0,709.0,4,181200.0
-121.96,37.95,13.0,3216.0,765.0,1627.0,715.0,3,167800.0
-121.96,37.94,26.0,3084.0,505.0,1557.0,501.0,5,194700.0
-121.96,37.85,10.0,3209.0,379.0,1199.0,392.0,12,500001.0
-121.96,37.84,29.0,7479.0,977.0,2744.0,943.0,8,398200.0
-121.96,37.81,12.0,6488.0,778.0,2404.0,765.0,8,403400.0
-121.96,37.76,8.0,3865.0,463.0,1548.0,432.0,10,425100.0
-121.96,37.71,6.0,8072.0,1050.0,3386.0,1062.0,7,336500.0
-121.96,37.54,14.0,5106.0,1207.0,2738.0,1108.0,4,236000.0
-121.96,37.53,28.0,2949.0,529.0,1538.0,545.0,5,228000.0
-121.96,37.53,23.0,2215.0,475.0,1278.0,492.0,4,218800.0
-121.96,37.53,18.0,2375.0,652.0,1252.0,586.0,3,235900.0
-121.96,37.52,26.0,4211.0,741.0,2352.0,734.0,5,223900.0
-121.96,37.51,22.0,5811.0,1125.0,3215.0,1086.0,4,223500.0
-121.96,37.43,18.0,2514.0,578.0,2205.0,545.0,3,158000.0
-121.96,37.41,17.0,3208.0,617.0,2286.0,602.0,5,238000.0
-121.96,37.39,20.0,1032.0,229.0,658.0,238.0,5,219300.0
-121.96,37.36,33.0,2581.0,623.0,1598.0,628.0,4,261400.0
-121.96,37.36,16.0,5040.0,1325.0,3150.0,1196.0,4,264500.0
-121.96,37.35,37.0,1755.0,325.0,699.0,321.0,4,251300.0
-121.96,37.35,32.0,1484.0,274.0,673.0,272.0,5,279900.0
-121.96,37.34,42.0,2001.0,402.0,942.0,375.0,4,255400.0
-121.96,37.34,34.0,1461.0,299.0,739.0,276.0,3,252600.0
-121.96,37.33,26.0,3269.0,788.0,1427.0,696.0,4,288300.0
-121.96,37.32,11.0,1711.0,493.0,1094.0,543.0,4,227700.0
-121.96,37.31,31.0,3890.0,711.0,1898.0,717.0,5,290900.0
-121.96,37.31,26.0,4310.0,678.0,1819.0,686.0,7,365500.0
-121.96,37.3,23.0,4040.0,843.0,2181.0,843.0,4,303400.0
-121.96,37.29,24.0,1240.0,263.0,690.0,276.0,5,283000.0
-121.96,37.28,33.0,1940.0,327.0,877.0,314.0,5,280400.0
-121.96,37.28,28.0,5018.0,1066.0,2846.0,998.0,4,273900.0
-121.96,37.27,31.0,3347.0,589.0,1566.0,597.0,6,286800.0
-121.96,37.27,22.0,6114.0,1211.0,2983.0,1163.0,5,269100.0
-121.96,37.26,22.0,1408.0,351.0,636.0,294.0,2,333300.0
-121.96,37.25,35.0,1018.0,169.0,484.0,174.0,6,371900.0
-121.96,37.25,19.0,1858.0,359.0,790.0,347.0,5,339300.0
-121.96,37.24,26.0,3032.0,605.0,1208.0,562.0,5,430900.0
-121.96,37.23,36.0,4423.0,632.0,1719.0,608.0,8,476400.0
-121.96,37.22,35.0,4709.0,723.0,1866.0,694.0,8,500001.0
-121.96,37.13,26.0,50.0,5.0,17.0,4.0,15,400000.0
-121.96,37.1,20.0,922.0,155.0,361.0,135.0,6,331500.0
-121.96,37.06,16.0,1321.0,224.0,650.0,206.0,6,390000.0
-121.96,37.03,17.0,1343.0,203.0,511.0,185.0,5,386400.0
-121.96,36.98,16.0,4907.0,1117.0,2265.0,1048.0,3,229200.0
-121.96,36.97,23.0,4324.0,1034.0,1844.0,875.0,3,263800.0
-121.96,36.88,37.0,2846.0,553.0,939.0,433.0,5,294400.0
-121.97,39.79,16.0,1453.0,299.0,904.0,286.0,4,89600.0
-121.97,38.35,17.0,5678.0,1116.0,3182.0,1135.0,4,122000.0
-121.97,38.34,16.0,2331.0,450.0,1074.0,400.0,4,126800.0
-121.97,38.34,11.0,1500.0,319.0,899.0,304.0,5,127200.0
-121.97,38.03,17.0,3685.0,685.0,1939.0,649.0,4,139800.0
-121.97,37.97,27.0,1691.0,289.0,807.0,296.0,6,210500.0
-121.97,37.97,24.0,1330.0,183.0,656.0,205.0,5,244100.0
-121.97,37.96,28.0,1433.0,290.0,877.0,313.0,5,184800.0
-121.97,37.95,8.0,4253.0,709.0,1883.0,662.0,5,246700.0
-121.97,37.93,4.0,3241.0,464.0,1552.0,494.0,7,307000.0
-121.97,37.87,4.0,1029.0,126.0,416.0,122.0,13,500001.0
-121.97,37.8,17.0,3279.0,418.0,1222.0,381.0,8,356000.0
-121.97,37.79,17.0,5688.0,824.0,2111.0,773.0,7,312500.0
-121.97,37.79,16.0,3873.0,484.0,1451.0,501.0,7,341300.0
-121.97,37.77,13.0,7241.0,1007.0,3221.0,947.0,7,324600.0
-121.97,37.64,32.0,1283.0,194.0,485.0,171.0,6,431000.0
-121.97,37.57,21.0,4342.0,783.0,2172.0,789.0,5,247600.0
-121.97,37.56,13.0,8918.0,1823.0,4518.0,1772.0,5,254000.0
-121.97,37.55,17.0,4924.0,1247.0,3080.0,1182.0,3,189400.0
-121.97,37.54,31.0,1949.0,344.0,986.0,322.0,5,196200.0
-121.97,37.54,28.0,2312.0,496.0,1344.0,467.0,5,203200.0
-121.97,37.53,35.0,2277.0,420.0,1353.0,413.0,5,197000.0
-121.97,37.53,26.0,2506.0,387.0,1273.0,406.0,5,236400.0
-121.97,37.52,26.0,3761.0,623.0,1776.0,613.0,5,232600.0
-121.97,37.52,23.0,4925.0,948.0,2530.0,894.0,5,230900.0
-121.97,37.44,17.0,127.0,28.0,219.0,22.0,5,112500.0
-121.97,37.4,17.0,2937.0,558.0,1662.0,533.0,6,255500.0
-121.97,37.36,24.0,4841.0,894.0,2656.0,920.0,6,254500.0
-121.97,37.35,36.0,815.0,126.0,353.0,122.0,6,258300.0
-121.97,37.35,35.0,1880.0,370.0,926.0,321.0,4,269900.0
-121.97,37.35,35.0,1249.0,232.0,556.0,247.0,4,287100.0
-121.97,37.35,30.0,1955.0,388.0,999.0,386.0,5,287100.0
-121.97,37.34,33.0,3162.0,722.0,1553.0,686.0,4,266100.0
-121.97,37.33,21.0,8275.0,1566.0,3636.0,1524.0,5,302100.0
-121.97,37.31,25.0,5775.0,1225.0,3580.0,1138.0,4,314900.0
-121.97,37.31,21.0,7628.0,2166.0,3637.0,1749.0,4,267500.0
-121.97,37.3,31.0,3340.0,735.0,1891.0,686.0,5,275000.0
-121.97,37.3,25.0,5463.0,1351.0,2758.0,1310.0,3,277300.0
-121.97,37.29,29.0,2721.0,682.0,1602.0,646.0,3,265300.0
-121.97,37.28,27.0,2427.0,403.0,1301.0,438.0,5,277300.0
-121.97,37.28,25.0,4707.0,695.0,1995.0,642.0,7,296100.0
-121.97,37.26,19.0,2174.0,454.0,998.0,426.0,5,255100.0
-121.97,37.25,32.0,2892.0,496.0,1193.0,492.0,6,367800.0
-121.97,37.25,21.0,2775.0,389.0,856.0,350.0,8,496400.0
-121.97,37.23,22.0,2781.0,523.0,1291.0,516.0,5,445900.0
-121.97,37.01,21.0,2073.0,357.0,1044.0,351.0,5,371600.0
-121.97,37.0,25.0,990.0,166.0,522.0,185.0,5,272900.0
-121.97,36.98,17.0,2813.0,497.0,1337.0,477.0,4,252400.0
-121.97,36.97,24.0,3665.0,870.0,1954.0,833.0,3,228500.0
-121.97,36.97,15.0,2849.0,668.0,1546.0,582.0,3,228600.0
-121.97,36.96,27.0,4001.0,999.0,1808.0,945.0,3,234600.0
-121.98,38.52,27.0,3044.0,565.0,1583.0,514.0,3,126700.0
-121.98,38.37,21.0,3027.0,675.0,2018.0,642.0,3,111500.0
-121.98,38.36,33.0,1083.0,217.0,562.0,203.0,2,101700.0
-121.98,38.36,30.0,140.0,35.0,103.0,35.0,4,112500.0
-121.98,38.36,24.0,2434.0,630.0,1538.0,574.0,2,101100.0
-121.98,38.35,16.0,1697.0,267.0,832.0,277.0,4,132600.0
-121.98,38.34,18.0,3876.0,916.0,2386.0,867.0,3,129500.0
-121.98,38.34,13.0,3616.0,672.0,2022.0,652.0,4,134800.0
-121.98,38.29,4.0,8778.0,1291.0,4010.0,1188.0,5,187100.0
-121.98,38.05,31.0,2810.0,518.0,1640.0,503.0,3,98500.0
-121.98,37.97,26.0,2738.0,428.0,1316.0,430.0,5,213200.0
-121.98,37.96,22.0,2987.0,563.0,1420.0,540.0,4,204100.0
-121.98,37.96,12.0,5048.0,1122.0,2209.0,1014.0,3,126700.0
-121.98,37.95,16.0,2984.0,406.0,1317.0,397.0,7,265900.0
-121.98,37.95,14.0,6290.0,854.0,2724.0,820.0,7,267400.0
-121.98,37.82,18.0,9117.0,1248.0,3280.0,1167.0,8,351300.0
-121.98,37.81,18.0,2903.0,387.0,1127.0,372.0,6,359100.0
-121.98,37.8,16.0,2498.0,330.0,1027.0,343.0,8,343700.0
-121.98,37.74,8.0,2865.0,389.0,1376.0,417.0,8,399300.0
-121.98,37.58,20.0,4126.0,1031.0,2079.0,975.0,4,216900.0
-121.98,37.54,17.0,5133.0,1375.0,3386.0,1339.0,3,220800.0
-121.98,37.53,28.0,2829.0,566.0,1610.0,540.0,5,223200.0
-121.98,37.53,26.0,3179.0,703.0,2142.0,639.0,4,222700.0
-121.98,37.37,36.0,1651.0,344.0,1062.0,331.0,5,215400.0
-121.98,37.36,35.0,1440.0,267.0,743.0,259.0,5,254600.0
-121.98,37.36,35.0,1293.0,223.0,701.0,216.0,8,281900.0
-121.98,37.36,33.0,1582.0,272.0,809.0,267.0,6,287200.0
-121.98,37.36,32.0,1199.0,229.0,814.0,238.0,5,252100.0
-121.98,37.35,41.0,1150.0,249.0,729.0,260.0,4,261100.0
-121.98,37.35,36.0,1054.0,193.0,546.0,187.0,5,240000.0
-121.98,37.34,33.0,3570.0,776.0,1922.0,761.0,5,238700.0
-121.98,37.34,18.0,6649.0,1712.0,3604.0,1651.0,5,307400.0
-121.98,37.33,35.0,1907.0,326.0,912.0,313.0,6,294300.0
-121.98,37.33,30.0,3742.0,633.0,1721.0,631.0,6,302400.0
-121.98,37.33,30.0,2645.0,462.0,1506.0,480.0,6,330500.0
-121.98,37.32,17.0,9789.0,2552.0,4748.0,2206.0,4,279800.0
-121.98,37.31,34.0,2034.0,359.0,1016.0,375.0,6,288300.0
-121.98,37.31,32.0,2248.0,460.0,1191.0,419.0,6,288900.0
-121.98,37.31,28.0,3840.0,629.0,1883.0,662.0,6,335900.0
-121.98,37.3,30.0,3404.0,693.0,1794.0,633.0,5,283200.0
-121.98,37.29,33.0,2120.0,349.0,907.0,336.0,8,283000.0
-121.98,37.28,28.0,3688.0,633.0,1877.0,620.0,6,272600.0
-121.98,37.28,26.0,1182.0,309.0,620.0,306.0,3,269100.0
-121.98,37.27,29.0,2658.0,484.0,1318.0,498.0,5,298900.0
-121.98,37.26,27.0,2331.0,461.0,1178.0,447.0,5,340700.0
-121.98,37.25,19.0,755.0,93.0,267.0,99.0,15,500001.0
-121.98,37.24,35.0,3574.0,485.0,1325.0,476.0,9,500001.0
-121.98,37.23,33.0,3585.0,935.0,1511.0,835.0,3,396300.0
-121.98,37.16,42.0,2533.0,433.0,957.0,398.0,5,279900.0
-121.98,36.99,14.0,6787.0,1454.0,3416.0,1357.0,4,262400.0
-121.98,36.98,29.0,2681.0,632.0,1652.0,620.0,3,215800.0
-121.98,36.97,21.0,3349.0,737.0,1952.0,718.0,4,251900.0
-121.98,36.96,31.0,3209.0,723.0,1489.0,692.0,4,245100.0
-121.98,36.96,20.0,3495.0,818.0,2186.0,772.0,3,258300.0
-121.99,39.15,17.0,6440.0,1204.0,3266.0,1142.0,3,72000.0
-121.99,38.48,17.0,1824.0,348.0,934.0,305.0,5,250000.0
-121.99,38.36,35.0,2728.0,451.0,1290.0,452.0,3,117600.0
-121.99,38.36,33.0,146.0,31.0,75.0,31.0,4,84400.0
-121.99,38.34,16.0,1470.0,261.0,748.0,256.0,4,132200.0
-121.99,38.34,13.0,3252.0,610.0,1915.0,631.0,4,151700.0
-121.99,38.27,16.0,4138.0,758.0,1762.0,723.0,3,137500.0
-121.99,38.15,36.0,263.0,73.0,88.0,42.0,3,162500.0
-121.99,37.98,23.0,2293.0,411.0,969.0,399.0,4,184000.0
-121.99,37.97,30.0,3320.0,589.0,1470.0,543.0,5,184100.0
-121.99,37.96,17.0,2756.0,423.0,1228.0,426.0,6,200600.0
-121.99,37.96,16.0,3324.0,479.0,1470.0,461.0,8,260400.0
-121.99,37.82,22.0,1248.0,271.0,579.0,269.0,3,200000.0
-121.99,37.81,17.0,465.0,83.0,146.0,75.0,5,188500.0
-121.99,37.77,14.0,8213.0,1364.0,3283.0,1286.0,5,294800.0
-121.99,37.61,9.0,3666.0,711.0,2341.0,703.0,5,217000.0
-121.99,37.58,31.0,2878.0,478.0,1276.0,485.0,6,282500.0
-121.99,37.56,20.0,6462.0,1294.0,3288.0,1235.0,4,231200.0
-121.99,37.56,18.0,5505.0,1005.0,2641.0,971.0,5,269700.0
-121.99,37.55,28.0,2414.0,415.0,1106.0,453.0,5,268600.0
-121.99,37.55,16.0,6647.0,2098.0,4649.0,1903.0,3,213800.0
-121.99,37.54,28.0,3046.0,507.0,1772.0,516.0,5,227900.0
-121.99,37.53,25.0,5405.0,939.0,2831.0,923.0,5,222200.0
-121.99,37.4,35.0,1845.0,325.0,1343.0,317.0,5,235300.0
-121.99,37.4,24.0,3217.0,689.0,1196.0,684.0,3,226700.0
-121.99,37.39,25.0,3495.0,834.0,2484.0,797.0,5,230700.0
-121.99,37.37,27.0,1797.0,538.0,1610.0,531.0,4,237500.0
-121.99,37.36,33.0,2677.0,644.0,1469.0,633.0,3,261800.0
-121.99,37.36,33.0,2545.0,467.0,1287.0,458.0,6,282200.0
-121.99,37.36,33.0,2321.0,480.0,1230.0,451.0,5,270300.0
-121.99,37.36,32.0,1754.0,324.0,917.0,330.0,5,298300.0
-121.99,37.35,25.0,1527.0,325.0,707.0,339.0,4,212200.0
-121.99,37.35,16.0,3249.0,947.0,1637.0,841.0,5,198400.0
-121.99,37.34,27.0,3353.0,653.0,1571.0,621.0,5,315600.0
-121.99,37.34,26.0,3637.0,933.0,2249.0,905.0,4,262900.0
-121.99,37.33,35.0,1802.0,291.0,841.0,315.0,5,313900.0
-121.99,37.33,33.0,2023.0,425.0,1016.0,405.0,4,285800.0
-121.99,37.32,20.0,4461.0,864.0,2042.0,808.0,5,217700.0
-121.99,37.31,26.0,3285.0,502.0,1443.0,530.0,6,339600.0
-121.99,37.3,28.0,4863.0,901.0,2110.0,868.0,5,342000.0
-121.99,37.29,32.0,2930.0,481.0,1336.0,481.0,6,344100.0
-121.99,37.27,27.0,2937.0,497.0,1454.0,511.0,5,273500.0
-121.99,37.27,21.0,1214.0,192.0,500.0,185.0,8,347800.0
-121.99,37.27,17.0,1527.0,267.0,775.0,260.0,6,278000.0
-121.99,37.26,29.0,2718.0,365.0,982.0,339.0,8,500001.0
-121.99,37.26,17.0,4034.0,611.0,1158.0,560.0,8,442500.0
-121.99,37.25,25.0,1743.0,212.0,604.0,200.0,11,500001.0
-121.99,37.25,22.0,4240.0,532.0,1480.0,514.0,11,500001.0
-121.99,37.05,19.0,2023.0,392.0,955.0,328.0,5,353000.0
-121.99,36.99,29.0,3119.0,507.0,1476.0,487.0,6,281500.0
-121.99,36.99,16.0,1592.0,369.0,1039.0,351.0,4,207000.0
-121.99,36.98,40.0,1104.0,224.0,669.0,215.0,4,256300.0
-121.99,36.98,25.0,2113.0,422.0,1365.0,439.0,5,234600.0
-121.99,36.98,19.0,5613.0,1321.0,3018.0,1268.0,3,215600.0
-121.99,36.97,15.0,3044.0,786.0,1306.0,693.0,2,213200.0
-121.99,36.96,42.0,1275.0,272.0,451.0,200.0,5,422400.0
-122.0,38.99,39.0,1548.0,323.0,815.0,286.0,3,67500.0
-122.0,38.83,26.0,272.0,49.0,194.0,52.0,3,98400.0
-122.0,38.41,11.0,2838.0,429.0,1331.0,426.0,5,298400.0
-122.0,38.38,16.0,2509.0,366.0,1043.0,339.0,6,173400.0
-122.0,38.36,34.0,2735.0,539.0,1390.0,491.0,3,118800.0
-122.0,38.36,34.0,1502.0,282.0,860.0,297.0,3,135600.0
-122.0,38.35,34.0,432.0,65.0,208.0,71.0,6,136000.0
-122.0,38.35,34.0,1084.0,187.0,561.0,198.0,4,118900.0
-122.0,38.25,7.0,11768.0,1893.0,6657.0,1874.0,5,142900.0
-122.0,38.23,1.0,2062.0,343.0,872.0,268.0,5,191300.0
-122.0,38.03,4.0,2341.0,408.0,1235.0,431.0,6,165900.0
-122.0,37.99,28.0,4035.0,641.0,1881.0,659.0,5,192300.0
-122.0,37.98,36.0,404.0,77.0,237.0,88.0,5,161300.0
-122.0,37.98,35.0,1192.0,201.0,535.0,172.0,5,182000.0
-122.0,37.98,31.0,2030.0,337.0,867.0,341.0,5,193200.0
-122.0,37.97,27.0,2491.0,428.0,1171.0,431.0,5,202800.0
-122.0,37.96,32.0,3364.0,666.0,1980.0,678.0,4,179000.0
-122.0,37.96,28.0,4071.0,713.0,2033.0,647.0,5,190700.0
-122.0,37.95,9.0,2214.0,256.0,848.0,239.0,7,339200.0
-122.0,37.84,16.0,7681.0,946.0,2777.0,908.0,10,500001.0
-122.0,37.82,20.0,2206.0,458.0,926.0,432.0,5,256400.0
-122.0,37.58,6.0,4405.0,717.0,2071.0,688.0,6,295600.0
-122.0,37.55,27.0,6103.0,1249.0,3026.0,1134.0,4,332400.0
-122.0,37.54,29.0,4133.0,744.0,2023.0,749.0,5,275100.0
-122.0,37.54,26.0,1910.0,371.0,852.0,357.0,6,298900.0
-122.0,37.51,7.0,6352.0,1390.0,3223.0,1316.0,5,181700.0
-122.0,37.4,35.0,1542.0,298.0,1164.0,318.0,6,236900.0
-122.0,37.4,17.0,5121.0,1017.0,1470.0,968.0,3,81300.0
-122.0,37.4,17.0,4324.0,854.0,1656.0,885.0,4,232400.0
-122.0,37.39,36.0,1236.0,229.0,880.0,247.0,6,239400.0
-122.0,37.39,33.0,2154.0,405.0,1655.0,434.0,6,229800.0
-122.0,37.37,16.0,1434.0,372.0,804.0,361.0,4,178100.0
-122.0,37.36,25.0,3534.0,949.0,1880.0,849.0,3,337000.0
-122.0,37.36,19.0,2237.0,433.0,1158.0,426.0,7,368300.0
-122.0,37.36,17.0,6012.0,1737.0,3539.0,1625.0,4,239400.0
-122.0,37.36,17.0,2070.0,278.0,797.0,275.0,9,411200.0
-122.0,37.34,31.0,3344.0,620.0,1604.0,572.0,5,351500.0
-122.0,37.34,27.0,1716.0,290.0,817.0,301.0,6,343100.0
-122.0,37.33,30.0,4033.0,794.0,1788.0,807.0,6,338700.0
-122.0,37.32,34.0,3450.0,731.0,1915.0,689.0,5,244500.0
-122.0,37.31,33.0,4211.0,918.0,2389.0,861.0,5,242200.0
-122.0,37.28,35.0,3133.0,541.0,1449.0,555.0,6,346100.0
-122.0,37.28,33.0,2170.0,311.0,854.0,303.0,8,500001.0
-122.0,37.28,32.0,2782.0,495.0,1092.0,455.0,5,335900.0
-122.0,37.27,33.0,1664.0,271.0,759.0,272.0,6,415800.0
-122.0,37.23,36.0,3191.0,430.0,1234.0,440.0,9,500001.0
-122.0,37.08,17.0,4154.0,739.0,2149.0,693.0,6,373400.0
-122.0,37.06,20.0,2403.0,376.0,1149.0,369.0,6,304400.0
-122.0,37.0,16.0,32.0,4.0,36.0,5.0,3,137500.0
-122.0,36.98,43.0,1636.0,324.0,792.0,325.0,4,239200.0
-122.0,36.98,20.0,2502.0,454.0,981.0,399.0,4,275000.0
-122.0,36.93,51.0,1616.0,374.0,608.0,302.0,3,400000.0
-122.01,39.74,20.0,2332.0,518.0,1856.0,495.0,2,58700.0
-122.01,39.21,52.0,1989.0,392.0,985.0,396.0,3,75800.0
-122.01,39.21,50.0,1592.0,372.0,781.0,307.0,2,69100.0
-122.01,39.21,39.0,1214.0,250.0,660.0,249.0,2,75000.0
-122.01,38.44,12.0,2344.0,354.0,1035.0,321.0,5,281200.0
-122.01,38.37,16.0,3996.0,550.0,1673.0,539.0,6,175700.0
-122.01,38.36,28.0,1967.0,315.0,734.0,291.0,5,146200.0
-122.01,38.36,15.0,476.0,67.0,213.0,73.0,7,315200.0
-122.01,38.36,15.0,1176.0,166.0,485.0,171.0,6,228200.0
-122.01,38.35,18.0,4486.0,723.0,1600.0,697.0,4,189700.0
-122.01,38.27,17.0,9089.0,1542.0,4758.0,1520.0,4,126600.0
-122.01,38.26,12.0,4132.0,710.0,2087.0,633.0,5,139700.0
-122.01,38.25,16.0,1081.0,181.0,792.0,184.0,5,131300.0
-122.01,38.25,11.0,6550.0,1149.0,3570.0,1123.0,4,137900.0
-122.01,37.99,28.0,1900.0,401.0,918.0,351.0,4,144900.0
-122.01,37.98,34.0,1256.0,267.0,638.0,252.0,4,161000.0
-122.01,37.98,29.0,2001.0,373.0,956.0,370.0,4,194000.0
-122.01,37.98,25.0,1476.0,336.0,777.0,297.0,4,165500.0
-122.01,37.97,34.0,3259.0,498.0,1250.0,478.0,5,206200.0
-122.01,37.97,32.0,3012.0,527.0,1288.0,512.0,4,211500.0
-122.01,37.95,8.0,3866.0,539.0,1555.0,513.0,6,298200.0
-122.01,37.94,26.0,1619.0,224.0,706.0,220.0,6,268000.0
-122.01,37.94,23.0,3741.0,501.0,1339.0,499.0,7,322300.0
-122.01,37.94,18.0,2077.0,298.0,937.0,292.0,6,273600.0
-122.01,37.93,25.0,2652.0,335.0,1062.0,334.0,8,330200.0
-122.01,37.92,18.0,2808.0,337.0,1038.0,337.0,8,353600.0
-122.01,37.92,16.0,2638.0,345.0,1055.0,334.0,8,365800.0
-122.01,37.91,21.0,10093.0,1269.0,3645.0,1219.0,8,367700.0
-122.01,37.83,30.0,3917.0,549.0,1330.0,544.0,7,386600.0
-122.01,37.59,2.0,838.0,295.0,240.0,149.0,3,237500.0
-122.01,37.57,14.0,16199.0,2993.0,8117.0,2847.0,6,281800.0
-122.01,37.56,6.0,3028.0,778.0,1531.0,736.0,4,158000.0
-122.01,37.56,24.0,2563.0,485.0,1174.0,501.0,4,216100.0
-122.01,37.55,34.0,2791.0,495.0,1276.0,468.0,5,256300.0
-122.01,37.55,26.0,2068.0,532.0,1434.0,495.0,3,224200.0
-122.01,37.54,32.0,2572.0,406.0,1128.0,395.0,5,287600.0
-122.01,37.53,27.0,1890.0,303.0,889.0,314.0,6,287600.0
-122.01,37.4,14.0,4841.0,1130.0,813.0,517.0,4,137500.0
-122.01,37.39,36.0,1976.0,361.0,1348.0,371.0,6,252600.0
-122.01,37.39,26.0,2500.0,962.0,2374.0,879.0,4,222200.0
-122.01,37.39,16.0,3015.0,829.0,1769.0,807.0,4,249500.0
-122.01,37.38,32.0,726.0,204.0,538.0,203.0,5,230400.0
-122.01,37.37,25.0,2213.0,360.0,1066.0,390.0,7,360900.0
-122.01,37.37,11.0,2559.0,694.0,1309.0,668.0,4,167300.0
-122.01,37.36,25.0,2796.0,429.0,1267.0,426.0,7,349000.0
-122.01,37.36,21.0,2483.0,396.0,1194.0,424.0,7,346300.0
-122.01,37.36,16.0,1105.0,354.0,499.0,324.0,4,253600.0
-122.01,37.35,33.0,2517.0,496.0,1158.0,443.0,5,289500.0
-122.01,37.35,16.0,3716.0,916.0,1551.0,759.0,4,323600.0
-122.01,37.34,31.0,3080.0,526.0,1493.0,582.0,6,344200.0
-122.01,37.32,32.0,3108.0,613.0,1577.0,603.0,5,284000.0
-122.01,37.31,26.0,1391.0,241.0,700.0,236.0,7,332700.0
-122.01,37.29,31.0,3136.0,431.0,1190.0,412.0,8,500001.0
-122.01,37.28,22.0,2038.0,260.0,773.0,281.0,9,500001.0
-122.01,37.27,28.0,3825.0,473.0,1415.0,480.0,11,500001.0
-122.01,37.27,27.0,3340.0,451.0,1220.0,447.0,9,500001.0
-122.01,37.26,14.0,2561.0,404.0,1172.0,378.0,8,500001.0
-122.01,37.25,31.0,1574.0,193.0,551.0,191.0,10,500001.0
-122.01,37.18,37.0,3852.0,652.0,1534.0,567.0,6,318700.0
-122.01,37.06,19.0,4113.0,767.0,2006.0,732.0,5,308100.0
-122.01,37.03,21.0,5904.0,956.0,2616.0,916.0,6,355300.0
-122.01,36.99,41.0,2548.0,508.0,1290.0,488.0,4,233000.0
-122.01,36.99,28.0,1321.0,240.0,652.0,239.0,5,263100.0
-122.01,36.98,47.0,2403.0,517.0,1144.0,455.0,3,229400.0
-122.01,36.98,47.0,1250.0,249.0,607.0,234.0,4,265300.0
-122.01,36.97,52.0,920.0,202.0,525.0,264.0,3,232800.0
-122.01,36.97,35.0,1605.0,392.0,743.0,382.0,3,240000.0
-122.01,36.95,52.0,1217.0,325.0,508.0,237.0,2,326700.0
-122.01,36.91,19.0,691.0,191.0,324.0,167.0,3,388500.0
-122.02,38.38,16.0,808.0,137.0,371.0,145.0,6,216400.0
-122.02,38.37,16.0,2495.0,331.0,1118.0,338.0,6,198000.0
-122.02,38.27,20.0,2237.0,464.0,1169.0,425.0,3,99100.0
-122.02,38.26,8.0,2894.0,602.0,1566.0,572.0,4,131600.0
-122.02,38.26,27.0,3440.0,787.0,2085.0,748.0,3,104700.0
-122.02,38.25,10.0,2237.0,454.0,1255.0,429.0,3,126500.0
-122.02,38.02,44.0,1465.0,247.0,817.0,237.0,5,156900.0
-122.02,38.0,28.0,2965.0,533.0,1591.0,472.0,5,178200.0
-122.02,37.99,37.0,2247.0,416.0,1237.0,397.0,4,161900.0
-122.02,37.98,40.0,1797.0,401.0,756.0,369.0,3,165500.0
-122.02,37.98,37.0,1474.0,343.0,782.0,331.0,3,161700.0
-122.02,37.97,36.0,2342.0,436.0,1191.0,416.0,4,171000.0
-122.02,37.95,25.0,1205.0,260.0,608.0,272.0,2,208300.0
-122.02,37.95,22.0,3526.0,510.0,1660.0,508.0,6,237000.0
-122.02,37.94,23.0,3516.0,661.0,1465.0,623.0,4,213100.0
-122.02,37.94,19.0,3192.0,612.0,1317.0,594.0,4,267100.0
-122.02,37.92,26.0,5077.0,640.0,1872.0,636.0,7,351200.0
-122.02,37.89,29.0,6349.0,858.0,2450.0,778.0,8,356200.0
-122.02,37.88,16.0,3031.0,438.0,1087.0,421.0,7,287300.0
-122.02,37.87,14.0,3056.0,369.0,1209.0,377.0,8,441400.0
-122.02,37.84,34.0,1879.0,265.0,729.0,263.0,8,443800.0
-122.02,37.8,11.0,6200.0,907.0,2286.0,896.0,8,359300.0
-122.02,37.63,6.0,2445.0,590.0,1189.0,573.0,4,301100.0
-122.02,37.6,36.0,1633.0,345.0,1382.0,338.0,4,159600.0
-122.02,37.6,32.0,1295.0,280.0,1156.0,300.0,4,154300.0
-122.02,37.6,31.0,2155.0,522.0,1858.0,437.0,3,159800.0
-122.02,37.58,15.0,3052.0,760.0,2097.0,728.0,3,178100.0
-122.02,37.56,35.0,1716.0,312.0,914.0,316.0,6,214500.0
-122.02,37.56,23.0,4332.0,857.0,2461.0,829.0,4,223400.0
-122.02,37.4,33.0,2015.0,484.0,1285.0,419.0,4,226800.0
-122.02,37.39,35.0,2297.0,497.0,1428.0,497.0,5,239700.0
-122.02,37.38,43.0,1261.0,317.0,836.0,333.0,4,224600.0
-122.02,37.38,32.0,1889.0,487.0,1321.0,508.0,3,254400.0
-122.02,37.37,8.0,5686.0,1489.0,3250.0,1329.0,4,327700.0
-122.02,37.36,25.0,2074.0,387.0,1273.0,383.0,5,378000.0
-122.02,37.36,24.0,1709.0,437.0,892.0,408.0,5,335200.0
-122.02,37.36,21.0,2471.0,677.0,1486.0,689.0,4,243800.0
-122.02,37.35,26.0,2785.0,418.0,1221.0,422.0,8,365700.0
-122.02,37.35,22.0,3219.0,756.0,1479.0,667.0,4,354400.0
-122.02,37.35,18.0,1221.0,255.0,507.0,271.0,5,228400.0
-122.02,37.34,30.0,1036.0,151.0,467.0,156.0,6,360600.0
-122.02,37.34,28.0,2488.0,396.0,1190.0,410.0,6,344700.0
-122.02,37.34,26.0,1992.0,328.0,980.0,342.0,6,350000.0
-122.02,37.31,35.0,2355.0,384.0,1248.0,378.0,6,332500.0
-122.02,37.31,33.0,2563.0,434.0,1230.0,418.0,6,340100.0
-122.02,37.3,32.0,2134.0,328.0,903.0,322.0,6,341900.0
-122.02,37.3,26.0,1983.0,301.0,924.0,297.0,7,354600.0
-122.02,37.29,25.0,3845.0,492.0,1461.0,475.0,10,500001.0
-122.02,37.29,18.0,2550.0,312.0,999.0,320.0,9,500001.0
-122.02,37.28,25.0,3437.0,428.0,1198.0,411.0,9,500001.0
-122.02,37.26,34.0,1764.0,243.0,692.0,223.0,8,500001.0
-122.02,37.26,24.0,2411.0,299.0,847.0,299.0,10,500001.0
-122.02,37.24,28.0,2796.0,365.0,1085.0,363.0,11,500001.0
-122.02,37.11,36.0,2066.0,401.0,942.0,344.0,5,196400.0
-122.02,37.09,35.0,1818.0,368.0,682.0,254.0,5,240000.0
-122.02,36.99,30.0,2156.0,487.0,1023.0,458.0,3,245000.0
-122.02,36.98,44.0,1153.0,238.0,657.0,219.0,3,212500.0
-122.02,36.98,35.0,1053.0,263.0,552.0,237.0,3,217500.0
-122.02,36.98,21.0,607.0,155.0,226.0,136.0,2,166700.0
-122.02,36.97,29.0,2568.0,747.0,1743.0,659.0,2,195300.0
-122.02,36.96,52.0,775.0,305.0,1054.0,305.0,2,112500.0
-122.03,38.69,23.0,1796.0,380.0,939.0,330.0,3,96300.0
-122.03,38.3,5.0,1569.0,199.0,713.0,209.0,7,223900.0
-122.03,38.28,15.0,5114.0,833.0,2418.0,778.0,4,144000.0
-122.03,38.27,24.0,3580.0,735.0,1959.0,731.0,3,118500.0
-122.03,38.26,25.0,4617.0,1046.0,2685.0,1011.0,3,108500.0
-122.03,38.25,35.0,1940.0,384.0,1177.0,403.0,3,101100.0
-122.03,38.25,13.0,3334.0,541.0,1923.0,538.0,4,134800.0
-122.03,38.24,16.0,1104.0,164.0,495.0,156.0,5,157700.0
-122.03,38.0,25.0,3577.0,581.0,1753.0,593.0,6,178300.0
-122.03,37.99,37.0,1755.0,327.0,882.0,350.0,5,166600.0
-122.03,37.99,35.0,3103.0,537.0,1614.0,566.0,5,169300.0
-122.03,37.98,45.0,2842.0,567.0,1261.0,535.0,4,138200.0
-122.03,37.98,44.0,1254.0,252.0,498.0,217.0,3,148900.0
-122.03,37.98,16.0,1209.0,477.0,627.0,482.0,1,156300.0
-122.03,37.97,45.0,1613.0,338.0,865.0,336.0,3,151100.0
-122.03,37.97,20.0,3968.0,931.0,2629.0,903.0,3,166700.0
-122.03,37.96,20.0,2636.0,691.0,1142.0,627.0,2,162500.0
-122.03,37.95,32.0,1955.0,313.0,804.0,317.0,5,202300.0
-122.03,37.95,14.0,3287.0,793.0,1601.0,716.0,3,220500.0
-122.03,37.94,21.0,5541.0,776.0,2214.0,737.0,6,279300.0
-122.03,37.93,21.0,4712.0,624.0,1773.0,615.0,6,344800.0
-122.03,37.92,23.0,3318.0,408.0,1124.0,393.0,7,358800.0
-122.03,37.87,21.0,3521.0,447.0,1396.0,467.0,8,358700.0
-122.03,37.86,29.0,3025.0,477.0,1035.0,452.0,6,390600.0
-122.03,37.86,25.0,3004.0,393.0,1145.0,376.0,7,494000.0
-122.03,37.69,20.0,200.0,25.0,83.0,31.0,6,340000.0
-122.03,37.62,35.0,2072.0,352.0,1001.0,350.0,5,198700.0
-122.03,37.62,35.0,1298.0,236.0,632.0,204.0,4,209500.0
-122.03,37.62,32.0,2964.0,547.0,1472.0,527.0,4,221200.0
-122.03,37.61,37.0,1383.0,259.0,808.0,241.0,4,161400.0
-122.03,37.61,36.0,1409.0,271.0,1002.0,281.0,4,164900.0
-122.03,37.59,16.0,4371.0,889.0,2530.0,817.0,5,256000.0
-122.03,37.56,31.0,4981.0,964.0,2841.0,924.0,5,220200.0
-122.03,37.56,24.0,8444.0,1492.0,4446.0,1491.0,5,240300.0
-122.03,37.55,26.0,3087.0,532.0,1597.0,483.0,5,217300.0
-122.03,37.55,22.0,9167.0,1373.0,4319.0,1404.0,7,284800.0
-122.03,37.54,6.0,2918.0,672.0,1911.0,639.0,4,178200.0
-122.03,37.54,35.0,1867.0,343.0,1213.0,338.0,5,186000.0
-122.03,37.54,16.0,4458.0,856.0,3038.0,870.0,5,208000.0
-122.03,37.53,18.0,1746.0,437.0,1268.0,404.0,3,183300.0
-122.03,37.39,34.0,2600.0,650.0,1994.0,650.0,4,250200.0
-122.03,37.38,21.0,2667.0,798.0,1433.0,727.0,4,252400.0
-122.03,37.37,9.0,2966.0,770.0,1430.0,740.0,3,256000.0
-122.03,37.37,41.0,2123.0,425.0,1032.0,435.0,5,284800.0
-122.03,37.37,30.0,1269.0,290.0,556.0,266.0,4,325000.0
-122.03,37.37,16.0,3402.0,1193.0,1479.0,1043.0,4,500001.0
-122.03,37.36,28.0,2490.0,345.0,948.0,361.0,6,411900.0
-122.03,37.36,16.0,2697.0,803.0,1369.0,723.0,4,367400.0
-122.03,37.35,25.0,3095.0,514.0,1251.0,507.0,6,352100.0
-122.03,37.35,19.0,3811.0,1227.0,1930.0,1153.0,4,311400.0
-122.03,37.34,25.0,5404.0,906.0,2338.0,883.0,6,451800.0
-122.03,37.34,17.0,1165.0,278.0,598.0,287.0,4,342400.0
-122.03,37.34,16.0,1755.0,410.0,674.0,410.0,5,231200.0
-122.03,37.32,15.0,5132.0,1059.0,2156.0,982.0,6,404800.0
-122.03,37.31,25.0,2131.0,410.0,1132.0,395.0,5,409100.0
-122.03,37.3,30.0,3007.0,554.0,1551.0,616.0,6,326300.0
-122.03,37.3,22.0,3583.0,758.0,1792.0,695.0,5,335300.0
-122.03,37.29,22.0,3118.0,438.0,1147.0,425.0,10,500001.0
-122.03,37.28,29.0,3752.0,468.0,1320.0,471.0,10,500001.0
-122.03,37.27,32.0,4350.0,645.0,1551.0,609.0,8,500001.0
-122.03,37.25,34.0,2892.0,413.0,903.0,365.0,8,500001.0
-122.03,37.05,12.0,2010.0,422.0,784.0,407.0,4,190900.0
-122.03,37.03,21.0,4650.0,733.0,2014.0,704.0,6,322000.0
-122.03,37.0,30.0,2077.0,342.0,816.0,328.0,5,440500.0
-122.03,36.98,37.0,2817.0,716.0,1341.0,662.0,2,255400.0
-122.03,36.97,52.0,403.0,72.0,200.0,73.0,2,262500.0
-122.03,36.97,51.0,924.0,232.0,488.0,228.0,2,234400.0
-122.03,36.97,36.0,337.0,69.0,223.0,68.0,3,225000.0
-122.03,36.96,28.0,1607.0,421.0,926.0,385.0,2,216100.0
-122.03,36.96,18.0,2677.0,785.0,1391.0,656.0,3,232600.0
-122.04,39.72,23.0,2502.0,481.0,1443.0,455.0,3,70000.0
-122.04,39.22,27.0,1446.0,295.0,670.0,281.0,3,92800.0
-122.04,38.68,26.0,1113.0,222.0,689.0,234.0,3,83600.0
-122.04,38.28,25.0,3304.0,493.0,1464.0,488.0,5,130600.0
-122.04,38.27,16.0,8517.0,1910.0,4508.0,1837.0,3,129600.0
-122.04,38.26,34.0,3082.0,702.0,1795.0,703.0,3,105900.0
-122.04,38.25,52.0,582.0,131.0,241.0,106.0,2,125000.0
-122.04,38.25,38.0,1214.0,244.0,632.0,254.0,3,94200.0
-122.04,38.25,37.0,1176.0,291.0,648.0,271.0,3,92200.0
-122.04,38.25,32.0,1203.0,287.0,571.0,255.0,3,110400.0
-122.04,38.24,30.0,2081.0,456.0,1005.0,438.0,2,92900.0
-122.04,38.24,22.0,2761.0,757.0,2612.0,641.0,2,87500.0
-122.04,38.0,16.0,3077.0,733.0,1447.0,709.0,3,91100.0
-122.04,37.99,38.0,2675.0,541.0,1378.0,480.0,4,139900.0
-122.04,37.99,36.0,2765.0,495.0,1478.0,441.0,4,136200.0
-122.04,37.99,32.0,1504.0,279.0,749.0,267.0,3,134500.0
-122.04,37.97,26.0,2470.0,626.0,1174.0,573.0,3,160900.0
-122.04,37.96,27.0,2587.0,729.0,1500.0,623.0,2,175000.0
-122.04,37.96,20.0,1143.0,346.0,578.0,298.0,2,151800.0
-122.04,37.96,16.0,2913.0,723.0,1705.0,693.0,3,106300.0
-122.04,37.95,33.0,1653.0,334.0,814.0,328.0,3,163100.0
-122.04,37.95,29.0,866.0,138.0,341.0,133.0,5,197100.0
-122.04,37.94,24.0,5732.0,873.0,2444.0,888.0,6,231400.0
-122.04,37.9,20.0,5467.0,1044.0,2310.0,963.0,6,275800.0
-122.04,37.89,33.0,2423.0,322.0,998.0,346.0,8,349100.0
-122.04,37.67,29.0,1694.0,251.0,690.0,242.0,6,254200.0
-122.04,37.67,18.0,3000.0,419.0,1155.0,415.0,7,332600.0
-122.04,37.66,23.0,2419.0,348.0,1066.0,384.0,6,350000.0
-122.04,37.66,10.0,2031.0,357.0,867.0,352.0,5,299200.0
-122.04,37.63,33.0,952.0,172.0,369.0,159.0,3,226700.0
-122.04,37.63,21.0,1307.0,236.0,586.0,249.0,5,241900.0
-122.04,37.62,35.0,899.0,179.0,455.0,185.0,4,190400.0
-122.04,37.62,35.0,657.0,118.0,328.0,134.0,4,204200.0
-122.04,37.62,32.0,1540.0,324.0,793.0,302.0,3,193200.0
-122.04,37.6,17.0,3314.0,638.0,1873.0,602.0,4,238500.0
-122.04,37.59,14.0,1727.0,302.0,1116.0,273.0,5,243600.0
-122.04,37.58,14.0,14917.0,2708.0,8012.0,2606.0,6,269800.0
-122.04,37.55,23.0,3170.0,532.0,1446.0,515.0,4,291700.0
-122.04,37.54,26.0,2145.0,369.0,1285.0,377.0,5,223800.0
-122.04,37.53,34.0,2316.0,478.0,1524.0,467.0,4,190400.0
-122.04,37.53,25.0,4458.0,922.0,2998.0,890.0,4,218500.0
-122.04,37.5,17.0,407.0,97.0,307.0,100.0,3,156300.0
-122.04,37.38,38.0,2850.0,550.0,1518.0,514.0,4,273600.0
-122.04,37.37,42.0,1125.0,273.0,616.0,258.0,4,252800.0
-122.04,37.37,33.0,2757.0,489.0,1201.0,481.0,5,311600.0
-122.04,37.37,23.0,5135.0,911.0,2351.0,863.0,5,430100.0
-122.04,37.35,28.0,3250.0,485.0,1328.0,473.0,7,431600.0
-122.04,37.35,28.0,1582.0,264.0,696.0,270.0,6,370100.0
-122.04,37.34,28.0,3081.0,460.0,1260.0,461.0,8,432600.0
-122.04,37.34,25.0,1994.0,287.0,704.0,283.0,8,447300.0
-122.04,37.34,23.0,2590.0,725.0,1795.0,680.0,3,225000.0
-122.04,37.34,20.0,4475.0,1048.0,2271.0,1021.0,5,396200.0
-122.04,37.34,19.0,3694.0,1036.0,2496.0,986.0,4,271500.0
-122.04,37.33,26.0,2690.0,401.0,1264.0,429.0,8,474700.0
-122.04,37.32,27.0,2826.0,451.0,1259.0,439.0,6,431400.0
-122.04,37.31,29.0,2476.0,434.0,1217.0,416.0,6,393800.0
-122.04,37.31,24.0,3388.0,633.0,1627.0,585.0,5,355100.0
-122.04,37.3,25.0,3807.0,600.0,1678.0,600.0,7,411300.0
-122.04,37.3,25.0,2366.0,417.0,1076.0,398.0,7,345900.0
-122.04,37.29,19.0,3625.0,432.0,1252.0,409.0,12,500001.0
-122.04,37.26,24.0,4973.0,709.0,1692.0,696.0,8,500001.0
-122.04,37.24,24.0,1521.0,209.0,539.0,192.0,11,500001.0
-122.04,37.08,20.0,467.0,95.0,229.0,86.0,5,261500.0
-122.04,37.04,17.0,4977.0,994.0,1987.0,947.0,4,312300.0
-122.04,36.98,33.0,797.0,125.0,385.0,133.0,7,367600.0
-122.04,36.97,52.0,1901.0,335.0,955.0,301.0,4,253100.0
-122.04,36.97,49.0,792.0,136.0,331.0,137.0,5,238600.0
-122.04,36.97,45.0,1302.0,245.0,621.0,258.0,5,266400.0
-122.04,36.97,40.0,1193.0,227.0,570.0,204.0,4,237500.0
-122.04,36.97,30.0,2695.0,424.0,1098.0,420.0,5,362300.0
-122.04,36.96,44.0,1294.0,269.0,645.0,259.0,3,223900.0
-122.04,36.96,42.0,538.0,107.0,200.0,104.0,2,196400.0
-122.04,36.96,42.0,1149.0,264.0,703.0,232.0,3,206400.0
-122.04,36.96,32.0,1438.0,306.0,802.0,293.0,4,202000.0
-122.04,36.95,36.0,1862.0,364.0,1080.0,364.0,4,263800.0
-122.04,36.95,27.0,1987.0,374.0,961.0,343.0,4,265800.0
-122.05,39.34,44.0,1064.0,230.0,494.0,175.0,3,61500.0
-122.05,38.56,20.0,1005.0,168.0,457.0,157.0,6,225000.0
-122.05,38.26,32.0,1070.0,199.0,631.0,195.0,3,98900.0
-122.05,38.25,39.0,199.0,36.0,101.0,38.0,6,105400.0
-122.05,38.25,37.0,1336.0,251.0,680.0,231.0,4,99000.0
-122.05,38.0,36.0,2476.0,472.0,1213.0,393.0,4,136400.0
-122.05,38.0,16.0,1085.0,217.0,356.0,232.0,2,75000.0
-122.05,37.97,16.0,60.0,10.0,65.0,19.0,6,250000.0
-122.05,37.96,35.0,2190.0,384.0,1154.0,401.0,4,159800.0
-122.05,37.95,34.0,1408.0,277.0,738.0,269.0,4,169400.0
-122.05,37.95,27.0,3513.0,791.0,1875.0,694.0,3,182000.0
-122.05,37.95,22.0,5175.0,1213.0,2804.0,1091.0,3,144600.0
-122.05,37.95,20.0,563.0,107.0,246.0,123.0,5,190800.0
-122.05,37.94,22.0,4162.0,1194.0,1804.0,1185.0,3,179300.0
-122.05,37.94,22.0,2105.0,354.0,993.0,365.0,5,227800.0
-122.05,37.93,5.0,4274.0,1153.0,1503.0,881.0,4,266500.0
-122.05,37.92,14.0,12713.0,2558.0,4741.0,2412.0,5,234700.0
-122.05,37.9,32.0,4498.0,862.0,1818.0,851.0,5,321200.0
-122.05,37.9,32.0,2676.0,484.0,986.0,473.0,5,335700.0
-122.05,37.9,24.0,4125.0,1020.0,1699.0,873.0,3,271000.0
-122.05,37.89,37.0,1677.0,269.0,689.0,283.0,4,310600.0
-122.05,37.87,30.0,2296.0,329.0,847.0,322.0,7,397500.0
-122.05,37.68,32.0,2015.0,318.0,1019.0,340.0,6,240700.0
-122.05,37.68,23.0,7518.0,1279.0,3827.0,1294.0,5,216800.0
-122.05,37.61,16.0,1642.0,346.0,705.0,351.0,3,163900.0
-122.05,37.59,15.0,6243.0,1273.0,3163.0,1274.0,4,212500.0
-122.05,37.57,7.0,10648.0,1818.0,6075.0,1797.0,6,278200.0
-122.05,37.55,23.0,4247.0,835.0,2357.0,823.0,5,211300.0
-122.05,37.54,25.0,4209.0,731.0,2568.0,703.0,5,223100.0
-122.05,37.39,25.0,347.0,82.0,148.0,77.0,4,350000.0
-122.05,37.38,29.0,1875.0,340.0,816.0,350.0,5,336500.0
-122.05,37.38,23.0,3200.0,907.0,2029.0,866.0,4,450000.0
-122.05,37.37,35.0,1365.0,256.0,662.0,262.0,6,291400.0
-122.05,37.37,27.0,2687.0,768.0,1362.0,725.0,3,324200.0
-122.05,37.36,29.0,1733.0,255.0,679.0,278.0,8,406800.0
-122.05,37.36,27.0,2621.0,513.0,1063.0,523.0,4,409700.0
-122.05,37.35,34.0,2494.0,375.0,1399.0,382.0,7,388100.0
-122.05,37.34,34.0,2515.0,401.0,1079.0,399.0,8,423900.0
-122.05,37.34,31.0,1443.0,215.0,627.0,222.0,7,416500.0
-122.05,37.33,21.0,2052.0,346.0,933.0,351.0,5,416300.0
-122.05,37.33,17.0,3674.0,824.0,1364.0,694.0,6,436400.0
-122.05,37.31,25.0,4111.0,538.0,1585.0,568.0,9,500001.0
-122.05,37.11,39.0,1065.0,248.0,497.0,208.0,5,146300.0
-122.05,36.97,20.0,2428.0,473.0,1145.0,454.0,4,263800.0
-122.05,36.97,16.0,3363.0,611.0,1603.0,556.0,4,294100.0
-122.05,36.96,30.0,971.0,185.0,644.0,173.0,4,226500.0
-122.05,36.87,18.0,2232.0,440.0,1091.0,458.0,4,276000.0
-122.06,40.55,17.0,3057.0,577.0,1497.0,556.0,4,101000.0
-122.06,40.02,32.0,1435.0,277.0,690.0,254.0,2,68400.0
-122.06,38.27,14.0,6920.0,996.0,3196.0,978.0,5,171300.0
-122.06,38.26,36.0,1248.0,221.0,672.0,222.0,3,105900.0
-122.06,38.25,36.0,1818.0,323.0,953.0,298.0,3,99000.0
-122.06,38.25,34.0,1562.0,289.0,898.0,307.0,3,107200.0
-122.06,37.99,17.0,1319.0,316.0,384.0,269.0,2,137500.0
-122.06,37.99,16.0,2445.0,469.0,721.0,474.0,3,87500.0
-122.06,37.96,37.0,1784.0,313.0,788.0,304.0,4,189600.0
-122.06,37.96,10.0,7136.0,1691.0,2959.0,1507.0,4,182000.0
-122.06,37.95,36.0,2213.0,386.0,950.0,370.0,5,186400.0
-122.06,37.94,19.0,4005.0,972.0,1896.0,893.0,3,235700.0
-122.06,37.91,15.0,5393.0,1422.0,2133.0,1288.0,4,232800.0
-122.06,37.9,25.0,5869.0,1685.0,2669.0,1554.0,3,216100.0
-122.06,37.89,21.0,4985.0,1590.0,2575.0,1458.0,3,114300.0
-122.06,37.88,34.0,4781.0,703.0,1879.0,714.0,7,340900.0
-122.06,37.85,17.0,7475.0,1556.0,2092.0,1449.0,4,186500.0
-122.06,37.77,12.0,14316.0,2045.0,5781.0,2007.0,7,341600.0
-122.06,37.73,5.0,3596.0,467.0,1738.0,512.0,7,412500.0
-122.06,37.7,37.0,1893.0,310.0,821.0,315.0,5,231600.0
-122.06,37.67,22.0,3882.0,816.0,1830.0,743.0,4,180700.0
-122.06,37.65,33.0,1227.0,286.0,848.0,291.0,4,158200.0
-122.06,37.64,37.0,1468.0,304.0,1038.0,282.0,4,158200.0
-122.06,37.64,33.0,1160.0,252.0,729.0,220.0,4,146100.0
-122.06,37.64,20.0,1655.0,450.0,857.0,430.0,4,350000.0
-122.06,37.63,23.0,1939.0,356.0,841.0,364.0,3,169200.0
-122.06,37.63,12.0,6711.0,1374.0,3388.0,1289.0,4,208900.0
-122.06,37.6,22.0,3009.0,497.0,1640.0,514.0,5,235300.0
-122.06,37.6,18.0,1726.0,276.0,1186.0,310.0,5,231700.0
-122.06,37.6,17.0,5159.0,832.0,3174.0,817.0,6,234400.0
-122.06,37.58,15.0,8112.0,1376.0,4576.0,1348.0,6,253400.0
-122.06,37.39,26.0,18.0,4.0,8.0,4.0,4,375000.0
-122.06,37.38,21.0,1798.0,399.0,837.0,410.0,6,470000.0
-122.06,37.38,20.0,3401.0,768.0,1497.0,747.0,4,500001.0
-122.06,37.37,32.0,2510.0,578.0,1160.0,581.0,5,322700.0
-122.06,37.37,18.0,3058.0,661.0,1377.0,675.0,6,500001.0
-122.06,37.36,35.0,2693.0,493.0,1343.0,455.0,6,327500.0
-122.06,37.36,34.0,1747.0,250.0,662.0,257.0,7,500001.0
-122.06,37.35,31.0,1795.0,281.0,872.0,282.0,8,381800.0
-122.06,37.35,30.0,2040.0,294.0,787.0,278.0,9,500001.0
-122.06,37.34,20.0,3435.0,593.0,1293.0,553.0,7,451400.0
-122.06,37.34,13.0,2057.0,466.0,790.0,436.0,5,288300.0
-122.06,37.33,29.0,1945.0,269.0,826.0,275.0,8,498800.0
-122.06,37.32,30.0,3033.0,540.0,1440.0,507.0,6,380800.0
-122.06,37.3,11.0,5488.0,706.0,1947.0,641.0,11,500001.0
-122.06,37.0,14.0,1547.0,374.0,4731.0,348.0,2,131300.0
-122.06,36.96,52.0,65.0,17.0,24.0,10.0,4,258300.0
-122.07,40.95,14.0,2721.0,627.0,1356.0,468.0,3,73200.0
-122.07,38.41,17.0,3053.0,595.0,1434.0,557.0,3,245800.0
-122.07,38.27,8.0,6761.0,1234.0,3237.0,1177.0,4,173400.0
-122.07,38.26,15.0,1173.0,146.0,450.0,154.0,6,197700.0
-122.07,38.24,15.0,7937.0,1635.0,4390.0,1567.0,4,129800.0
-122.07,37.99,28.0,3310.0,574.0,1811.0,597.0,5,166900.0
-122.07,37.98,12.0,6915.0,1639.0,2940.0,1468.0,4,186100.0
-122.07,37.97,20.0,1705.0,353.0,856.0,341.0,4,211800.0
-122.07,37.96,34.0,1692.0,290.0,836.0,289.0,5,197100.0
-122.07,37.95,39.0,2199.0,388.0,1025.0,385.0,5,190000.0
-122.07,37.94,43.0,1454.0,234.0,683.0,258.0,4,265700.0
-122.07,37.94,36.0,2639.0,488.0,1111.0,476.0,4,205100.0
-122.07,37.94,30.0,1260.0,276.0,707.0,221.0,3,220800.0
-122.07,37.93,45.0,1544.0,244.0,614.0,238.0,5,226000.0
-122.07,37.93,25.0,7201.0,1521.0,3264.0,1433.0,4,252100.0
-122.07,37.92,26.0,3872.0,739.0,1629.0,684.0,4,225000.0
-122.07,37.91,33.0,1550.0,277.0,638.0,254.0,4,292500.0
-122.07,37.91,28.0,1731.0,295.0,810.0,295.0,5,259800.0
-122.07,37.89,38.0,757.0,124.0,319.0,123.0,6,263300.0
-122.07,37.89,28.0,3410.0,746.0,1428.0,670.0,4,266800.0
-122.07,37.88,11.0,1077.0,318.0,590.0,264.0,4,387200.0
-122.07,37.86,23.0,1025.0,205.0,263.0,191.0,3,155000.0
-122.07,37.86,17.0,1102.0,224.0,317.0,208.0,4,206300.0
-122.07,37.72,26.0,3204.0,477.0,1411.0,484.0,5,295200.0
-122.07,37.71,40.0,1808.0,302.0,746.0,270.0,5,254900.0
-122.07,37.71,36.0,2879.0,480.0,1235.0,455.0,5,241500.0
-122.07,37.7,39.0,1420.0,272.0,645.0,277.0,4,232500.0
-122.07,37.7,32.0,3400.0,736.0,1487.0,694.0,3,223200.0
-122.07,37.69,31.0,5914.0,1309.0,2999.0,1295.0,3,190500.0
-122.07,37.69,29.0,2304.0,618.0,1021.0,552.0,3,203800.0
-122.07,37.68,36.0,1815.0,426.0,1280.0,431.0,3,218100.0
-122.07,37.67,38.0,2104.0,409.0,1039.0,394.0,4,165300.0
-122.07,37.67,28.0,2932.0,739.0,1198.0,624.0,3,210800.0
-122.07,37.67,27.0,3239.0,671.0,1469.0,616.0,3,230600.0
-122.07,37.66,21.0,5031.0,1168.0,2461.0,1042.0,4,179300.0
-122.07,37.65,31.0,3300.0,790.0,2181.0,740.0,3,161800.0
-122.07,37.64,25.0,4524.0,860.0,2426.0,862.0,5,190900.0
-122.07,37.64,22.0,5861.0,1516.0,5436.0,1463.0,3,134900.0
-122.07,37.63,35.0,1931.0,376.0,1175.0,337.0,4,168100.0
-122.07,37.63,27.0,2784.0,723.0,2028.0,693.0,2,157600.0
-122.07,37.63,24.0,2329.0,465.0,1401.0,453.0,5,177600.0
-122.07,37.59,13.0,2578.0,551.0,1680.0,528.0,5,222000.0
-122.07,37.58,16.0,1893.0,338.0,1461.0,344.0,5,213700.0
-122.07,37.58,16.0,1644.0,251.0,1033.0,267.0,7,244300.0
-122.07,37.58,16.0,1606.0,240.0,1117.0,268.0,6,247000.0
-122.07,37.57,8.0,8647.0,1407.0,5019.0,1379.0,7,318300.0
-122.07,37.52,3.0,14014.0,2861.0,7205.0,2753.0,6,273500.0
-122.07,37.44,21.0,4599.0,986.0,2756.0,943.0,3,225000.0
-122.07,37.41,26.0,1184.0,225.0,815.0,218.0,6,322300.0
-122.07,37.4,16.0,3352.0,813.0,1440.0,729.0,4,262500.0
-122.07,37.4,15.0,2940.0,910.0,943.0,711.0,4,192200.0
-122.07,37.39,37.0,1169.0,239.0,589.0,249.0,5,330300.0
-122.07,37.39,30.0,1695.0,480.0,932.0,447.0,4,352500.0
-122.07,37.39,19.0,1465.0,342.0,646.0,345.0,5,289300.0
-122.07,37.38,26.0,1272.0,306.0,562.0,284.0,5,280200.0
-122.07,37.37,30.0,2937.0,407.0,1097.0,407.0,8,473500.0
-122.07,37.37,22.0,3770.0,727.0,1657.0,762.0,5,457500.0
-122.07,37.36,28.0,4612.0,608.0,1686.0,567.0,10,500001.0
-122.07,37.36,21.0,3244.0,426.0,1158.0,415.0,8,500001.0
-122.07,37.35,35.0,1579.0,210.0,570.0,196.0,9,500001.0
-122.07,37.35,35.0,1447.0,205.0,619.0,206.0,10,500001.0
-122.07,37.34,35.0,1172.0,184.0,512.0,175.0,7,500001.0
-122.07,37.34,33.0,1208.0,198.0,495.0,216.0,5,500001.0
-122.07,37.33,13.0,2173.0,349.0,891.0,345.0,8,420000.0
-122.07,37.31,24.0,4401.0,698.0,1818.0,685.0,7,500001.0
-122.07,37.08,21.0,5639.0,894.0,2670.0,871.0,6,270000.0
-122.07,37.06,31.0,1634.0,370.0,939.0,332.0,4,232300.0
-122.08,40.09,19.0,2611.0,503.0,1185.0,483.0,2,94000.0
-122.08,38.3,2.0,6718.0,858.0,2012.0,654.0,7,305200.0
-122.08,37.99,19.0,4657.0,739.0,1914.0,732.0,5,199900.0
-122.08,37.96,21.0,9135.0,1534.0,3748.0,1502.0,6,266000.0
-122.08,37.95,33.0,1043.0,157.0,425.0,148.0,5,235600.0
-122.08,37.95,24.0,3173.0,548.0,1351.0,536.0,5,243000.0
-122.08,37.93,35.0,4043.0,689.0,1832.0,662.0,5,233200.0
-122.08,37.92,28.0,2377.0,469.0,1068.0,435.0,4,250000.0
-122.08,37.92,26.0,1733.0,265.0,796.0,274.0,6,264900.0
-122.08,37.89,39.0,3018.0,501.0,1223.0,489.0,6,283900.0
-122.08,37.87,26.0,2405.0,564.0,680.0,531.0,2,73400.0
-122.08,37.84,17.0,1320.0,159.0,1722.0,141.0,12,500001.0
-122.08,37.82,4.0,2045.0,237.0,830.0,252.0,11,500001.0
-122.08,37.72,31.0,3866.0,531.0,1368.0,521.0,6,340400.0
-122.08,37.71,38.0,3716.0,657.0,1784.0,652.0,5,220900.0
-122.08,37.71,38.0,1663.0,295.0,781.0,301.0,5,227000.0
-122.08,37.7,32.0,2718.0,447.0,1156.0,410.0,5,259300.0
-122.08,37.7,25.0,3402.0,758.0,1645.0,710.0,3,209900.0
-122.08,37.69,43.0,1575.0,324.0,740.0,284.0,3,181000.0
-122.08,37.69,36.0,2350.0,499.0,1105.0,467.0,3,195700.0
-122.08,37.68,37.0,848.0,202.0,314.0,205.0,2,190800.0
-122.08,37.68,26.0,2607.0,682.0,1401.0,607.0,3,184100.0
-122.08,37.68,26.0,1167.0,370.0,253.0,137.0,2,275000.0
-122.08,37.68,15.0,3051.0,685.0,1479.0,668.0,4,242200.0
-122.08,37.67,29.0,493.0,168.0,233.0,152.0,1,160000.0
-122.08,37.66,37.0,1997.0,436.0,1349.0,437.0,2,166600.0
-122.08,37.65,17.0,5018.0,1439.0,3069.0,1299.0,3,161900.0
-122.08,37.64,36.0,786.0,133.0,463.0,160.0,4,182700.0
-122.08,37.64,36.0,1340.0,245.0,789.0,248.0,4,172000.0
-122.08,37.64,36.0,1116.0,199.0,662.0,226.0,6,177900.0
-122.08,37.63,37.0,1793.0,364.0,1534.0,346.0,4,156600.0
-122.08,37.63,35.0,517.0,108.0,391.0,107.0,4,156900.0
-122.08,37.63,34.0,1619.0,293.0,1148.0,310.0,4,164700.0
-122.08,37.63,33.0,691.0,127.0,431.0,149.0,4,192600.0
-122.08,37.63,31.0,767.0,171.0,548.0,185.0,4,176000.0
-122.08,37.62,27.0,1826.0,309.0,1016.0,313.0,6,206500.0
-122.08,37.62,17.0,2485.0,518.0,1139.0,550.0,3,157300.0
-122.08,37.61,26.0,2261.0,443.0,1039.0,395.0,4,203900.0
-122.08,37.6,10.0,3046.0,678.0,2056.0,628.0,4,191700.0
-122.08,37.58,16.0,3349.0,544.0,2003.0,488.0,6,236500.0
-122.08,37.58,15.0,2576.0,418.0,1657.0,410.0,6,254400.0
-122.08,37.41,20.0,1896.0,456.0,1069.0,436.0,5,288900.0
-122.08,37.4,52.0,766.0,203.0,448.0,196.0,3,316700.0
-122.08,37.4,25.0,1750.0,341.0,999.0,319.0,6,308700.0
-122.08,37.4,19.0,3565.0,858.0,1639.0,744.0,4,277000.0
-122.08,37.39,46.0,1115.0,248.0,543.0,248.0,3,334300.0
-122.08,37.39,44.0,1498.0,430.0,848.0,400.0,3,307100.0
-122.08,37.39,4.0,2292.0,605.0,1050.0,584.0,5,340000.0
-122.08,37.39,39.0,2210.0,483.0,1023.0,450.0,5,342400.0
-122.08,37.38,36.0,857.0,156.0,448.0,168.0,5,366700.0
-122.08,37.38,36.0,782.0,130.0,348.0,128.0,7,383900.0
-122.08,37.38,36.0,1199.0,198.0,485.0,199.0,5,373400.0
-122.08,37.38,33.0,2771.0,659.0,1496.0,581.0,3,353600.0
-122.08,37.38,25.0,830.0,228.0,368.0,174.0,3,342900.0
-122.08,37.37,29.0,1229.0,192.0,707.0,194.0,7,465000.0
-122.08,37.36,31.0,2717.0,376.0,1001.0,381.0,9,500001.0
-122.08,37.36,28.0,2181.0,284.0,728.0,238.0,8,500001.0
-122.08,37.35,33.0,2398.0,317.0,832.0,314.0,10,500001.0
-122.08,37.34,28.0,1643.0,216.0,594.0,205.0,12,500001.0
-122.08,37.34,23.0,2597.0,335.0,922.0,338.0,11,500001.0
-122.08,37.31,17.0,2560.0,396.0,959.0,400.0,8,368900.0
-122.08,37.3,30.0,2268.0,404.0,1197.0,372.0,7,485300.0
-122.08,37.24,21.0,427.0,63.0,182.0,70.0,11,500001.0
-122.08,37.15,23.0,506.0,96.0,264.0,89.0,7,273900.0
-122.08,37.08,35.0,1541.0,297.0,791.0,277.0,4,204800.0
-122.08,37.04,34.0,2800.0,577.0,1353.0,512.0,4,220900.0
-122.08,37.03,36.0,4682.0,899.0,2143.0,832.0,5,203700.0
-122.09,41.32,52.0,4019.0,824.0,1728.0,706.0,2,62900.0
-122.09,39.13,28.0,4169.0,895.0,2587.0,810.0,2,65500.0
-122.09,38.0,6.0,10191.0,1882.0,4377.0,1789.0,5,204200.0
-122.09,37.99,19.0,3073.0,506.0,1773.0,493.0,5,205400.0
-122.09,37.98,14.0,5381.0,871.0,2296.0,872.0,6,211000.0
-122.09,37.97,5.0,5303.0,779.0,2017.0,727.0,7,294100.0
-122.09,37.94,29.0,6895.0,1022.0,2634.0,1022.0,6,273200.0
-122.09,37.91,18.0,9576.0,1455.0,3486.0,1380.0,7,306900.0
-122.09,37.89,35.0,880.0,139.0,352.0,132.0,7,406500.0
-122.09,37.86,27.0,5484.0,760.0,2212.0,770.0,8,402600.0
-122.09,37.71,35.0,2663.0,387.0,1086.0,367.0,5,266400.0
-122.09,37.71,31.0,1843.0,282.0,749.0,269.0,5,253500.0
-122.09,37.7,31.0,2053.0,336.0,867.0,329.0,4,241800.0
-122.09,37.7,30.0,1751.0,269.0,731.0,263.0,6,263900.0
-122.09,37.69,20.0,4296.0,817.0,1732.0,800.0,5,188300.0
-122.09,37.68,43.0,1415.0,348.0,569.0,293.0,3,190900.0
-122.09,37.68,41.0,1834.0,463.0,1105.0,467.0,3,170300.0
-122.09,37.68,41.0,1382.0,353.0,704.0,314.0,4,197500.0
-122.09,37.68,29.0,2333.0,538.0,1120.0,540.0,2,205600.0
-122.09,37.67,48.0,1252.0,305.0,673.0,308.0,2,175000.0
-122.09,37.67,39.0,2069.0,500.0,1408.0,478.0,3,153500.0
-122.09,37.67,33.0,2431.0,655.0,1854.0,603.0,3,154000.0
-122.09,37.66,40.0,1340.0,313.0,766.0,271.0,3,135400.0
-122.09,37.66,39.0,1160.0,259.0,725.0,274.0,2,158300.0
-122.09,37.65,35.0,1184.0,200.0,572.0,194.0,5,193800.0
-122.09,37.65,27.0,2630.0,722.0,1414.0,634.0,3,195200.0
-122.09,37.64,36.0,1885.0,307.0,853.0,271.0,4,173100.0
-122.09,37.64,36.0,1180.0,212.0,664.0,200.0,5,172600.0
-122.09,37.64,32.0,1578.0,284.0,836.0,292.0,4,184200.0
-122.09,37.63,35.0,1213.0,221.0,790.0,243.0,5,174100.0
-122.09,37.63,34.0,1457.0,242.0,735.0,249.0,4,189500.0
-122.09,37.6,36.0,385.0,94.0,295.0,92.0,3,147900.0
-122.09,37.42,23.0,4874.0,1251.0,2699.0,1163.0,4,229800.0
-122.09,37.41,8.0,1480.0,414.0,856.0,445.0,3,284100.0
-122.09,37.41,18.0,1476.0,473.0,838.0,415.0,4,274000.0
-122.09,37.41,14.0,753.0,193.0,421.0,153.0,4,266700.0
-122.09,37.4,36.0,1575.0,379.0,1036.0,382.0,5,264700.0
-122.09,37.4,26.0,3218.0,1021.0,2087.0,964.0,3,182700.0
-122.09,37.4,24.0,3983.0,1126.0,2645.0,1072.0,4,275000.0
-122.09,37.4,17.0,748.0,184.0,412.0,180.0,3,290600.0
-122.09,37.39,36.0,1035.0,196.0,475.0,205.0,6,359000.0
-122.09,37.39,34.0,1508.0,483.0,774.0,443.0,3,365600.0
-122.09,37.39,30.0,1722.0,490.0,1057.0,517.0,4,261300.0
-122.09,37.37,34.0,2165.0,355.0,776.0,339.0,5,442100.0
-122.09,37.37,27.0,1269.0,186.0,464.0,182.0,7,500001.0
-122.09,37.36,37.0,2269.0,325.0,930.0,321.0,8,500001.0
-122.09,37.36,37.0,1550.0,238.0,805.0,250.0,5,500001.0
-122.09,37.35,37.0,1795.0,285.0,791.0,261.0,8,500001.0
-122.09,37.35,30.0,1502.0,186.0,501.0,180.0,10,500001.0
-122.09,37.11,32.0,2637.0,489.0,1031.0,410.0,4,231600.0
-122.09,37.09,46.0,695.0,136.0,408.0,148.0,4,222600.0
-122.09,37.07,33.0,3581.0,734.0,1780.0,663.0,4,214300.0
-122.1,40.05,26.0,633.0,129.0,305.0,140.0,2,72700.0
-122.1,40.03,25.0,2516.0,543.0,1266.0,494.0,2,58400.0
-122.1,39.47,43.0,1320.0,215.0,512.0,197.0,2,77100.0
-122.1,38.24,13.0,7367.0,1042.0,3193.0,983.0,5,195000.0
-122.1,38.02,28.0,4308.0,824.0,2086.0,776.0,4,159700.0
-122.1,37.97,18.0,4326.0,655.0,1753.0,646.0,6,269600.0
-122.1,37.96,25.0,1374.0,206.0,569.0,235.0,6,235500.0
-122.1,37.96,20.0,3796.0,650.0,1679.0,611.0,4,228200.0
-122.1,37.89,21.0,3282.0,653.0,1398.0,601.0,5,310300.0
-122.1,37.88,35.0,3701.0,528.0,1511.0,517.0,7,367100.0
-122.1,37.72,30.0,2599.0,366.0,922.0,350.0,6,330200.0
-122.1,37.71,27.0,6740.0,1073.0,2723.0,1035.0,5,252500.0
-122.1,37.7,25.0,2973.0,622.0,1413.0,595.0,4,209200.0
-122.1,37.69,44.0,2341.0,500.0,1256.0,485.0,3,157100.0
-122.1,37.69,41.0,746.0,145.0,387.0,161.0,4,178400.0
-122.1,37.69,30.0,3115.0,625.0,1444.0,568.0,4,195800.0
-122.1,37.68,38.0,1779.0,413.0,1061.0,400.0,3,180900.0
-122.1,37.68,37.0,1352.0,342.0,691.0,324.0,3,196900.0
-122.1,37.67,34.0,3659.0,897.0,2479.0,903.0,3,150500.0
-122.1,37.66,37.0,901.0,191.0,599.0,206.0,4,149700.0
-122.1,37.66,36.0,1305.0,225.0,768.0,234.0,4,185300.0
-122.1,37.66,35.0,686.0,142.0,480.0,149.0,4,162100.0
-122.1,37.66,34.0,656.0,115.0,342.0,112.0,5,200600.0
-122.1,37.66,33.0,1954.0,464.0,1293.0,448.0,3,152600.0
-122.1,37.65,25.0,2538.0,494.0,1185.0,501.0,5,194400.0
-122.1,37.64,28.0,1784.0,311.0,735.0,278.0,5,206700.0
-122.1,37.63,29.0,2172.0,435.0,1377.0,408.0,4,180900.0
-122.1,37.63,18.0,9963.0,2031.0,5613.0,1946.0,4,187200.0
-122.1,37.41,33.0,6277.0,1274.0,3025.0,1211.0,5,343300.0
-122.1,37.4,27.0,3410.0,1156.0,2314.0,1086.0,3,165600.0
-122.1,37.4,23.0,514.0,210.0,367.0,206.0,3,181300.0
-122.1,37.4,23.0,1755.0,508.0,1374.0,506.0,4,293500.0
-122.1,37.4,19.0,1085.0,288.0,1009.0,305.0,4,276000.0
-122.1,37.39,36.0,1860.0,367.0,794.0,366.0,5,354500.0
-122.1,37.39,35.0,2471.0,349.0,881.0,342.0,8,500001.0
-122.1,37.39,31.0,1117.0,304.0,591.0,302.0,4,353100.0
-122.1,37.38,37.0,4167.0,612.0,1577.0,597.0,8,500001.0
-122.1,37.37,40.0,2224.0,354.0,929.0,345.0,8,500001.0
-122.1,37.37,37.0,2511.0,354.0,945.0,348.0,8,500001.0
-122.1,37.36,32.0,1433.0,199.0,498.0,201.0,9,500001.0
-122.1,37.19,18.0,808.0,136.0,420.0,145.0,7,273300.0
-122.11,39.82,27.0,1065.0,214.0,508.0,198.0,3,91700.0
-122.11,38.01,41.0,1345.0,272.0,718.0,283.0,3,129400.0
-122.11,38.01,39.0,1313.0,306.0,575.0,231.0,3,116100.0
-122.11,38.0,9.0,3424.0,583.0,1460.0,543.0,6,212600.0
-122.11,37.99,16.0,3913.0,710.0,1782.0,676.0,5,206700.0
-122.11,37.99,10.0,2864.0,514.0,1300.0,507.0,4,287700.0
-122.11,37.98,11.0,4371.0,679.0,1790.0,660.0,6,297300.0
-122.11,37.88,37.0,4005.0,614.0,1602.0,606.0,6,348200.0
-122.11,37.87,33.0,3398.0,500.0,1351.0,457.0,7,314200.0
-122.11,37.83,19.0,5130.0,741.0,1887.0,712.0,7,369900.0
-122.11,37.71,36.0,4569.0,824.0,1950.0,819.0,5,206800.0
-122.11,37.7,29.0,1298.0,306.0,835.0,338.0,2,170400.0
-122.11,37.7,19.0,2693.0,789.0,1765.0,724.0,2,137500.0
-122.11,37.69,42.0,1472.0,310.0,768.0,309.0,3,160900.0
-122.11,37.69,37.0,2444.0,651.0,1562.0,618.0,3,155200.0
-122.11,37.68,37.0,1976.0,481.0,1197.0,465.0,3,170200.0
-122.11,37.67,38.0,1035.0,247.0,599.0,224.0,3,167200.0
-122.11,37.67,36.0,2110.0,389.0,952.0,370.0,4,187500.0
-122.11,37.67,32.0,3028.0,811.0,2037.0,703.0,3,165400.0
-122.11,37.66,36.0,1755.0,316.0,913.0,299.0,4,172700.0
-122.11,37.65,18.0,4335.0,808.0,2041.0,734.0,3,331600.0
-122.11,37.64,8.0,3592.0,849.0,1907.0,746.0,4,197900.0
-122.11,37.64,31.0,1487.0,280.0,854.0,301.0,5,197600.0
-122.11,37.44,35.0,2016.0,349.0,1023.0,376.0,6,376600.0
-122.11,37.43,35.0,3905.0,565.0,1562.0,553.0,7,463700.0
-122.11,37.43,35.0,3584.0,535.0,1405.0,538.0,7,451300.0
-122.11,37.42,32.0,3058.0,595.0,1267.0,540.0,6,417800.0
-122.11,37.41,35.0,2712.0,428.0,1084.0,425.0,7,443800.0
-122.11,37.41,33.0,1641.0,284.0,659.0,282.0,6,432900.0
-122.11,37.4,16.0,1994.0,489.0,1173.0,472.0,4,266400.0
-122.11,37.39,36.0,1660.0,261.0,655.0,249.0,6,500001.0
-122.11,37.38,36.0,3598.0,500.0,1296.0,533.0,8,500001.0
-122.11,37.38,22.0,3638.0,719.0,1329.0,650.0,5,500001.0
-122.11,37.37,22.0,1477.0,195.0,520.0,187.0,10,500001.0
-122.11,37.36,34.0,1575.0,183.0,511.0,180.0,13,500001.0
-122.11,37.31,7.0,189.0,26.0,84.0,29.0,14,500001.0
-122.11,37.05,18.0,3337.0,549.0,1449.0,519.0,5,315800.0
-122.12,40.14,34.0,1950.0,407.0,1029.0,376.0,3,82300.0
-122.12,39.91,16.0,4006.0,797.0,2028.0,752.0,2,77200.0
-122.12,38.01,50.0,1738.0,355.0,837.0,363.0,4,135700.0
-122.12,38.01,50.0,1300.0,263.0,691.0,239.0,4,126500.0
-122.12,38.01,42.0,2225.0,367.0,864.0,381.0,4,172400.0
-122.12,37.99,33.0,1660.0,277.0,741.0,261.0,5,225400.0
-122.12,37.94,22.0,4949.0,626.0,1850.0,590.0,10,500001.0
-122.12,37.89,30.0,3227.0,733.0,1260.0,684.0,4,257100.0
-122.12,37.88,35.0,2785.0,362.0,1001.0,363.0,8,433300.0
-122.12,37.85,18.0,5252.0,686.0,1870.0,657.0,8,454100.0
-122.12,37.82,26.0,2269.0,317.0,918.0,313.0,7,364500.0
-122.12,37.81,26.0,4048.0,513.0,1486.0,498.0,8,416500.0
-122.12,37.75,33.0,1809.0,261.0,808.0,219.0,7,250000.0
-122.12,37.71,38.0,1164.0,284.0,632.0,289.0,3,152100.0
-122.12,37.71,35.0,1037.0,207.0,552.0,210.0,4,167900.0
-122.12,37.7,41.0,3495.0,787.0,1849.0,750.0,3,144900.0
-122.12,37.7,19.0,2495.0,635.0,1571.0,579.0,3,159900.0
-122.12,37.7,17.0,2488.0,617.0,1287.0,538.0,3,179900.0
-122.12,37.69,35.0,2681.0,508.0,1580.0,536.0,4,179100.0
-122.12,37.68,45.0,2179.0,401.0,1159.0,399.0,3,180600.0
-122.12,37.68,40.0,1553.0,253.0,724.0,267.0,4,196400.0
-122.12,37.68,37.0,2412.0,394.0,975.0,375.0,4,191100.0
-122.12,37.68,35.0,1958.0,484.0,1146.0,448.0,3,148900.0
-122.12,37.67,33.0,3429.0,681.0,1798.0,694.0,4,184700.0
-122.12,37.65,26.0,162.0,27.0,86.0,25.0,2,137500.0
-122.12,37.64,40.0,432.0,102.0,264.0,77.0,4,228100.0
-122.12,37.48,36.0,880.0,177.0,795.0,188.0,4,159400.0
-122.12,37.44,33.0,2974.0,623.0,1435.0,588.0,5,406300.0
-122.12,37.44,33.0,1509.0,303.0,748.0,268.0,5,373400.0
-122.12,37.43,36.0,3212.0,553.0,1455.0,574.0,6,425500.0
-122.12,37.43,33.0,3262.0,668.0,1411.0,626.0,5,398100.0
-122.12,37.42,36.0,2607.0,551.0,1165.0,523.0,5,373100.0
-122.12,37.42,35.0,2445.0,533.0,1187.0,519.0,5,362100.0
-122.12,37.41,33.0,2892.0,617.0,1250.0,581.0,5,360900.0
-122.12,37.4,32.0,3514.0,473.0,1583.0,480.0,10,500001.0
-122.12,37.4,31.0,2356.0,405.0,921.0,358.0,7,500001.0
-122.12,37.39,34.0,3561.0,497.0,1336.0,501.0,9,500001.0
-122.12,37.38,34.0,1443.0,218.0,504.0,200.0,8,500001.0
-122.12,37.37,18.0,1617.0,231.0,555.0,222.0,9,500001.0
-122.12,37.29,11.0,436.0,70.0,212.0,75.0,9,500001.0
-122.12,37.16,32.0,1602.0,317.0,752.0,275.0,5,185100.0
-122.12,37.12,51.0,2419.0,485.0,1078.0,435.0,3,206900.0
-122.12,37.09,36.0,1397.0,289.0,661.0,243.0,4,239600.0
-122.13,39.74,20.0,1401.0,280.0,668.0,250.0,2,94300.0
-122.13,39.0,23.0,3832.0,774.0,2435.0,747.0,2,59200.0
-122.13,38.26,40.0,1538.0,255.0,669.0,263.0,3,170200.0
-122.13,38.02,52.0,2378.0,508.0,940.0,451.0,3,166000.0
-122.13,38.01,48.0,2123.0,494.0,859.0,474.0,2,144800.0
-122.13,38.0,33.0,2821.0,652.0,1206.0,640.0,3,150800.0
-122.13,37.89,27.0,744.0,214.0,295.0,169.0,3,350000.0
-122.13,37.87,18.0,1820.0,220.0,728.0,229.0,10,426100.0
-122.13,37.77,24.0,2459.0,317.0,916.0,324.0,7,293000.0
-122.13,37.76,26.0,3266.0,491.0,1222.0,533.0,5,275400.0
-122.13,37.75,36.0,768.0,93.0,229.0,93.0,5,330000.0
-122.13,37.75,30.0,414.0,54.0,137.0,50.0,5,311100.0
-122.13,37.74,41.0,4400.0,666.0,1476.0,648.0,5,248900.0
-122.13,37.73,33.0,1996.0,268.0,686.0,270.0,7,341800.0
-122.13,37.72,45.0,2315.0,451.0,1006.0,444.0,4,186200.0
-122.13,37.72,35.0,2183.0,383.0,976.0,392.0,4,243500.0
-122.13,37.72,25.0,1134.0,153.0,340.0,171.0,7,371200.0
-122.13,37.71,44.0,1613.0,339.0,776.0,346.0,3,188900.0
-122.13,37.71,44.0,1421.0,298.0,609.0,270.0,4,180000.0
-122.13,37.7,43.0,3046.0,557.0,1333.0,544.0,3,183700.0
-122.13,37.7,19.0,3516.0,710.0,1810.0,703.0,4,218000.0
-122.13,37.69,34.0,1131.0,278.0,560.0,237.0,3,161700.0
-122.13,37.69,17.0,2380.0,769.0,1216.0,643.0,3,271300.0
-122.13,37.68,45.0,2457.0,445.0,1129.0,422.0,4,182800.0
-122.13,37.68,43.0,1676.0,340.0,924.0,328.0,4,179400.0
-122.13,37.67,42.0,3592.0,703.0,1625.0,665.0,3,179900.0
-122.13,37.67,40.0,1748.0,318.0,914.0,317.0,4,184000.0
-122.13,37.67,38.0,2012.0,347.0,880.0,332.0,3,181600.0
-122.13,37.47,30.0,1480.0,294.0,1126.0,301.0,5,166700.0
-122.13,37.47,25.0,1630.0,353.0,1546.0,371.0,5,173400.0
-122.13,37.46,37.0,1576.0,334.0,1385.0,323.0,3,159400.0
-122.13,37.46,35.0,1321.0,300.0,1133.0,287.0,4,159600.0
-122.13,37.45,41.0,3233.0,540.0,1251.0,506.0,7,500001.0
-122.13,37.45,37.0,2295.0,332.0,933.0,332.0,7,500001.0
-122.13,37.45,37.0,1287.0,197.0,510.0,206.0,8,500001.0
-122.13,37.44,43.0,3004.0,440.0,1088.0,427.0,9,500001.0
-122.13,37.44,42.0,2390.0,462.0,1146.0,468.0,6,397400.0
-122.13,37.44,38.0,2835.0,447.0,1148.0,446.0,6,446600.0
-122.13,37.43,32.0,4398.0,878.0,1799.0,792.0,5,431900.0
-122.13,37.42,36.0,3982.0,1045.0,2251.0,995.0,4,314100.0
-122.13,37.41,36.0,4787.0,900.0,2039.0,890.0,5,440900.0
-122.13,37.4,29.0,6027.0,1195.0,2687.0,1171.0,5,461200.0
-122.13,37.39,27.0,3385.0,427.0,1248.0,409.0,12,500001.0
-122.13,36.97,27.0,991.0,194.0,543.0,155.0,5,350000.0
-122.14,39.65,33.0,419.0,77.0,190.0,67.0,4,87500.0
-122.14,38.16,4.0,3273.0,495.0,1497.0,454.0,5,176100.0
-122.14,38.07,31.0,3401.0,616.0,1750.0,602.0,5,143100.0
-122.14,38.05,27.0,3794.0,772.0,1756.0,724.0,3,150600.0
-122.14,38.02,44.0,1625.0,432.0,825.0,385.0,2,133900.0
-122.14,38.01,50.0,1760.0,341.0,741.0,316.0,4,178300.0
-122.14,37.88,34.0,6986.0,1096.0,2865.0,1124.0,6,394400.0
-122.14,37.86,20.0,6201.0,1182.0,2415.0,1141.0,5,314000.0
-122.14,37.85,27.0,9147.0,1276.0,3371.0,1269.0,7,389900.0
-122.14,37.77,27.0,2229.0,365.0,1297.0,355.0,5,279100.0
-122.14,37.76,34.0,1513.0,231.0,545.0,211.0,6,252800.0
-122.14,37.75,36.0,690.0,105.0,299.0,109.0,4,195500.0
-122.14,37.74,52.0,1071.0,201.0,440.0,192.0,4,204200.0
-122.14,37.73,52.0,2024.0,320.0,823.0,334.0,5,264700.0
-122.14,37.73,43.0,2264.0,390.0,931.0,368.0,4,235100.0
-122.14,37.73,38.0,1723.0,394.0,711.0,353.0,3,218400.0
-122.14,37.72,45.0,1397.0,253.0,555.0,248.0,3,202700.0
-122.14,37.72,39.0,786.0,132.0,288.0,132.0,4,218900.0
-122.14,37.71,27.0,3094.0,866.0,1364.0,789.0,3,181700.0
-122.14,37.71,18.0,3905.0,1007.0,2197.0,1044.0,4,166800.0
-122.14,37.7,36.0,1266.0,228.0,606.0,239.0,4,194100.0
-122.14,37.7,17.0,1463.0,292.0,695.0,330.0,5,187200.0
-122.14,37.69,38.0,1571.0,317.0,874.0,301.0,4,189100.0
-122.14,37.69,37.0,2141.0,535.0,1093.0,555.0,3,178400.0
-122.14,37.68,35.0,2976.0,518.0,1424.0,538.0,4,210300.0
-122.14,37.68,27.0,3337.0,613.0,1489.0,607.0,4,219200.0
-122.14,37.67,37.0,3342.0,569.0,1635.0,557.0,5,186900.0
-122.14,37.67,37.0,3156.0,534.0,1495.0,543.0,5,188300.0
-122.14,37.67,36.0,1487.0,249.0,641.0,243.0,4,196200.0
-122.14,37.5,46.0,30.0,4.0,13.0,5.0,15,500001.0
-122.14,37.48,36.0,1210.0,236.0,981.0,239.0,4,148900.0
-122.14,37.47,37.0,3373.0,815.0,2909.0,705.0,3,156600.0
-122.14,37.47,36.0,2081.0,412.0,1931.0,373.0,4,160600.0
-122.14,37.46,27.0,5580.0,2009.0,4165.0,1763.0,2,189000.0
-122.14,37.45,52.0,3841.0,537.0,1391.0,540.0,8,500001.0
-122.14,37.45,48.0,2074.0,297.0,700.0,279.0,9,500001.0
-122.14,37.44,52.0,3117.0,468.0,1114.0,421.0,7,500001.0
-122.14,37.43,52.0,1944.0,308.0,696.0,293.0,8,500001.0
-122.14,37.43,52.0,1383.0,227.0,551.0,249.0,7,500001.0
-122.14,37.43,52.0,1327.0,190.0,467.0,189.0,13,500001.0
-122.14,37.42,46.0,206.0,44.0,134.0,51.0,4,265000.0
-122.14,37.38,26.0,2859.0,343.0,951.0,336.0,10,500001.0
-122.14,37.36,23.0,11294.0,1377.0,3840.0,1367.0,12,500001.0
-122.14,37.08,18.0,2420.0,439.0,1278.0,416.0,5,334000.0
-122.15,38.29,17.0,1625.0,239.0,703.0,224.0,7,328800.0
-122.15,38.06,10.0,3008.0,532.0,1381.0,522.0,5,195800.0
-122.15,38.04,14.0,2804.0,587.0,1083.0,573.0,3,168500.0
-122.15,37.76,39.0,1823.0,286.0,763.0,270.0,6,196900.0
-122.15,37.74,52.0,2898.0,557.0,1338.0,550.0,4,183500.0
-122.15,37.74,52.0,1394.0,223.0,545.0,230.0,4,219000.0
-122.15,37.74,49.0,1494.0,316.0,611.0,288.0,2,187500.0
-122.15,37.74,49.0,1325.0,277.0,764.0,282.0,3,118000.0
-122.15,37.74,43.0,1383.0,275.0,853.0,272.0,4,122000.0
-122.15,37.74,41.0,856.0,178.0,571.0,191.0,3,130600.0
-122.15,37.73,52.0,1028.0,129.0,317.0,143.0,5,275000.0
-122.15,37.73,45.0,3758.0,819.0,1573.0,736.0,3,245400.0
-122.15,37.73,28.0,2215.0,587.0,830.0,573.0,2,141700.0
-122.15,37.72,47.0,1190.0,251.0,540.0,266.0,3,198300.0
-122.15,37.72,31.0,1616.0,372.0,739.0,379.0,3,210900.0
-122.15,37.72,29.0,4169.0,1047.0,2024.0,962.0,3,157400.0
-122.15,37.71,36.0,998.0,178.0,531.0,183.0,4,191500.0
-122.15,37.71,18.0,5778.0,1526.0,2441.0,1352.0,3,202700.0
-122.15,37.7,36.0,1468.0,252.0,733.0,229.0,3,192600.0
-122.15,37.7,36.0,1464.0,244.0,672.0,261.0,4,194700.0
-122.15,37.69,39.0,1670.0,308.0,957.0,335.0,5,183600.0
-122.15,37.69,38.0,1246.0,221.0,637.0,222.0,4,184600.0
-122.15,37.69,36.0,1545.0,273.0,863.0,267.0,4,192900.0
-122.15,37.69,36.0,1501.0,287.0,703.0,276.0,4,197300.0
-122.15,37.68,35.0,2632.0,447.0,1349.0,486.0,4,205200.0
-122.15,37.68,30.0,2261.0,443.0,929.0,383.0,4,213400.0
-122.15,37.67,35.0,2472.0,398.0,1171.0,390.0,6,198100.0
-122.15,37.47,39.0,1295.0,239.0,566.0,242.0,6,326400.0
-122.15,37.46,52.0,1803.0,257.0,683.0,259.0,11,500001.0
-122.15,37.46,42.0,1995.0,412.0,794.0,374.0,6,379600.0
-122.15,37.46,39.0,906.0,109.0,353.0,112.0,10,500001.0
-122.15,37.46,30.0,4198.0,1244.0,2678.0,1147.0,4,308600.0
-122.15,37.45,52.0,568.0,91.0,219.0,75.0,6,500001.0
-122.15,37.45,52.0,2117.0,353.0,734.0,328.0,7,500001.0
-122.15,37.44,52.0,2063.0,320.0,774.0,309.0,7,500001.0
-122.15,37.44,52.0,1945.0,293.0,708.0,275.0,6,500001.0
-122.15,37.44,52.0,1400.0,217.0,522.0,227.0,5,500001.0
-122.15,37.43,47.0,2600.0,490.0,1149.0,465.0,5,476300.0
-122.15,37.43,20.0,11709.0,3618.0,7604.0,3589.0,2,375000.0
-122.15,37.42,44.0,3558.0,839.0,1779.0,832.0,4,404800.0
-122.15,37.41,29.0,473.0,103.0,359.0,87.0,7,475000.0
-122.15,37.35,23.0,3814.0,485.0,1344.0,464.0,13,500001.0
-122.16,39.78,32.0,1288.0,221.0,562.0,203.0,2,69600.0
-122.16,39.74,20.0,707.0,126.0,337.0,125.0,3,85000.0
-122.16,38.07,14.0,6360.0,1236.0,2876.0,1127.0,5,190300.0
-122.16,38.05,52.0,1888.0,457.0,830.0,408.0,3,185100.0
-122.16,38.05,34.0,2434.0,428.0,926.0,423.0,5,208300.0
-122.16,38.02,40.0,1800.0,290.0,761.0,277.0,5,196100.0
-122.16,37.89,32.0,1779.0,241.0,721.0,258.0,9,434500.0
-122.16,37.86,36.0,3359.0,493.0,1298.0,483.0,8,404300.0
-122.16,37.83,16.0,4596.0,705.0,1480.0,650.0,8,370200.0
-122.16,37.79,22.0,12842.0,2048.0,4985.0,1967.0,6,371000.0
-122.16,37.77,48.0,977.0,194.0,446.0,180.0,5,156300.0
-122.16,37.77,47.0,1256.0,217.0,570.0,218.0,4,161900.0
-122.16,37.77,45.0,2324.0,397.0,968.0,384.0,4,176000.0
-122.16,37.77,39.0,1583.0,349.0,857.0,316.0,3,145800.0
-122.16,37.76,46.0,1827.0,307.0,881.0,302.0,5,164300.0
-122.16,37.76,36.0,2781.0,574.0,1438.0,519.0,2,155500.0
-122.16,37.75,46.0,954.0,161.0,429.0,154.0,3,142900.0
-122.16,37.75,44.0,617.0,131.0,378.0,135.0,3,111100.0
-122.16,37.75,40.0,1227.0,294.0,928.0,261.0,2,95200.0
-122.16,37.75,38.0,2457.0,624.0,1516.0,482.0,2,91700.0
-122.16,37.75,24.0,1790.0,454.0,1137.0,386.0,3,107900.0
-122.16,37.74,52.0,771.0,147.0,355.0,144.0,4,143400.0
-122.16,37.74,47.0,824.0,223.0,533.0,166.0,3,98200.0
-122.16,37.74,46.0,1029.0,181.0,567.0,211.0,3,129500.0
-122.16,37.74,44.0,1097.0,239.0,609.0,215.0,2,103100.0
-122.16,37.74,43.0,1534.0,300.0,826.0,295.0,4,109400.0
-122.16,37.73,52.0,2260.0,416.0,994.0,412.0,4,198200.0
-122.16,37.73,52.0,1114.0,206.0,425.0,207.0,3,175000.0
-122.16,37.73,49.0,1699.0,408.0,768.0,385.0,3,171600.0
-122.16,37.72,10.0,2229.0,601.0,877.0,485.0,3,137500.0
-122.16,37.71,37.0,1507.0,242.0,632.0,253.0,5,191000.0
-122.16,37.7,36.0,2239.0,391.0,1203.0,379.0,5,190400.0
-122.16,37.7,36.0,1719.0,303.0,836.0,311.0,4,193500.0
-122.16,37.7,36.0,1097.0,208.0,568.0,225.0,3,194600.0
-122.16,37.69,36.0,1480.0,278.0,796.0,283.0,4,205700.0
-122.16,37.47,44.0,2581.0,437.0,1006.0,414.0,5,341700.0
-122.16,37.47,33.0,3687.0,852.0,3091.0,852.0,3,162600.0
-122.16,37.46,45.0,2068.0,348.0,844.0,366.0,6,417800.0
-122.16,37.46,32.0,2663.0,661.0,1403.0,733.0,4,410200.0
-122.16,37.45,50.0,196.0,41.0,76.0,42.0,8,412500.0
-122.16,37.45,47.0,4234.0,1156.0,1808.0,1093.0,4,425000.0
-122.16,37.45,37.0,2926.0,874.0,1363.0,815.0,5,356000.0
-122.16,37.45,19.0,2207.0,810.0,1304.0,775.0,2,402500.0
-122.16,37.44,34.0,2199.0,529.0,1193.0,532.0,4,405900.0
-122.16,37.42,34.0,4448.0,610.0,2571.0,581.0,11,500001.0
-122.16,37.17,35.0,6422.0,1380.0,2755.0,1064.0,5,202300.0
-122.17,40.2,28.0,1782.0,334.0,873.0,311.0,3,79100.0
-122.17,40.11,24.0,1631.0,340.0,1042.0,333.0,2,59000.0
-122.17,39.94,32.0,2352.0,477.0,1316.0,447.0,2,57400.0
-122.17,39.92,16.0,1566.0,306.0,652.0,287.0,2,60800.0
-122.17,38.08,7.0,18392.0,2782.0,8276.0,2742.0,6,229200.0
-122.17,38.07,15.0,2125.0,278.0,857.0,272.0,6,219700.0
-122.17,38.06,16.0,3515.0,626.0,1764.0,626.0,4,187100.0
-122.17,37.88,33.0,3626.0,502.0,1348.0,480.0,8,423200.0
-122.17,37.88,32.0,3633.0,508.0,1393.0,506.0,8,401800.0
-122.17,37.87,38.0,1261.0,177.0,472.0,183.0,7,438000.0
-122.17,37.78,52.0,653.0,128.0,296.0,121.0,4,144000.0
-122.17,37.78,49.0,893.0,177.0,468.0,181.0,4,140600.0
-122.17,37.78,42.0,1524.0,260.0,651.0,267.0,4,157300.0
-122.17,37.77,39.0,1612.0,342.0,912.0,322.0,3,141900.0
-122.17,37.77,31.0,2424.0,533.0,1360.0,452.0,2,90700.0
-122.17,37.77,30.0,3326.0,746.0,1704.0,703.0,3,135300.0
-122.17,37.76,47.0,2118.0,413.0,965.0,382.0,2,107900.0
-122.17,37.76,41.0,1594.0,367.0,1074.0,355.0,2,90600.0
-122.17,37.76,40.0,1685.0,343.0,949.0,342.0,2,94800.0
-122.17,37.76,38.0,1764.0,397.0,987.0,354.0,2,98200.0
-122.17,37.76,33.0,1280.0,307.0,999.0,286.0,3,89300.0
-122.17,37.75,48.0,1751.0,390.0,935.0,349.0,1,90000.0
-122.17,37.75,47.0,998.0,211.0,597.0,185.0,3,100400.0
-122.17,37.75,44.0,1218.0,248.0,763.0,254.0,2,88800.0
-122.17,37.75,43.0,1587.0,320.0,907.0,306.0,2,98300.0
-122.17,37.75,41.0,1257.0,271.0,828.0,230.0,3,92300.0
-122.17,37.75,38.0,992.0,279.0,732.0,259.0,2,85100.0
-122.17,37.75,37.0,1379.0,287.0,835.0,259.0,2,91800.0
-122.17,37.74,47.0,463.0,134.0,327.0,137.0,2,97200.0
-122.17,37.74,46.0,769.0,183.0,693.0,178.0,2,84200.0
-122.17,37.74,46.0,1026.0,226.0,749.0,225.0,3,107600.0
-122.17,37.74,43.0,818.0,193.0,494.0,179.0,2,101600.0
-122.17,37.74,41.0,1613.0,445.0,1481.0,414.0,2,97700.0
-122.17,37.74,34.0,1223.0,281.0,824.0,280.0,2,92500.0
-122.17,37.73,52.0,1555.0,289.0,620.0,292.0,4,183300.0
-122.17,37.73,43.0,1473.0,371.0,1231.0,341.0,2,86500.0
-122.17,37.72,5.0,1692.0,398.0,814.0,328.0,4,158300.0
-122.17,37.72,46.0,1369.0,284.0,766.0,289.0,4,159700.0
-122.17,37.72,43.0,3783.0,814.0,2139.0,789.0,4,166300.0
-122.17,37.72,42.0,3008.0,659.0,1817.0,664.0,3,165000.0
-122.17,37.69,24.0,2262.0,391.0,1125.0,366.0,5,212600.0
-122.17,37.48,39.0,2427.0,401.0,1178.0,408.0,6,352700.0
-122.17,37.46,47.0,2312.0,332.0,1044.0,282.0,9,500001.0
-122.17,37.45,35.0,1025.0,242.0,388.0,232.0,5,500001.0
-122.17,37.45,33.0,1828.0,396.0,766.0,378.0,4,500001.0
-122.17,37.43,24.0,3924.0,1142.0,7174.0,950.0,4,387500.0
-122.18,40.02,30.0,1952.0,397.0,961.0,333.0,2,68200.0
-122.18,39.93,35.0,1387.0,272.0,610.0,237.0,2,59500.0
-122.18,39.75,30.0,4157.0,834.0,1885.0,774.0,2,67500.0
-122.18,39.7,23.0,1658.0,307.0,836.0,297.0,3,85400.0
-122.18,39.55,28.0,1471.0,259.0,673.0,246.0,3,81600.0
-122.18,38.49,15.0,1743.0,366.0,655.0,264.0,3,146900.0
-122.18,38.35,24.0,407.0,68.0,175.0,61.0,6,216700.0
-122.18,38.29,18.0,1953.0,265.0,658.0,270.0,8,393000.0
-122.18,38.17,7.0,4093.0,651.0,2228.0,646.0,5,161300.0
-122.18,38.07,10.0,4976.0,849.0,2089.0,803.0,5,201800.0
-122.18,37.91,31.0,7200.0,876.0,2428.0,843.0,11,500001.0
-122.18,37.9,36.0,4760.0,610.0,1511.0,572.0,9,500001.0
-122.18,37.89,18.0,4845.0,735.0,1634.0,734.0,8,499000.0
-122.18,37.88,36.0,542.0,119.0,231.0,121.0,5,354200.0
-122.18,37.86,33.0,4449.0,636.0,1684.0,617.0,9,399700.0
-122.18,37.81,37.0,1643.0,262.0,620.0,266.0,5,336700.0
-122.18,37.81,30.0,292.0,38.0,126.0,52.0,6,483300.0
-122.18,37.8,34.0,1355.0,195.0,442.0,195.0,6,318200.0
-122.18,37.8,23.0,2317.0,336.0,955.0,328.0,7,285800.0
-122.18,37.79,46.0,2109.0,387.0,922.0,329.0,4,208100.0
-122.18,37.79,39.0,617.0,95.0,236.0,106.0,5,253000.0
-122.18,37.78,50.0,1642.0,322.0,713.0,284.0,3,160700.0
-122.18,37.78,43.0,1985.0,440.0,1085.0,407.0,3,136700.0
-122.18,37.77,52.0,2744.0,547.0,1479.0,554.0,2,96200.0
-122.18,37.77,52.0,1748.0,362.0,1029.0,366.0,2,100000.0
-122.18,37.77,51.0,2107.0,471.0,1173.0,438.0,3,120100.0
-122.18,37.77,42.0,1180.0,257.0,877.0,268.0,3,97300.0
-122.18,37.77,27.0,909.0,236.0,396.0,157.0,2,97500.0
-122.18,37.76,52.0,754.0,175.0,447.0,165.0,4,93800.0
-122.18,37.76,50.0,1187.0,261.0,907.0,246.0,2,89500.0
-122.18,37.76,49.0,2308.0,452.0,1299.0,451.0,2,96700.0
-122.18,37.76,43.0,2018.0,408.0,1111.0,367.0,2,91200.0
-122.18,37.76,37.0,1575.0,358.0,933.0,320.0,2,107000.0
-122.18,37.75,46.0,941.0,218.0,621.0,195.0,1,87100.0
-122.18,37.75,45.0,990.0,261.0,901.0,260.0,2,82000.0
-122.18,37.75,45.0,330.0,76.0,282.0,80.0,4,80700.0
-122.18,37.75,43.0,1036.0,233.0,652.0,213.0,2,84600.0
-122.18,37.75,36.0,1047.0,214.0,651.0,166.0,2,82100.0
-122.18,37.74,46.0,2103.0,391.0,1339.0,354.0,2,88900.0
-122.18,37.74,42.0,541.0,154.0,380.0,123.0,2,83500.0
-122.18,37.74,35.0,504.0,126.0,323.0,109.0,2,90500.0
-122.18,37.73,44.0,548.0,119.0,435.0,136.0,2,79700.0
-122.18,37.72,45.0,1498.0,313.0,1003.0,305.0,4,156700.0
-122.18,37.71,45.0,726.0,147.0,519.0,135.0,3,157500.0
-122.18,37.7,35.0,2562.0,554.0,1398.0,525.0,3,178900.0
-122.18,37.68,5.0,2087.0,407.0,840.0,401.0,5,187800.0
-122.18,37.47,37.0,2848.0,328.0,852.0,327.0,13,500001.0
-122.18,37.46,40.0,2529.0,293.0,831.0,258.0,15,500001.0
-122.18,37.45,43.0,2061.0,437.0,817.0,385.0,4,460200.0
-122.18,37.45,37.0,5257.0,1360.0,2128.0,1264.0,4,394300.0
-122.18,37.44,44.0,2237.0,347.0,948.0,346.0,8,500001.0
-122.18,37.41,21.0,1034.0,117.0,323.0,117.0,11,500001.0
-122.19,40.2,30.0,2750.0,476.0,1296.0,464.0,4,73600.0
-122.19,40.07,21.0,1548.0,290.0,744.0,265.0,2,55000.0
-122.19,39.91,39.0,2467.0,529.0,1433.0,502.0,2,53500.0
-122.19,39.74,39.0,4179.0,814.0,2111.0,809.0,2,65600.0
-122.19,39.53,34.0,2679.0,533.0,1287.0,505.0,2,58700.0
-122.19,39.5,23.0,462.0,97.0,261.0,90.0,2,53000.0
-122.19,38.13,5.0,7854.0,1446.0,4361.0,1395.0,5,214800.0
-122.19,38.09,8.0,614.0,118.0,278.0,115.0,6,166300.0
-122.19,38.07,20.0,3000.0,525.0,1207.0,491.0,5,217500.0
-122.19,37.84,18.0,1617.0,210.0,533.0,194.0,12,392600.0
-122.19,37.83,29.0,1791.0,271.0,661.0,269.0,7,368900.0
-122.19,37.83,28.0,1326.0,184.0,463.0,190.0,8,335200.0
-122.19,37.82,32.0,1835.0,264.0,635.0,263.0,8,365900.0
-122.19,37.8,52.0,1813.0,271.0,637.0,277.0,4,263400.0
-122.19,37.8,48.0,1694.0,259.0,610.0,238.0,5,257300.0
-122.19,37.8,46.0,1938.0,341.0,768.0,332.0,4,246900.0
-122.19,37.79,50.0,968.0,195.0,462.0,184.0,3,179900.0
-122.19,37.79,50.0,954.0,217.0,546.0,201.0,3,172800.0
-122.19,37.79,47.0,1229.0,243.0,582.0,256.0,3,198100.0
-122.19,37.79,45.0,2718.0,451.0,1106.0,454.0,5,231800.0
-122.19,37.79,28.0,3144.0,761.0,1737.0,669.0,3,140500.0
-122.19,37.78,52.0,2492.0,415.0,1109.0,375.0,4,164400.0
-122.19,37.78,52.0,2198.0,397.0,984.0,369.0,3,156500.0
-122.19,37.78,52.0,1070.0,193.0,555.0,190.0,4,166900.0
-122.19,37.78,52.0,1026.0,180.0,469.0,168.0,3,160000.0
-122.19,37.78,49.0,1183.0,205.0,496.0,209.0,5,174200.0
-122.19,37.77,52.0,2329.0,445.0,1144.0,417.0,4,151200.0
-122.19,37.77,52.0,2170.0,428.0,1086.0,425.0,3,143900.0
-122.19,37.77,45.0,1852.0,393.0,1132.0,349.0,3,101400.0
-122.19,37.77,42.0,932.0,254.0,900.0,263.0,2,92300.0
-122.19,37.77,41.0,2036.0,510.0,1412.0,454.0,2,89300.0
-122.19,37.76,52.0,2024.0,391.0,1030.0,350.0,2,94700.0
-122.19,37.76,49.0,1368.0,282.0,790.0,269.0,2,91400.0
-122.19,37.76,45.0,995.0,238.0,630.0,237.0,2,74100.0
-122.19,37.76,41.0,921.0,207.0,522.0,159.0,1,72500.0
-122.19,37.76,38.0,1493.0,370.0,1144.0,351.0,1,81800.0
-122.19,37.76,26.0,1293.0,297.0,984.0,303.0,2,85800.0
-122.19,37.75,36.0,1126.0,263.0,482.0,150.0,2,82800.0
-122.19,37.75,28.0,856.0,189.0,435.0,162.0,1,81800.0
-122.19,37.75,19.0,2207.0,565.0,1481.0,520.0,1,81400.0
-122.19,37.74,43.0,707.0,147.0,417.0,155.0,3,83400.0
-122.19,37.74,36.0,847.0,212.0,567.0,159.0,1,87100.0
-122.19,37.73,45.0,1528.0,291.0,801.0,287.0,1,84700.0
-122.19,37.48,45.0,886.0,165.0,492.0,173.0,4,267000.0
-122.19,37.46,34.0,5419.0,1183.0,2002.0,1138.0,4,500001.0
-122.19,37.45,18.0,1636.0,414.0,853.0,439.0,5,464600.0
-122.19,37.44,39.0,4402.0,618.0,1616.0,631.0,9,500001.0
-122.19,37.44,38.0,3383.0,456.0,1203.0,465.0,9,500001.0
-122.19,37.43,39.0,2392.0,420.0,937.0,406.0,7,472800.0
-122.19,37.42,47.0,932.0,167.0,295.0,116.0,8,500001.0
-122.2,39.53,22.0,3265.0,658.0,1647.0,594.0,2,71000.0
-122.2,39.52,39.0,2551.0,482.0,1181.0,437.0,2,63400.0
-122.2,39.15,33.0,1064.0,174.0,434.0,147.0,3,108000.0
-122.2,38.09,18.0,6860.0,1079.0,3205.0,1058.0,5,171900.0
-122.2,38.04,31.0,3029.0,500.0,1236.0,487.0,6,197000.0
-122.2,37.96,9.0,6306.0,962.0,2581.0,911.0,7,310700.0
-122.2,37.9,36.0,2107.0,287.0,740.0,280.0,10,500001.0
-122.2,37.89,37.0,3881.0,560.0,1315.0,517.0,7,367500.0
-122.2,37.88,36.0,1065.0,160.0,398.0,155.0,8,378100.0
-122.2,37.84,35.0,2865.0,460.0,1072.0,443.0,7,319300.0
-122.2,37.84,30.0,2211.0,346.0,844.0,343.0,6,311500.0
-122.2,37.83,26.0,1589.0,223.0,542.0,211.0,8,351200.0
-122.2,37.82,39.0,3770.0,534.0,1265.0,500.0,6,362800.0
-122.2,37.82,37.0,1229.0,181.0,420.0,176.0,7,366700.0
-122.2,37.81,45.0,2964.0,436.0,1067.0,426.0,7,323500.0
-122.2,37.8,52.0,1547.0,293.0,706.0,268.0,5,217100.0
-122.2,37.8,46.0,2041.0,405.0,1059.0,399.0,4,203300.0
-122.2,37.8,43.0,3045.0,499.0,1115.0,455.0,5,273000.0
-122.2,37.8,41.0,2070.0,354.0,804.0,340.0,5,239600.0
-122.2,37.79,49.0,882.0,195.0,737.0,210.0,3,122000.0
-122.2,37.79,44.0,1621.0,452.0,1354.0,491.0,3,134700.0
-122.2,37.79,40.0,1060.0,256.0,667.0,235.0,4,169600.0
-122.2,37.78,52.0,2300.0,443.0,1225.0,423.0,4,158400.0
-122.2,37.78,50.0,1867.0,403.0,1128.0,378.0,3,129100.0
-122.2,37.78,45.0,1766.0,332.0,869.0,327.0,5,163500.0
-122.2,37.78,39.0,1752.0,399.0,1071.0,376.0,3,121600.0
-122.2,37.77,49.0,2272.0,498.0,1621.0,483.0,2,102400.0
-122.2,37.77,43.0,2430.0,502.0,1537.0,484.0,3,121400.0
-122.2,37.77,39.0,2689.0,597.0,1888.0,537.0,2,94800.0
-122.2,37.76,47.0,1116.0,259.0,826.0,279.0,2,85700.0
-122.2,37.76,37.0,2680.0,736.0,1925.0,667.0,1,84600.0
-122.2,37.75,36.0,606.0,132.0,531.0,133.0,2,70000.0
-122.2,37.48,41.0,733.0,155.0,652.0,140.0,5,233600.0
-122.2,37.48,32.0,640.0,166.0,991.0,160.0,2,270000.0
-122.2,37.48,30.0,1170.0,258.0,610.0,243.0,3,263500.0
-122.2,37.47,40.0,2959.0,389.0,985.0,365.0,10,500001.0
-122.2,37.47,37.0,1403.0,369.0,1587.0,331.0,3,232800.0
-122.2,37.47,37.0,1053.0,266.0,939.0,267.0,3,320800.0
-122.2,37.46,40.0,1723.0,208.0,976.0,209.0,10,500001.0
-122.2,37.44,31.0,2328.0,270.0,722.0,247.0,15,500001.0
-122.2,37.43,40.0,2223.0,412.0,1050.0,417.0,5,444500.0
-122.2,37.43,38.0,3626.0,528.0,1350.0,532.0,7,500001.0
-122.2,37.43,22.0,3294.0,744.0,1337.0,655.0,5,500001.0
-122.2,37.4,37.0,1296.0,194.0,540.0,192.0,8,500001.0
-122.2,37.4,30.0,2612.0,338.0,980.0,324.0,10,500001.0
-122.2,37.35,17.0,3095.0,442.0,1173.0,424.0,13,500001.0
-122.21,40.18,30.0,744.0,156.0,410.0,165.0,2,63200.0
-122.21,38.83,20.0,1138.0,221.0,459.0,209.0,3,123400.0
-122.21,38.41,12.0,4270.0,654.0,1624.0,598.0,6,331300.0
-122.21,38.28,35.0,1273.0,210.0,555.0,181.0,4,269300.0
-122.21,38.11,35.0,2122.0,400.0,1189.0,408.0,3,124600.0
-122.21,38.1,36.0,3018.0,557.0,1445.0,556.0,4,129900.0
-122.21,38.09,37.0,4368.0,779.0,2083.0,741.0,4,127000.0
-122.21,38.06,52.0,2735.0,559.0,1076.0,487.0,4,155700.0
-122.21,38.02,15.0,2150.0,327.0,1094.0,324.0,6,198500.0
-122.21,37.84,34.0,3038.0,490.0,1140.0,496.0,7,325900.0
-122.21,37.83,34.0,5065.0,788.0,1627.0,766.0,7,333300.0
-122.21,37.82,52.0,2375.0,333.0,813.0,350.0,7,331400.0
-122.21,37.81,52.0,1389.0,212.0,510.0,224.0,5,296400.0
-122.21,37.8,52.0,3519.0,711.0,1883.0,706.0,3,187100.0
-122.21,37.8,50.0,2833.0,605.0,1260.0,552.0,3,216700.0
-122.21,37.8,48.0,1321.0,263.0,506.0,252.0,4,229700.0
-122.21,37.8,39.0,2018.0,447.0,1221.0,446.0,3,151000.0
-122.21,37.8,38.0,2254.0,535.0,951.0,487.0,3,233100.0
-122.21,37.79,47.0,1543.0,307.0,859.0,292.0,3,138800.0
-122.21,37.79,45.0,2115.0,533.0,1530.0,474.0,2,139400.0
-122.21,37.79,35.0,1745.0,409.0,1143.0,386.0,3,143800.0
-122.21,37.79,34.0,2364.0,557.0,1517.0,516.0,3,139200.0
-122.21,37.78,52.0,1477.0,300.0,1065.0,269.0,2,137000.0
-122.21,37.78,52.0,1056.0,224.0,792.0,245.0,3,142600.0
-122.21,37.78,49.0,898.0,244.0,779.0,245.0,3,137500.0
-122.21,37.78,47.0,881.0,248.0,753.0,241.0,3,111300.0
-122.21,37.78,46.0,2239.0,508.0,1390.0,569.0,3,137300.0
-122.21,37.78,44.0,1729.0,414.0,1240.0,393.0,2,102800.0
-122.21,37.78,43.0,1702.0,460.0,1227.0,407.0,2,126800.0
-122.21,37.77,52.0,591.0,173.0,353.0,137.0,4,80600.0
-122.21,37.77,46.0,1234.0,375.0,1183.0,354.0,2,98700.0
-122.21,37.77,43.0,1017.0,328.0,836.0,277.0,2,100000.0
-122.21,37.76,52.0,1420.0,314.0,1085.0,300.0,2,80600.0
-122.21,37.52,18.0,2962.0,945.0,1639.0,851.0,3,87500.0
-122.21,37.49,24.0,2528.0,947.0,2437.0,861.0,2,225000.0
-122.21,37.48,39.0,1535.0,340.0,1204.0,370.0,3,247200.0
-122.21,37.48,37.0,1326.0,335.0,1771.0,335.0,3,218100.0
-122.21,37.47,43.0,733.0,162.0,497.0,175.0,3,255300.0
-122.21,37.47,26.0,1777.0,555.0,1966.0,497.0,3,211000.0
-122.21,37.46,48.0,2560.0,322.0,921.0,301.0,11,500001.0
-122.21,37.46,40.0,1777.0,207.0,577.0,207.0,15,500001.0
-122.21,37.44,35.0,1140.0,193.0,486.0,199.0,5,500001.0
-122.21,37.43,33.0,1606.0,254.0,727.0,271.0,9,500001.0
-122.21,37.43,23.0,5741.0,1012.0,1843.0,888.0,6,500001.0
-122.21,37.43,20.0,975.0,134.0,324.0,146.0,10,500001.0
-122.21,37.42,28.0,564.0,72.0,191.0,79.0,12,500001.0
-122.21,37.38,28.0,4518.0,578.0,1489.0,559.0,11,500001.0
-122.21,37.37,34.0,1476.0,217.0,613.0,223.0,8,500001.0
-122.22,39.51,17.0,1201.0,268.0,555.0,277.0,2,66900.0
-122.22,38.15,7.0,5129.0,820.0,2824.0,738.0,6,171100.0
-122.22,38.12,15.0,14125.0,2344.0,6456.0,2147.0,5,179500.0
-122.22,38.11,43.0,1939.0,353.0,968.0,392.0,3,112700.0
-122.22,38.1,44.0,3013.0,563.0,1353.0,512.0,3,111900.0
-122.22,38.1,44.0,2256.0,451.0,1057.0,426.0,3,110800.0
-122.22,38.1,40.0,2549.0,478.0,1275.0,494.0,3,111600.0
-122.22,38.09,47.0,2161.0,440.0,966.0,360.0,2,88700.0
-122.22,38.08,37.0,4590.0,857.0,2920.0,832.0,3,94800.0
-122.22,38.07,4.0,15654.0,2394.0,7025.0,2168.0,6,225200.0
-122.22,37.86,21.0,7099.0,1106.0,2401.0,1138.0,8,358500.0
-122.22,37.82,42.0,2991.0,335.0,1018.0,335.0,13,500001.0
-122.22,37.82,39.0,2492.0,310.0,808.0,315.0,12,500001.0
-122.22,37.81,52.0,2927.0,402.0,1021.0,380.0,8,390100.0
-122.22,37.81,52.0,2024.0,339.0,756.0,340.0,4,270100.0
-122.22,37.81,52.0,1971.0,335.0,765.0,308.0,7,273700.0
-122.22,37.8,52.0,2721.0,541.0,1185.0,515.0,5,239800.0
-122.22,37.8,52.0,2286.0,464.0,1073.0,441.0,3,199600.0
-122.22,37.8,52.0,2183.0,465.0,1129.0,460.0,3,227700.0
-122.22,37.79,52.0,3424.0,690.0,2273.0,685.0,4,164700.0
-122.22,37.79,49.0,1826.0,450.0,1201.0,424.0,2,136700.0
-122.22,37.79,46.0,2366.0,575.0,1647.0,527.0,3,124700.0
-122.22,37.79,44.0,1487.0,314.0,961.0,272.0,4,109500.0
-122.22,37.79,38.0,3049.0,711.0,2167.0,659.0,3,141700.0
-122.22,37.78,51.0,1637.0,463.0,1543.0,393.0,2,119100.0
-122.22,37.78,50.0,1920.0,530.0,1525.0,477.0,1,128800.0
-122.22,37.78,44.0,2968.0,710.0,2269.0,610.0,2,111700.0
-122.22,37.78,44.0,1678.0,514.0,1700.0,495.0,2,131900.0
-122.22,37.77,52.0,391.0,128.0,520.0,138.0,2,95000.0
-122.22,37.77,52.0,1137.0,301.0,866.0,259.0,3,96400.0
-122.22,37.77,40.0,494.0,114.0,547.0,135.0,3,114800.0
-122.22,37.48,47.0,2570.0,783.0,3107.0,724.0,3,229500.0
-122.22,37.48,34.0,1541.0,584.0,1564.0,558.0,3,250000.0
-122.22,37.47,28.0,5956.0,1612.0,3571.0,1549.0,3,272800.0
-122.22,37.47,23.0,7740.0,1943.0,4124.0,1743.0,3,322800.0
-122.22,37.46,37.0,2586.0,495.0,1208.0,502.0,4,342700.0
-122.22,37.46,13.0,2888.0,546.0,1182.0,504.0,6,409300.0
-122.22,37.44,32.0,4281.0,501.0,1318.0,484.0,15,500001.0
-122.22,37.4,32.0,2297.0,287.0,814.0,283.0,15,500001.0
-122.22,37.37,26.0,440.0,202.0,322.0,218.0,5,350000.0
-122.22,37.36,34.0,1559.0,243.0,600.0,242.0,9,500001.0
-122.23,40.63,16.0,1141.0,220.0,563.0,200.0,2,130700.0
-122.23,40.4,18.0,2102.0,377.0,1059.0,384.0,3,95500.0
-122.23,40.32,10.0,2336.0,426.0,1003.0,368.0,3,81300.0
-122.23,40.2,17.0,762.0,138.0,322.0,139.0,4,128800.0
-122.23,39.95,21.0,2087.0,382.0,888.0,361.0,2,86400.0
-122.23,39.86,21.0,1730.0,350.0,982.0,322.0,2,79800.0
-122.23,39.75,16.0,2026.0,396.0,1031.0,382.0,2,73100.0
-122.23,39.53,8.0,1268.0,336.0,1237.0,326.0,1,125000.0
-122.23,38.33,31.0,3440.0,574.0,1538.0,537.0,6,325900.0
-122.23,38.17,45.0,350.0,66.0,225.0,72.0,2,216700.0
-122.23,38.15,33.0,1253.0,238.0,753.0,236.0,2,86400.0
-122.23,38.14,36.0,1412.0,260.0,792.0,268.0,2,90400.0
-122.23,38.13,29.0,5154.0,1084.0,2459.0,1019.0,3,142900.0
-122.23,38.12,49.0,2715.0,435.0,1006.0,429.0,4,145800.0
-122.23,38.11,47.0,3007.0,524.0,1152.0,486.0,4,141500.0
-122.23,38.1,47.0,1303.0,278.0,694.0,269.0,3,92800.0
-122.23,38.1,46.0,4143.0,895.0,2240.0,847.0,2,92800.0
-122.23,38.09,26.0,4397.0,997.0,2539.0,965.0,2,90000.0
-122.23,38.06,52.0,1350.0,266.0,490.0,257.0,3,171100.0
-122.23,38.05,52.0,1736.0,358.0,638.0,297.0,3,147100.0
-122.23,37.88,41.0,880.0,129.0,322.0,126.0,8,452600.0
-122.23,37.85,52.0,2800.0,411.0,1061.0,403.0,6,373600.0
-122.23,37.84,50.0,2515.0,399.0,970.0,373.0,6,327600.0
-122.23,37.84,47.0,3175.0,454.0,1098.0,485.0,5,347600.0
-122.23,37.83,52.0,2990.0,379.0,947.0,361.0,8,500001.0
-122.23,37.82,52.0,3494.0,396.0,1192.0,383.0,12,500001.0
-122.23,37.82,52.0,3242.0,366.0,1001.0,352.0,12,500001.0
-122.23,37.82,52.0,3051.0,381.0,1005.0,369.0,8,466100.0
-122.23,37.82,52.0,1611.0,203.0,556.0,179.0,9,500001.0
-122.23,37.81,52.0,2814.0,365.0,878.0,352.0,8,348700.0
-122.23,37.81,52.0,2315.0,292.0,861.0,258.0,9,410300.0
-122.23,37.81,52.0,1433.0,229.0,612.0,213.0,5,314700.0
-122.23,37.8,52.0,783.0,184.0,488.0,186.0,2,126600.0
-122.23,37.8,52.0,2033.0,486.0,787.0,459.0,3,269500.0
-122.23,37.8,52.0,1252.0,299.0,844.0,280.0,2,111900.0
-122.23,37.8,52.0,1192.0,289.0,772.0,257.0,2,146900.0
-122.23,37.8,51.0,1590.0,414.0,949.0,392.0,2,127900.0
-122.23,37.8,50.0,1746.0,480.0,1149.0,415.0,2,123500.0
-122.23,37.79,52.0,1783.0,395.0,1659.0,412.0,3,107900.0
-122.23,37.79,49.0,1175.0,217.0,859.0,219.0,2,106300.0
-122.23,37.79,48.0,1696.0,396.0,1481.0,343.0,2,122500.0
-122.23,37.79,40.0,930.0,199.0,564.0,184.0,1,113300.0
-122.23,37.79,30.0,999.0,264.0,1011.0,263.0,2,137500.0
-122.23,37.79,30.0,610.0,145.0,425.0,140.0,2,122700.0
-122.23,37.78,52.0,986.0,258.0,1008.0,255.0,1,119400.0
-122.23,37.78,44.0,2340.0,825.0,2813.0,751.0,2,118100.0
-122.23,37.78,43.0,1420.0,472.0,1506.0,438.0,2,112500.0
-122.23,37.77,52.0,772.0,179.0,409.0,160.0,3,189600.0
-122.23,37.77,52.0,769.0,206.0,612.0,183.0,3,72000.0
-122.23,37.76,52.0,3037.0,516.0,1242.0,518.0,5,289900.0
-122.23,37.76,52.0,3011.0,542.0,1303.0,535.0,5,273800.0
-122.23,37.76,52.0,2269.0,323.0,805.0,321.0,5,335300.0
-122.23,37.76,52.0,1705.0,246.0,658.0,253.0,6,306300.0
-122.23,37.76,52.0,1316.0,177.0,378.0,162.0,5,333000.0
-122.23,37.49,11.0,840.0,329.0,1338.0,345.0,2,241700.0
-122.23,37.48,33.0,3108.0,805.0,1895.0,717.0,3,267700.0
-122.23,37.47,39.0,5264.0,1259.0,3057.0,1265.0,4,276600.0
-122.23,37.46,36.0,6090.0,1057.0,3081.0,1075.0,6,343600.0
-122.23,37.46,33.0,2643.0,464.0,1015.0,427.0,4,363700.0
-122.23,37.46,26.0,4670.0,1039.0,2103.0,933.0,4,333800.0
-122.23,37.45,34.0,4177.0,723.0,1586.0,660.0,5,395100.0
-122.23,37.45,29.0,1617.0,235.0,758.0,246.0,8,469900.0
-122.23,37.42,16.0,1945.0,320.0,512.0,300.0,7,500001.0
-122.24,40.51,23.0,2216.0,378.0,1006.0,338.0,5,116800.0
-122.24,40.45,27.0,1804.0,321.0,782.0,300.0,4,80600.0
-122.24,40.19,29.0,1912.0,336.0,859.0,325.0,4,70500.0
-122.24,40.17,51.0,2378.0,584.0,1083.0,494.0,2,51900.0
-122.24,40.16,19.0,2500.0,509.0,1293.0,494.0,2,55100.0
-122.24,38.31,38.0,1938.0,301.0,823.0,285.0,6,280800.0
-122.24,38.25,33.0,213.0,36.0,91.0,33.0,5,187500.0
-122.24,38.14,15.0,8479.0,1759.0,5008.0,1646.0,4,131600.0
-122.24,38.13,37.0,3223.0,564.0,1325.0,539.0,4,126900.0
-122.24,38.12,42.0,1625.0,255.0,578.0,243.0,4,166900.0
-122.24,38.12,39.0,2967.0,500.0,1243.0,523.0,4,152400.0
-122.24,38.11,52.0,2111.0,310.0,772.0,323.0,5,148200.0
-122.24,38.11,52.0,2050.0,492.0,1277.0,463.0,3,107300.0
-122.24,38.1,49.0,1851.0,356.0,849.0,307.0,3,103500.0
-122.24,38.07,13.0,5451.0,1194.0,2957.0,1081.0,3,162500.0
-122.24,37.86,52.0,1668.0,225.0,517.0,214.0,8,500001.0
-122.24,37.85,52.0,3726.0,474.0,1366.0,496.0,9,500001.0
-122.24,37.85,52.0,1467.0,190.0,496.0,177.0,7,352100.0
-122.24,37.85,37.0,334.0,54.0,98.0,47.0,5,335000.0
-122.24,37.84,52.0,3529.0,574.0,1177.0,555.0,5,389500.0
-122.24,37.83,52.0,2449.0,312.0,916.0,316.0,8,471600.0
-122.24,37.83,52.0,1757.0,246.0,585.0,227.0,6,457800.0
-122.24,37.83,41.0,2576.0,406.0,794.0,376.0,6,366100.0
-122.24,37.82,52.0,3665.0,517.0,1470.0,520.0,6,398600.0
-122.24,37.82,52.0,3481.0,751.0,1444.0,718.0,4,275700.0
-122.24,37.82,52.0,1509.0,225.0,674.0,244.0,5,313400.0
-122.24,37.81,52.0,2513.0,502.0,1048.0,518.0,4,269900.0
-122.24,37.81,52.0,2485.0,313.0,953.0,327.0,7,352400.0
-122.24,37.81,52.0,1490.0,238.0,634.0,256.0,6,287300.0
-122.24,37.8,52.0,996.0,228.0,731.0,228.0,2,127000.0
-122.24,37.8,52.0,888.0,168.0,360.0,175.0,2,211500.0
-122.24,37.8,52.0,1803.0,420.0,1321.0,401.0,3,122800.0
-122.24,37.8,52.0,1591.0,373.0,1118.0,347.0,2,128600.0
-122.24,37.8,52.0,1586.0,398.0,1006.0,335.0,2,140600.0
-122.24,37.8,49.0,2838.0,749.0,1487.0,677.0,3,169300.0
-122.24,37.8,47.0,2046.0,588.0,1213.0,554.0,3,182700.0
-122.24,37.79,52.0,674.0,180.0,647.0,168.0,3,116100.0
-122.24,37.79,47.0,1372.0,395.0,1237.0,303.0,2,95500.0
-122.24,37.79,43.0,1626.0,376.0,1284.0,357.0,2,112200.0
-122.24,37.79,39.0,1469.0,431.0,1464.0,389.0,2,105500.0
-122.24,37.79,27.0,1632.0,492.0,1171.0,429.0,2,125000.0
-122.24,37.77,52.0,1711.0,386.0,885.0,373.0,4,206300.0
-122.24,37.77,52.0,1153.0,235.0,481.0,223.0,3,241000.0
-122.24,37.77,43.0,955.0,284.0,585.0,266.0,2,162500.0
-122.24,37.76,52.0,2646.0,581.0,1128.0,522.0,3,266700.0
-122.24,37.76,52.0,2567.0,436.0,1119.0,415.0,5,229300.0
-122.24,37.76,52.0,2504.0,516.0,979.0,472.0,3,244000.0
-122.24,37.76,52.0,1846.0,471.0,827.0,446.0,3,240900.0
-122.24,37.76,49.0,2428.0,525.0,1110.0,492.0,4,229800.0
-122.24,37.75,27.0,4051.0,753.0,1499.0,797.0,5,286600.0
-122.24,37.73,21.0,7031.0,1249.0,2930.0,1235.0,5,228400.0
-122.24,37.72,5.0,18634.0,2885.0,7427.0,2718.0,8,350700.0
-122.24,37.49,30.0,2956.0,590.0,1191.0,594.0,4,427600.0
-122.24,37.49,19.0,322.0,112.0,191.0,102.0,3,500001.0
-122.24,37.48,47.0,2423.0,407.0,1010.0,407.0,6,362700.0
-122.24,37.48,45.0,4126.0,696.0,1722.0,668.0,5,362100.0
-122.24,37.48,40.0,4459.0,1027.0,2080.0,982.0,4,361900.0
-122.24,37.47,41.0,1183.0,203.0,455.0,171.0,5,314100.0
-122.24,37.47,40.0,1504.0,270.0,689.0,287.0,6,308800.0
-122.24,37.47,36.0,2021.0,433.0,1117.0,432.0,4,303100.0
-122.24,37.47,35.0,2283.0,491.0,1148.0,436.0,5,318600.0
-122.24,37.46,36.0,4686.0,781.0,2254.0,845.0,6,343500.0
-122.24,37.43,36.0,2410.0,361.0,934.0,377.0,8,500001.0
-122.25,40.66,15.0,2771.0,546.0,1423.0,505.0,4,108500.0
-122.25,40.6,16.0,2753.0,494.0,1414.0,459.0,4,128300.0
-122.25,40.42,17.0,1429.0,265.0,692.0,245.0,3,98700.0
-122.25,40.17,47.0,1554.0,308.0,846.0,301.0,2,54100.0
-122.25,40.17,19.0,3182.0,630.0,1741.0,642.0,2,64900.0
-122.25,39.79,16.0,2127.0,412.0,1104.0,369.0,3,72200.0
-122.25,38.17,34.0,778.0,137.0,406.0,136.0,4,121300.0
-122.25,38.15,24.0,2917.0,543.0,1878.0,531.0,4,123600.0
-122.25,38.12,47.0,1339.0,298.0,794.0,286.0,3,109800.0
-122.25,38.11,52.0,2846.0,705.0,1519.0,620.0,2,97900.0
-122.25,38.11,49.0,2365.0,504.0,1131.0,458.0,3,103100.0
-122.25,38.1,52.0,248.0,86.0,173.0,69.0,2,109400.0
-122.25,38.1,52.0,2315.0,556.0,1113.0,486.0,3,147900.0
-122.25,38.1,52.0,1780.0,373.0,824.0,317.0,3,109900.0
-122.25,38.1,52.0,1591.0,372.0,817.0,357.0,2,97200.0
-122.25,38.09,48.0,833.0,188.0,652.0,165.0,2,87900.0
-122.25,38.05,30.0,1255.0,297.0,779.0,307.0,2,147700.0
-122.25,38.03,15.0,3338.0,532.0,1834.0,520.0,6,197600.0
-122.25,38.0,16.0,2978.0,411.0,1531.0,400.0,7,237700.0
-122.25,37.89,42.0,2863.0,460.0,1031.0,448.0,7,368600.0
-122.25,37.89,37.0,3000.0,457.0,987.0,450.0,8,350000.0
-122.25,37.87,52.0,609.0,236.0,1349.0,250.0,1,500001.0
-122.25,37.87,42.0,1756.0,465.0,2184.0,422.0,3,371400.0
-122.25,37.87,41.0,685.0,141.0,266.0,123.0,5,384600.0
-122.25,37.86,52.0,4048.0,663.0,1316.0,590.0,5,376900.0
-122.25,37.86,52.0,1709.0,318.0,719.0,295.0,5,456300.0
-122.25,37.86,52.0,1587.0,444.0,878.0,449.0,2,336800.0
-122.25,37.86,52.0,1389.0,191.0,514.0,202.0,7,446200.0
-122.25,37.86,48.0,2153.0,517.0,1656.0,459.0,3,489600.0
-122.25,37.85,52.0,919.0,213.0,413.0,193.0,4,269700.0
-122.25,37.85,52.0,1627.0,280.0,565.0,259.0,4,342200.0
-122.25,37.85,52.0,1274.0,235.0,558.0,219.0,6,341300.0
-122.25,37.84,52.0,3549.0,707.0,1551.0,714.0,4,261100.0
-122.25,37.84,52.0,3104.0,687.0,1157.0,647.0,3,241400.0
-122.25,37.84,52.0,2535.0,489.0,1094.0,514.0,4,299200.0
-122.25,37.83,52.0,4190.0,1105.0,1786.0,1037.0,3,234100.0
-122.25,37.83,52.0,2376.0,559.0,939.0,519.0,3,224100.0
-122.25,37.83,52.0,1279.0,287.0,534.0,291.0,3,231600.0
-122.25,37.83,28.0,5022.0,1750.0,2558.0,1661.0,2,218500.0
-122.25,37.82,52.0,1424.0,289.0,550.0,253.0,5,262500.0
-122.25,37.82,32.0,3809.0,1098.0,1806.0,1022.0,3,218500.0
-122.25,37.82,28.0,3337.0,855.0,1520.0,802.0,4,225000.0
-122.25,37.81,52.0,2155.0,701.0,895.0,613.0,3,350000.0
-122.25,37.81,52.0,1758.0,460.0,686.0,422.0,3,259400.0
-122.25,37.81,46.0,3232.0,835.0,1373.0,747.0,3,218800.0
-122.25,37.81,39.0,854.0,242.0,389.0,228.0,3,237500.0
-122.25,37.81,29.0,4656.0,1414.0,2304.0,1250.0,2,257800.0
-122.25,37.81,28.0,5806.0,1603.0,2563.0,1497.0,3,273400.0
-122.25,37.8,43.0,2364.0,792.0,1359.0,722.0,2,250000.0
-122.25,37.8,43.0,2344.0,647.0,1710.0,644.0,2,151800.0
-122.25,37.8,41.0,1471.0,469.0,1062.0,413.0,2,171400.0
-122.25,37.79,52.0,902.0,237.0,846.0,227.0,4,125000.0
-122.25,37.79,52.0,1339.0,391.0,1086.0,363.0,2,138800.0
-122.25,37.79,51.0,175.0,43.0,228.0,55.0,2,75000.0
-122.25,37.79,50.0,629.0,188.0,742.0,196.0,3,125000.0
-122.25,37.79,45.0,1786.0,526.0,1475.0,460.0,2,97500.0
-122.25,37.79,39.0,461.0,129.0,381.0,123.0,2,112500.0
-122.25,37.77,52.0,859.0,157.0,429.0,158.0,4,197900.0
-122.25,37.77,52.0,2650.0,566.0,1468.0,567.0,3,215700.0
-122.25,37.77,52.0,2156.0,458.0,872.0,445.0,3,254200.0
-122.25,37.77,52.0,1038.0,220.0,482.0,215.0,3,210200.0
-122.25,37.77,43.0,4329.0,1110.0,2086.0,1053.0,3,243400.0
-122.25,37.76,52.0,2876.0,648.0,1340.0,632.0,4,252900.0
-122.25,37.74,25.0,1914.0,365.0,897.0,390.0,4,206200.0
-122.25,37.56,19.0,7976.0,1406.0,3437.0,1338.0,6,430300.0
-122.25,37.53,16.0,4428.0,664.0,1677.0,623.0,8,422500.0
-122.25,37.52,14.0,1472.0,291.0,876.0,292.0,4,366000.0
-122.25,37.51,45.0,989.0,174.0,504.0,180.0,5,289400.0
-122.25,37.5,45.0,1812.0,336.0,752.0,329.0,5,345000.0
-122.25,37.5,44.0,348.0,79.0,154.0,73.0,5,253800.0
-122.25,37.49,44.0,4420.0,743.0,1790.0,735.0,6,394700.0
-122.25,37.49,43.0,2607.0,477.0,1225.0,461.0,4,349600.0
-122.25,37.49,40.0,2709.0,521.0,1156.0,510.0,5,395500.0
-122.25,37.48,45.0,2743.0,390.0,974.0,400.0,7,500001.0
-122.25,37.48,37.0,3507.0,569.0,1663.0,608.0,5,440300.0
-122.25,37.46,33.0,6841.0,950.0,2681.0,980.0,7,443300.0
-122.25,37.39,33.0,370.0,42.0,153.0,53.0,11,500001.0
-122.25,37.08,20.0,1201.0,282.0,601.0,234.0,3,177500.0
-122.26,41.66,17.0,1885.0,350.0,953.0,328.0,2,61400.0
-122.26,40.58,14.0,2539.0,466.0,1271.0,438.0,4,138500.0
-122.26,40.19,35.0,2467.0,469.0,1194.0,444.0,2,63700.0
-122.26,38.57,22.0,509.0,103.0,139.0,73.0,2,152800.0
-122.26,38.36,25.0,1821.0,344.0,349.0,179.0,7,398800.0
-122.26,38.31,33.0,4518.0,704.0,1776.0,669.0,5,281100.0
-122.26,38.29,10.0,969.0,160.0,482.0,180.0,7,218100.0
-122.26,38.16,23.0,2840.0,491.0,1586.0,466.0,4,130400.0
-122.26,38.15,26.0,3699.0,671.0,2388.0,699.0,4,121900.0
-122.26,38.15,16.0,3921.0,727.0,2830.0,680.0,5,123700.0
-122.26,38.14,34.0,963.0,159.0,392.0,176.0,4,134700.0
-122.26,38.13,28.0,3072.0,790.0,1375.0,705.0,2,91200.0
-122.26,38.12,28.0,3102.0,734.0,1623.0,639.0,3,103700.0
-122.26,38.11,52.0,2573.0,639.0,1238.0,529.0,3,109700.0
-122.26,38.11,52.0,1560.0,353.0,670.0,287.0,2,98400.0
-122.26,38.1,30.0,3317.0,1058.0,1794.0,990.0,1,133300.0
-122.26,38.1,24.0,1213.0,395.0,699.0,386.0,1,94600.0
-122.26,38.04,41.0,2512.0,539.0,1179.0,480.0,3,123000.0
-122.26,38.03,41.0,1631.0,282.0,752.0,288.0,4,150200.0
-122.26,38.03,25.0,2239.0,361.0,928.0,353.0,4,203700.0
-122.26,38.0,6.0,678.0,104.0,318.0,91.0,5,246400.0
-122.26,38.0,5.0,6265.0,908.0,3326.0,872.0,6,272900.0
-122.26,38.0,14.0,2338.0,391.0,1003.0,398.0,4,170500.0
-122.26,37.98,28.0,2038.0,329.0,947.0,349.0,5,198000.0
-122.26,37.9,52.0,1927.0,279.0,705.0,288.0,8,357300.0
-122.26,37.9,37.0,2220.0,335.0,903.0,362.0,8,371300.0
-122.26,37.89,52.0,3706.0,531.0,1205.0,504.0,7,370900.0
-122.26,37.89,52.0,3078.0,494.0,1005.0,462.0,6,342200.0
-122.26,37.88,52.0,2551.0,417.0,894.0,404.0,6,391800.0
-122.26,37.88,52.0,2363.0,604.0,1558.0,573.0,3,338900.0
-122.26,37.88,52.0,2255.0,410.0,823.0,377.0,6,415300.0
-122.26,37.88,52.0,1149.0,255.0,483.0,249.0,4,332500.0
-122.26,37.87,52.0,2773.0,998.0,1721.0,949.0,1,241700.0
-122.26,37.87,52.0,1087.0,371.0,3337.0,350.0,1,175000.0
-122.26,37.86,52.0,3497.0,832.0,1493.0,794.0,3,257400.0
-122.26,37.86,52.0,2888.0,604.0,1253.0,538.0,3,241700.0
-122.26,37.86,35.0,5161.0,1744.0,3276.0,1742.0,2,253600.0
-122.26,37.85,52.0,3618.0,768.0,1508.0,755.0,3,309600.0
-122.26,37.85,52.0,2643.0,626.0,1212.0,620.0,2,159200.0
-122.26,37.85,52.0,2491.0,474.0,1098.0,468.0,3,213500.0
-122.26,37.84,52.0,950.0,202.0,467.0,198.0,4,188800.0
-122.26,37.84,52.0,696.0,191.0,345.0,174.0,3,191300.0
-122.26,37.84,50.0,2239.0,455.0,990.0,419.0,2,158700.0
-122.26,37.84,42.0,2555.0,665.0,1206.0,595.0,2,226700.0
-122.26,37.83,52.0,1665.0,419.0,946.0,395.0,2,155400.0
-122.26,37.83,52.0,1656.0,420.0,718.0,382.0,3,182300.0
-122.26,37.83,52.0,1470.0,330.0,689.0,309.0,3,191400.0
-122.26,37.83,52.0,1443.0,311.0,660.0,292.0,3,184400.0
-122.26,37.83,51.0,936.0,311.0,517.0,249.0,1,150000.0
-122.26,37.82,40.0,624.0,195.0,423.0,160.0,1,187500.0
-122.26,37.82,37.0,3633.0,1085.0,1838.0,980.0,3,193100.0
-122.26,37.82,31.0,4596.0,1331.0,2048.0,1180.0,3,183800.0
-122.26,37.81,34.0,5871.0,1914.0,2689.0,1789.0,3,335700.0
-122.26,37.81,29.0,335.0,107.0,202.0,91.0,2,125000.0
-122.26,37.8,36.0,5329.0,2477.0,3469.0,2323.0,2,130000.0
-122.26,37.8,20.0,2373.0,779.0,1659.0,676.0,2,115000.0
-122.26,37.78,52.0,970.0,217.0,528.0,208.0,3,201300.0
-122.26,37.78,52.0,1045.0,239.0,496.0,216.0,3,190800.0
-122.26,37.77,52.0,2097.0,444.0,915.0,413.0,3,228100.0
-122.26,37.77,52.0,1848.0,479.0,921.0,477.0,3,234000.0
-122.26,37.77,52.0,1704.0,371.0,663.0,340.0,4,275000.0
-122.26,37.77,52.0,1670.0,350.0,793.0,299.0,3,282100.0
-122.26,37.77,52.0,1565.0,315.0,637.0,297.0,5,351800.0
-122.26,37.77,52.0,1210.0,168.0,411.0,172.0,3,405400.0
-122.26,37.57,23.0,7995.0,1254.0,3484.0,1198.0,7,404000.0
-122.26,37.55,17.0,1321.0,425.0,683.0,408.0,5,500001.0
-122.26,37.54,5.0,3264.0,442.0,1607.0,453.0,9,500001.0
-122.26,37.54,5.0,1649.0,388.0,779.0,376.0,7,417300.0
-122.26,37.54,16.0,2118.0,333.0,770.0,318.0,7,376000.0
-122.26,37.54,13.0,1422.0,295.0,395.0,195.0,5,327800.0
-122.26,37.53,4.0,5233.0,1109.0,1690.0,907.0,6,311800.0
-122.26,37.52,34.0,483.0,131.0,291.0,157.0,3,256300.0
-122.26,37.51,46.0,672.0,149.0,351.0,136.0,5,258100.0
-122.26,37.5,52.0,878.0,186.0,393.0,186.0,4,360500.0
-122.26,37.5,44.0,6983.0,1131.0,2818.0,1115.0,6,374800.0
-122.26,37.5,24.0,2307.0,510.0,842.0,507.0,4,341500.0
-122.26,37.48,34.0,4453.0,682.0,1805.0,672.0,6,451300.0
-122.26,37.46,26.0,5067.0,750.0,1996.0,728.0,7,500001.0
-122.26,37.45,17.0,2742.0,441.0,986.0,421.0,6,496000.0
-122.26,37.38,28.0,1103.0,164.0,415.0,154.0,8,500001.0
-122.27,40.53,17.0,2255.0,416.0,1171.0,411.0,3,129800.0
-122.27,40.46,14.0,2633.0,530.0,1324.0,513.0,2,78600.0
-122.27,38.68,18.0,742.0,142.0,343.0,119.0,3,98400.0
-122.27,38.53,22.0,678.0,137.0,336.0,103.0,4,142500.0
-122.27,38.32,31.0,1267.0,319.0,545.0,297.0,2,206800.0
-122.27,38.31,44.0,3030.0,589.0,1373.0,582.0,3,155200.0
-122.27,38.29,36.0,1446.0,306.0,678.0,295.0,3,153000.0
-122.27,38.29,20.0,3870.0,795.0,2088.0,774.0,3,152700.0
-122.27,38.28,37.0,1170.0,303.0,766.0,302.0,3,136200.0
-122.27,38.12,42.0,5266.0,1167.0,3124.0,1025.0,3,120000.0
-122.27,38.04,47.0,1685.0,405.0,835.0,372.0,2,134500.0
-122.27,38.0,15.0,1216.0,166.0,572.0,178.0,6,240300.0
-122.27,38.0,12.0,1592.0,242.0,969.0,233.0,6,248700.0
-122.27,37.99,16.0,4921.0,737.0,2312.0,725.0,6,243200.0
-122.27,37.98,23.0,3455.0,479.0,1375.0,474.0,6,218600.0
-122.27,37.97,10.0,15259.0,2275.0,7266.0,2338.0,6,272400.0
-122.27,37.91,47.0,1930.0,315.0,692.0,296.0,6,315500.0
-122.27,37.9,52.0,2079.0,273.0,684.0,275.0,8,374400.0
-122.27,37.9,52.0,2041.0,270.0,671.0,253.0,7,417500.0
-122.27,37.9,52.0,1803.0,240.0,572.0,236.0,6,358800.0
-122.27,37.9,42.0,1650.0,274.0,645.0,256.0,6,375400.0
-122.27,37.89,52.0,3046.0,373.0,975.0,365.0,9,430500.0
-122.27,37.89,52.0,2640.0,366.0,973.0,355.0,7,371100.0
-122.27,37.89,52.0,1978.0,293.0,723.0,272.0,5,335600.0
-122.27,37.88,52.0,2803.0,930.0,1372.0,876.0,2,271400.0
-122.27,37.88,52.0,1693.0,391.0,669.0,367.0,4,287500.0
-122.27,37.88,44.0,2252.0,592.0,989.0,550.0,3,272900.0
-122.27,37.88,37.0,2619.0,682.0,1152.0,616.0,3,277800.0
-122.27,37.87,52.0,3084.0,698.0,1424.0,694.0,3,210200.0
-122.27,37.87,49.0,1350.0,368.0,707.0,350.0,3,211300.0
-122.27,37.87,35.0,3218.0,1108.0,1675.0,1000.0,2,216700.0
-122.27,37.87,30.0,1465.0,439.0,862.0,425.0,2,268800.0
-122.27,37.86,52.0,834.0,186.0,494.0,175.0,3,206300.0
-122.27,37.86,52.0,1769.0,372.0,849.0,365.0,3,218800.0
-122.27,37.86,52.0,1088.0,305.0,486.0,267.0,3,250000.0
-122.27,37.86,49.0,2052.0,435.0,924.0,414.0,3,182700.0
-122.27,37.85,52.0,4076.0,920.0,1800.0,815.0,3,182300.0
-122.27,37.85,52.0,335.0,83.0,152.0,77.0,2,106300.0
-122.27,37.85,52.0,1974.0,426.0,875.0,363.0,2,153600.0
-122.27,37.85,52.0,1228.0,293.0,648.0,303.0,2,155500.0
-122.27,37.85,50.0,1279.0,300.0,675.0,255.0,2,150800.0
-122.27,37.85,47.0,2077.0,400.0,719.0,326.0,2,172700.0
-122.27,37.85,47.0,1375.0,307.0,843.0,319.0,1,142300.0
-122.27,37.85,42.0,1639.0,367.0,929.0,366.0,2,159800.0
-122.27,37.85,40.0,751.0,184.0,409.0,166.0,1,147500.0
-122.27,37.84,52.0,2436.0,541.0,1015.0,478.0,2,113900.0
-122.27,37.84,52.0,2224.0,437.0,1006.0,422.0,3,132600.0
-122.27,37.84,48.0,1922.0,409.0,1026.0,335.0,2,110400.0
-122.27,37.83,51.0,2665.0,574.0,1258.0,536.0,3,109700.0
-122.27,37.83,49.0,1655.0,366.0,754.0,329.0,1,104900.0
-122.27,37.83,49.0,1215.0,282.0,570.0,264.0,1,97200.0
-122.27,37.83,48.0,1798.0,432.0,987.0,374.0,1,104500.0
-122.27,37.82,43.0,1007.0,312.0,558.0,253.0,2,137500.0
-122.27,37.82,41.0,3221.0,853.0,1959.0,720.0,1,97500.0
-122.27,37.82,40.0,946.0,375.0,700.0,352.0,2,112500.0
-122.27,37.82,21.0,896.0,453.0,735.0,438.0,1,171900.0
-122.27,37.81,52.0,210.0,56.0,183.0,56.0,1,112500.0
-122.27,37.81,40.0,880.0,451.0,582.0,380.0,1,118800.0
-122.27,37.81,10.0,875.0,348.0,546.0,330.0,1,162500.0
-122.27,37.79,27.0,1055.0,347.0,718.0,302.0,3,187500.0
-122.27,37.78,52.0,1408.0,280.0,718.0,265.0,3,207900.0
-122.27,37.78,52.0,1222.0,264.0,630.0,265.0,4,215300.0
-122.27,37.78,45.0,1169.0,263.0,723.0,286.0,4,212900.0
-122.27,37.78,13.0,2020.0,535.0,959.0,486.0,5,292700.0
-122.27,37.77,52.0,2388.0,559.0,1121.0,518.0,3,234500.0
-122.27,37.77,52.0,2252.0,388.0,1033.0,434.0,6,372000.0
-122.27,37.77,52.0,1731.0,377.0,872.0,363.0,4,225800.0
-122.27,37.77,52.0,1710.0,481.0,849.0,457.0,3,220800.0
-122.27,37.77,23.0,5679.0,1270.0,2690.0,1151.0,5,291700.0
-122.27,37.74,28.0,6909.0,1554.0,2974.0,1484.0,4,353900.0
-122.27,37.73,31.0,5785.0,1379.0,2973.0,1312.0,3,231000.0
-122.27,37.56,5.0,4921.0,1179.0,1810.0,1073.0,6,322200.0
-122.27,37.56,17.0,3211.0,847.0,1553.0,812.0,5,292100.0
-122.27,37.55,16.0,4789.0,816.0,1840.0,763.0,7,338200.0
-122.27,37.55,15.0,1958.0,282.0,811.0,284.0,8,483300.0
-122.27,37.54,5.0,2140.0,420.0,990.0,394.0,6,438800.0
-122.27,37.54,16.0,3913.0,565.0,1752.0,557.0,7,419700.0
-122.27,37.53,43.0,1145.0,230.0,586.0,254.0,4,267400.0
-122.27,37.52,35.0,1051.0,259.0,517.0,234.0,4,339700.0
-122.27,37.51,39.0,3996.0,793.0,1744.0,761.0,5,364900.0
-122.27,37.47,44.0,3022.0,473.0,1235.0,477.0,7,495900.0
-122.27,37.43,33.0,1601.0,223.0,629.0,215.0,15,500001.0
-122.27,37.32,37.0,2607.0,534.0,1346.0,507.0,5,277700.0
-122.27,37.24,30.0,2762.0,593.0,1581.0,502.0,5,319400.0
-122.28,41.38,15.0,5266.0,1031.0,2147.0,885.0,3,110100.0
-122.28,40.5,21.0,2405.0,476.0,1197.0,412.0,3,83100.0
-122.28,38.32,12.0,4609.0,1005.0,2293.0,960.0,3,194500.0
-122.28,38.3,23.0,526.0,152.0,245.0,130.0,2,142500.0
-122.28,38.29,23.0,1398.0,388.0,1112.0,406.0,2,140200.0
-122.28,38.22,42.0,106.0,18.0,40.0,25.0,8,275000.0
-122.28,37.99,28.0,3801.0,622.0,1654.0,571.0,4,193300.0
-122.28,37.96,35.0,1579.0,243.0,734.0,264.0,6,201000.0
-122.28,37.91,41.0,3009.0,482.0,1053.0,490.0,6,324400.0
-122.28,37.91,38.0,2501.0,348.0,805.0,329.0,7,358500.0
-122.28,37.9,52.0,2318.0,328.0,779.0,312.0,7,362900.0
-122.28,37.9,52.0,2261.0,328.0,819.0,335.0,5,346800.0
-122.28,37.9,52.0,1369.0,249.0,490.0,248.0,4,287500.0
-122.28,37.9,49.0,3191.0,516.0,1148.0,507.0,6,333700.0
-122.28,37.89,52.0,2616.0,473.0,1085.0,487.0,4,270900.0
-122.28,37.89,52.0,2070.0,329.0,722.0,306.0,5,292000.0
-122.28,37.89,52.0,1225.0,169.0,412.0,168.0,6,327100.0
-122.28,37.88,52.0,957.0,188.0,403.0,172.0,3,245500.0
-122.28,37.88,52.0,2495.0,491.0,1058.0,464.0,4,259600.0
-122.28,37.88,52.0,1909.0,416.0,811.0,406.0,3,227900.0
-122.28,37.88,52.0,1844.0,332.0,769.0,334.0,4,261300.0
-122.28,37.88,52.0,1193.0,200.0,506.0,207.0,4,254500.0
-122.28,37.88,52.0,1172.0,215.0,489.0,218.0,4,235600.0
-122.28,37.87,52.0,1813.0,353.0,828.0,339.0,4,191700.0
-122.28,37.87,52.0,1233.0,300.0,571.0,292.0,2,182300.0
-122.28,37.87,46.0,3022.0,696.0,1293.0,675.0,3,220700.0
-122.28,37.87,46.0,1777.0,446.0,805.0,431.0,3,212000.0
-122.28,37.86,52.0,938.0,195.0,393.0,189.0,4,196400.0
-122.28,37.86,52.0,2031.0,450.0,958.0,445.0,2,169900.0
-122.28,37.86,52.0,1659.0,367.0,788.0,346.0,3,164300.0
-122.28,37.86,49.0,2932.0,668.0,1361.0,608.0,2,147400.0
-122.28,37.86,41.0,2214.0,550.0,1213.0,568.0,2,153100.0
-122.28,37.85,52.0,610.0,145.0,281.0,132.0,3,119400.0
-122.28,37.85,52.0,2246.0,472.0,1005.0,449.0,2,152700.0
-122.28,37.85,52.0,1898.0,421.0,1102.0,397.0,2,105500.0
-122.28,37.85,49.0,1130.0,244.0,607.0,239.0,2,93800.0
-122.28,37.85,44.0,1025.0,198.0,506.0,204.0,2,147900.0
-122.28,37.84,52.0,729.0,160.0,395.0,155.0,2,132000.0
-122.28,37.84,52.0,2153.0,481.0,1168.0,441.0,2,115200.0
-122.28,37.84,50.0,2082.0,492.0,1131.0,473.0,2,108900.0
-122.28,37.84,49.0,1916.0,447.0,863.0,378.0,2,122300.0
-122.28,37.83,52.0,3108.0,813.0,1623.0,765.0,3,126900.0
-122.28,37.83,52.0,1511.0,390.0,901.0,403.0,1,103900.0
-122.28,37.82,52.0,945.0,243.0,576.0,220.0,1,83100.0
-122.28,37.82,52.0,1489.0,335.0,728.0,244.0,1,85300.0
-122.28,37.82,52.0,1387.0,341.0,1074.0,304.0,1,80300.0
-122.28,37.82,52.0,1238.0,288.0,622.0,259.0,2,87500.0
-122.28,37.82,52.0,1170.0,235.0,701.0,233.0,2,87500.0
-122.28,37.81,52.0,773.0,143.0,377.0,115.0,2,98200.0
-122.28,37.81,52.0,386.0,164.0,346.0,155.0,1,137500.0
-122.28,37.81,52.0,340.0,97.0,200.0,87.0,2,112500.0
-122.28,37.81,35.0,948.0,184.0,467.0,169.0,2,118800.0
-122.28,37.81,19.0,1207.0,243.0,721.0,207.0,1,108300.0
-122.28,37.81,17.0,924.0,289.0,609.0,289.0,2,162500.0
-122.28,37.8,38.0,684.0,176.0,344.0,155.0,2,131300.0
-122.28,37.78,50.0,1487.0,306.0,730.0,327.0,3,219000.0
-122.28,37.78,29.0,5154.0,1394.0,3741.0,1273.0,3,173400.0
-122.28,37.75,20.0,1156.0,365.0,583.0,326.0,3,100000.0
-122.28,37.55,17.0,4199.0,629.0,2020.0,630.0,6,375700.0
-122.28,37.54,37.0,991.0,180.0,463.0,177.0,5,294200.0
-122.28,37.54,24.0,5114.0,1357.0,3169.0,1268.0,4,293200.0
-122.28,37.53,34.0,1980.0,385.0,970.0,391.0,5,310900.0
-122.28,37.53,25.0,3710.0,1015.0,2068.0,958.0,4,286700.0
-122.28,37.53,15.0,5417.0,1199.0,2593.0,1098.0,5,438000.0
-122.28,37.52,38.0,2197.0,357.0,1228.0,373.0,5,397900.0
-122.28,37.52,29.0,1526.0,355.0,724.0,315.0,4,435200.0
-122.28,37.51,33.0,4719.0,758.0,1980.0,757.0,6,405000.0
-122.28,37.5,33.0,6499.0,998.0,2694.0,957.0,7,431300.0
-122.28,37.49,29.0,4148.0,635.0,1638.0,627.0,7,457200.0
-122.28,37.49,25.0,7335.0,1157.0,2626.0,1049.0,7,500001.0
-122.28,37.47,44.0,863.0,114.0,281.0,99.0,7,500001.0
-122.29,40.47,20.0,2858.0,612.0,1422.0,589.0,2,63000.0
-122.29,40.44,30.0,1270.0,365.0,840.0,324.0,1,48100.0
-122.29,40.43,21.0,2842.0,640.0,1658.0,608.0,2,59800.0
-122.29,40.39,17.0,1682.0,332.0,887.0,316.0,2,76400.0
-122.29,38.4,28.0,2024.0,340.0,844.0,309.0,5,361100.0
-122.29,38.32,23.0,4312.0,993.0,2317.0,934.0,3,153200.0
-122.29,38.31,45.0,3075.0,754.0,1635.0,723.0,2,139800.0
-122.29,38.31,25.0,4927.0,1005.0,2756.0,998.0,3,162900.0
-122.29,38.3,52.0,144.0,54.0,89.0,48.0,1,162500.0
-122.29,38.3,52.0,1219.0,288.0,847.0,283.0,2,183300.0
-122.29,38.28,38.0,2308.0,425.0,1272.0,406.0,4,134200.0
-122.29,38.19,13.0,7065.0,1259.0,3864.0,1221.0,5,148600.0
-122.29,38.0,16.0,4986.0,1081.0,2805.0,1016.0,4,173200.0
-122.29,37.98,27.0,2133.0,347.0,850.0,350.0,5,209800.0
-122.29,37.97,20.0,3426.0,632.0,1512.0,580.0,4,227400.0
-122.29,37.94,20.0,7578.0,1426.0,3637.0,1362.0,4,190000.0
-122.29,37.92,36.0,1450.0,235.0,568.0,234.0,6,311400.0
-122.29,37.92,35.0,583.0,88.0,235.0,84.0,6,288200.0
-122.29,37.92,32.0,1736.0,234.0,602.0,231.0,7,401000.0
-122.29,37.91,38.0,2591.0,424.0,905.0,378.0,5,263200.0
-122.29,37.9,52.0,1604.0,263.0,594.0,286.0,5,270900.0
-122.29,37.9,49.0,1283.0,238.0,576.0,236.0,3,276800.0
-122.29,37.89,52.0,3171.0,698.0,1498.0,696.0,3,218200.0
-122.29,37.89,52.0,2269.0,380.0,1004.0,371.0,5,261400.0
-122.29,37.89,52.0,2248.0,422.0,870.0,377.0,3,246200.0
-122.29,37.89,52.0,2178.0,421.0,940.0,423.0,5,232200.0
-122.29,37.89,52.0,1571.0,349.0,693.0,326.0,3,229100.0
-122.29,37.88,52.0,2159.0,424.0,824.0,388.0,4,218400.0
-122.29,37.88,52.0,1650.0,395.0,841.0,380.0,4,179300.0
-122.29,37.88,50.0,1211.0,261.0,523.0,227.0,4,216700.0
-122.29,37.88,48.0,2365.0,490.0,1034.0,475.0,3,229200.0
-122.29,37.88,46.0,1895.0,442.0,920.0,425.0,3,192100.0
-122.29,37.87,52.0,895.0,198.0,386.0,204.0,4,182600.0
-122.29,37.87,50.0,1829.0,536.0,1129.0,516.0,3,185600.0
-122.29,37.87,46.0,1267.0,324.0,792.0,321.0,3,165900.0
-122.29,37.87,44.0,2539.0,755.0,1382.0,713.0,3,175000.0
-122.29,37.86,52.0,1665.0,404.0,815.0,372.0,2,156900.0
-122.29,37.84,35.0,1872.0,419.0,1017.0,414.0,2,132500.0
-122.29,37.83,52.0,1121.0,211.0,554.0,187.0,3,75700.0
-122.29,37.82,49.0,135.0,29.0,86.0,23.0,6,75000.0
-122.29,37.81,49.0,844.0,204.0,560.0,152.0,2,75000.0
-122.29,37.81,46.0,935.0,297.0,582.0,277.0,1,95200.0
-122.29,37.81,46.0,2801.0,644.0,1823.0,611.0,1,129200.0
-122.29,37.81,46.0,12.0,4.0,18.0,7.0,0,67500.0
-122.29,37.81,26.0,768.0,152.0,392.0,127.0,2,82500.0
-122.29,37.81,23.0,1745.0,374.0,1054.0,325.0,1,112500.0
-122.29,37.81,20.0,835.0,161.0,290.0,133.0,2,137500.0
-122.29,37.8,52.0,1027.0,244.0,492.0,147.0,3,81300.0
-122.29,37.78,42.0,1241.0,309.0,821.0,300.0,2,102200.0
-122.29,37.56,34.0,1693.0,281.0,846.0,291.0,5,339400.0
-122.29,37.55,27.0,3789.0,874.0,2243.0,866.0,4,270100.0
-122.29,37.54,43.0,2268.0,438.0,1151.0,449.0,5,293200.0
-122.29,37.54,39.0,1459.0,285.0,761.0,291.0,5,298100.0
-122.29,37.53,41.0,839.0,190.0,419.0,215.0,5,368200.0
-122.29,37.52,38.0,3767.0,603.0,1455.0,615.0,7,386800.0
-122.29,37.52,33.0,4104.0,751.0,1837.0,771.0,5,388100.0
-122.29,37.51,35.0,3040.0,520.0,1374.0,518.0,6,426400.0
-122.29,37.48,15.0,5480.0,892.0,2009.0,831.0,7,500001.0
-122.29,37.41,30.0,6373.0,854.0,2149.0,798.0,11,500001.0
-122.3,41.32,13.0,2300.0,513.0,1151.0,488.0,2,81500.0
-122.3,41.31,29.0,4059.0,787.0,1700.0,702.0,2,97100.0
-122.3,40.58,19.0,1043.0,204.0,505.0,183.0,2,98800.0
-122.3,40.45,32.0,1286.0,271.0,694.0,236.0,2,68500.0
-122.3,38.33,15.0,4741.0,956.0,2043.0,856.0,4,183600.0
-122.3,38.32,20.0,2063.0,486.0,1045.0,460.0,3,153200.0
-122.3,38.31,34.0,1797.0,395.0,1162.0,407.0,3,137500.0
-122.3,38.3,44.0,3690.0,809.0,1922.0,736.0,3,139800.0
-122.3,38.3,21.0,1108.0,269.0,524.0,274.0,3,154600.0
-122.3,38.29,48.0,2278.0,477.0,1219.0,453.0,3,154000.0
-122.3,38.29,40.0,1739.0,318.0,744.0,312.0,3,156100.0
-122.3,38.28,31.0,1633.0,316.0,944.0,300.0,3,158700.0
-122.3,38.27,4.0,1051.0,263.0,455.0,248.0,4,130200.0
-122.3,38.25,18.0,3548.0,880.0,1476.0,699.0,4,163400.0
-122.3,37.98,25.0,3807.0,806.0,1821.0,792.0,4,164300.0
-122.3,37.97,35.0,1811.0,377.0,911.0,340.0,3,149700.0
-122.3,37.97,30.0,4030.0,772.0,1777.0,718.0,4,184000.0
-122.3,37.93,34.0,2254.0,357.0,715.0,306.0,4,304000.0
-122.3,37.92,33.0,1615.0,271.0,710.0,285.0,4,239000.0
-122.3,37.91,40.0,2866.0,617.0,1305.0,589.0,4,209100.0
-122.3,37.9,41.0,2053.0,435.0,873.0,415.0,3,223000.0
-122.3,37.9,38.0,2263.0,522.0,1027.0,509.0,4,224200.0
-122.3,37.9,37.0,2125.0,489.0,912.0,462.0,3,217200.0
-122.3,37.9,35.0,1102.0,308.0,688.0,303.0,2,141700.0
-122.3,37.9,30.0,1772.0,471.0,880.0,437.0,2,162500.0
-122.3,37.9,15.0,5083.0,1212.0,2420.0,1146.0,5,256100.0
-122.3,37.89,36.0,1077.0,293.0,518.0,276.0,3,206300.0
-122.3,37.88,46.0,1647.0,376.0,854.0,355.0,3,144800.0
-122.3,37.88,45.0,453.0,146.0,749.0,137.0,1,187500.0
-122.3,37.87,52.0,3123.0,749.0,1695.0,684.0,2,144800.0
-122.3,37.87,10.0,503.0,118.0,228.0,100.0,2,150000.0
-122.3,37.86,50.0,499.0,127.0,287.0,128.0,3,140600.0
-122.3,37.84,14.0,7355.0,2408.0,3100.0,2051.0,4,143800.0
-122.3,37.81,52.0,1224.0,237.0,521.0,159.0,1,76100.0
-122.3,37.81,52.0,1010.0,209.0,604.0,187.0,1,78400.0
-122.3,37.81,48.0,828.0,182.0,392.0,133.0,3,73500.0
-122.3,37.81,48.0,1455.0,354.0,788.0,332.0,1,84400.0
-122.3,37.77,42.0,2038.0,368.0,2037.0,355.0,3,200000.0
-122.3,37.57,36.0,1973.0,352.0,1169.0,370.0,5,270900.0
-122.3,37.56,35.0,1873.0,351.0,945.0,333.0,6,274800.0
-122.3,37.55,35.0,3675.0,735.0,1930.0,715.0,4,342800.0
-122.3,37.54,39.0,4292.0,1097.0,1758.0,987.0,3,340500.0
-122.3,37.53,43.0,1748.0,366.0,984.0,371.0,5,337800.0
-122.3,37.53,40.0,1833.0,308.0,751.0,306.0,6,384200.0
-122.3,37.53,38.0,984.0,171.0,429.0,157.0,5,376800.0
-122.3,37.53,37.0,1338.0,215.0,535.0,221.0,5,376600.0
-122.3,37.52,38.0,2769.0,387.0,994.0,395.0,6,417000.0
-122.3,37.52,32.0,2297.0,347.0,871.0,342.0,8,382200.0
-122.3,37.51,35.0,2789.0,445.0,1156.0,404.0,5,391000.0
-122.31,40.89,18.0,754.0,161.0,247.0,107.0,2,78800.0
-122.31,40.65,11.0,3664.0,647.0,1686.0,613.0,3,141600.0
-122.31,40.55,11.0,13714.0,2302.0,6511.0,2267.0,4,100100.0
-122.31,40.49,18.0,4026.0,718.0,1731.0,705.0,3,118400.0
-122.31,40.47,26.0,2723.0,551.0,1326.0,547.0,2,66000.0
-122.31,40.45,25.0,2596.0,557.0,1536.0,549.0,2,60400.0
-122.31,40.45,10.0,1187.0,236.0,728.0,248.0,2,66800.0
-122.31,38.34,19.0,4187.0,684.0,1827.0,605.0,5,210400.0
-122.31,38.33,26.0,2155.0,339.0,956.0,365.0,4,174700.0
-122.31,38.33,21.0,1922.0,344.0,1051.0,342.0,4,183300.0
-122.31,38.32,35.0,3997.0,762.0,2074.0,703.0,3,138100.0
-122.31,38.32,33.0,2463.0,421.0,1235.0,465.0,4,161500.0
-122.31,38.31,32.0,2577.0,458.0,1172.0,447.0,4,175500.0
-122.31,38.3,25.0,3883.0,740.0,1641.0,676.0,4,187300.0
-122.31,38.27,34.0,1748.0,284.0,783.0,303.0,4,194400.0
-122.31,38.0,26.0,3735.0,641.0,1708.0,633.0,5,191100.0
-122.31,37.99,25.0,6508.0,1137.0,3259.0,1081.0,4,157800.0
-122.31,37.94,38.0,2172.0,403.0,945.0,384.0,4,194200.0
-122.31,37.94,38.0,1794.0,349.0,810.0,335.0,4,191400.0
-122.31,37.93,39.0,2505.0,371.0,872.0,345.0,5,286500.0
-122.31,37.93,36.0,2403.0,408.0,917.0,404.0,5,253400.0
-122.31,37.93,36.0,1526.0,256.0,696.0,263.0,4,261900.0
-122.31,37.92,43.0,2116.0,407.0,900.0,361.0,4,212200.0
-122.31,37.92,30.0,1014.0,236.0,537.0,204.0,3,183300.0
-122.31,37.91,45.0,3924.0,834.0,1992.0,773.0,4,177800.0
-122.31,37.91,43.0,2549.0,511.0,1060.0,528.0,4,178400.0
-122.31,37.91,39.0,2955.0,696.0,1417.0,682.0,3,167800.0
-122.31,37.91,31.0,1432.0,348.0,681.0,348.0,3,218100.0
-122.31,37.6,34.0,3225.0,726.0,1958.0,656.0,4,273000.0
-122.31,37.58,44.0,1990.0,442.0,1141.0,424.0,4,258300.0
-122.31,37.57,45.0,1165.0,236.0,845.0,251.0,4,267300.0
-122.31,37.57,42.0,3157.0,676.0,1603.0,629.0,4,292600.0
-122.31,37.57,31.0,2197.0,477.0,1193.0,394.0,5,271100.0
-122.31,37.56,52.0,2351.0,494.0,1126.0,482.0,4,356900.0
-122.31,37.56,40.0,1351.0,330.0,701.0,297.0,3,292900.0
-122.31,37.56,36.0,1727.0,340.0,952.0,337.0,5,316000.0
-122.31,37.55,52.0,900.0,183.0,371.0,166.0,3,296400.0
-122.31,37.55,45.0,507.0,140.0,305.0,139.0,3,272900.0
-122.31,37.55,27.0,3931.0,933.0,1877.0,851.0,4,354100.0
-122.31,37.54,46.0,2444.0,397.0,952.0,402.0,5,388200.0
-122.31,37.54,45.0,1222.0,220.0,492.0,205.0,6,396900.0
-122.31,37.54,42.0,1159.0,261.0,465.0,247.0,3,352800.0
-122.31,37.53,39.0,1160.0,191.0,508.0,185.0,6,379100.0
-122.31,37.5,22.0,14034.0,3020.0,6266.0,2952.0,4,491200.0
-122.32,40.71,18.0,2879.0,578.0,1399.0,586.0,2,105400.0
-122.32,40.58,2.0,1937.0,350.0,756.0,274.0,3,114200.0
-122.32,40.57,15.0,2524.0,449.0,1374.0,467.0,3,93800.0
-122.32,38.35,20.0,3494.0,549.0,1673.0,541.0,6,185200.0
-122.32,38.32,26.0,2710.0,498.0,1439.0,484.0,5,175200.0
-122.32,38.32,19.0,2922.0,417.0,1221.0,442.0,6,238700.0
-122.32,38.29,21.0,1607.0,356.0,834.0,352.0,2,177900.0
-122.32,38.12,12.0,5382.0,928.0,3928.0,921.0,5,150600.0
-122.32,38.06,4.0,7999.0,1611.0,3596.0,1396.0,5,174200.0
-122.32,38.01,26.0,3054.0,492.0,1495.0,496.0,5,171100.0
-122.32,37.99,24.0,4865.0,968.0,2315.0,893.0,4,173500.0
-122.32,37.97,33.0,1156.0,190.0,643.0,209.0,4,156600.0
-122.32,37.97,29.0,2347.0,464.0,1135.0,490.0,4,161000.0
-122.32,37.96,34.0,2070.0,357.0,784.0,294.0,4,182800.0
-122.32,37.95,37.0,1887.0,353.0,895.0,359.0,4,196600.0
-122.32,37.95,35.0,1612.0,354.0,887.0,331.0,3,146100.0
-122.32,37.94,47.0,1911.0,283.0,697.0,275.0,6,267700.0
-122.32,37.94,46.0,1901.0,295.0,833.0,352.0,6,210800.0
-122.32,37.94,38.0,2751.0,522.0,1390.0,489.0,4,165100.0
-122.32,37.93,40.0,3056.0,489.0,1103.0,481.0,5,247300.0
-122.32,37.93,40.0,1141.0,213.0,434.0,196.0,4,186900.0
-122.32,37.93,33.0,296.0,73.0,216.0,63.0,3,22500.0
-122.32,37.92,29.0,2304.0,399.0,1377.0,454.0,5,140600.0
-122.32,37.92,28.0,4649.0,977.0,2606.0,953.0,3,129100.0
-122.32,37.92,22.0,1119.0,220.0,565.0,199.0,3,186900.0
-122.32,37.91,34.0,2669.0,647.0,1341.0,555.0,3,119600.0
-122.32,37.69,48.0,592.0,122.0,340.0,143.0,6,315200.0
-122.32,37.57,52.0,499.0,148.0,318.0,145.0,3,256300.0
-122.32,37.57,42.0,2574.0,614.0,2377.0,588.0,3,237900.0
-122.32,37.56,9.0,1150.0,287.0,377.0,243.0,4,237500.0
-122.32,37.56,44.0,537.0,173.0,355.0,194.0,3,250000.0
-122.32,37.56,26.0,2339.0,704.0,1283.0,654.0,3,415000.0
-122.32,37.55,50.0,2501.0,433.0,1050.0,410.0,5,500001.0
-122.32,37.55,46.0,1437.0,266.0,607.0,263.0,5,369700.0
-122.32,37.55,44.0,2151.0,411.0,849.0,370.0,4,397100.0
-122.32,37.54,34.0,3661.0,692.0,1608.0,656.0,5,407200.0
-122.32,37.53,39.0,2795.0,464.0,1183.0,443.0,6,387100.0
-122.32,37.52,17.0,6645.0,1034.0,2557.0,1032.0,6,480800.0
-122.33,41.86,19.0,3599.0,695.0,1572.0,601.0,2,58600.0
-122.33,40.6,5.0,6383.0,1206.0,2965.0,1141.0,4,111100.0
-122.33,40.57,16.0,2777.0,503.0,1432.0,500.0,3,75900.0
-122.33,40.48,26.0,695.0,126.0,319.0,124.0,3,101600.0
-122.33,40.47,30.0,2502.0,523.0,1296.0,481.0,2,66100.0
-122.33,39.1,10.0,266.0,62.0,154.0,49.0,2,75000.0
-122.33,38.39,36.0,831.0,122.0,272.0,109.0,6,304800.0
-122.33,38.38,28.0,1020.0,169.0,504.0,164.0,5,287500.0
-122.33,38.33,15.0,3193.0,468.0,1303.0,426.0,5,202600.0
-122.33,38.31,14.0,6778.0,947.0,2768.0,1014.0,6,258900.0
-122.33,38.29,14.0,3541.0,499.0,1577.0,459.0,5,269900.0
-122.33,38.21,33.0,2017.0,370.0,949.0,342.0,5,228600.0
-122.33,38.0,35.0,3779.0,711.0,2493.0,679.0,3,109000.0
-122.33,37.99,4.0,3999.0,1079.0,1591.0,887.0,4,112500.0
-122.33,37.98,3.0,2850.0,544.0,1024.0,515.0,6,175000.0
-122.33,37.97,45.0,1982.0,376.0,1179.0,398.0,4,130800.0
-122.33,37.96,46.0,1222.0,236.0,819.0,251.0,4,129400.0
-122.33,37.95,46.0,1543.0,339.0,777.0,322.0,4,142600.0
-122.33,37.95,45.0,1585.0,329.0,981.0,373.0,3,135800.0
-122.33,37.95,42.0,1627.0,336.0,848.0,316.0,4,144600.0
-122.33,37.95,22.0,2099.0,569.0,1135.0,509.0,2,120800.0
-122.33,37.94,47.0,1882.0,361.0,797.0,342.0,4,140800.0
-122.33,37.94,45.0,1226.0,279.0,590.0,260.0,3,140400.0
-122.33,37.94,44.0,1769.0,332.0,828.0,309.0,4,150800.0
-122.33,37.94,42.0,1695.0,345.0,719.0,334.0,4,139100.0
-122.33,37.93,27.0,2158.0,424.0,1220.0,442.0,3,111500.0
-122.33,37.92,26.0,3887.0,779.0,2512.0,740.0,2,122400.0
-122.33,37.89,42.0,1342.0,291.0,551.0,266.0,5,207400.0
-122.33,37.58,43.0,1772.0,422.0,1573.0,401.0,3,233100.0
-122.33,37.58,40.0,2362.0,468.0,992.0,425.0,5,359900.0
-122.33,37.57,27.0,3085.0,876.0,1453.0,896.0,3,290000.0
-122.33,37.57,20.0,2126.0,643.0,1112.0,597.0,4,283300.0
-122.33,37.56,50.0,1975.0,245.0,644.0,251.0,10,500001.0
-122.33,37.56,34.0,6394.0,1619.0,2400.0,1496.0,3,500001.0
-122.33,37.55,51.0,2565.0,332.0,870.0,309.0,9,500001.0
-122.33,37.55,33.0,2199.0,312.0,827.0,319.0,6,500001.0
-122.33,37.53,18.0,4493.0,760.0,1784.0,725.0,7,413000.0
-122.34,41.21,26.0,178.0,40.0,55.0,25.0,2,57500.0
-122.34,41.06,33.0,2149.0,498.0,631.0,273.0,2,65800.0
-122.34,40.63,10.0,2183.0,369.0,1061.0,325.0,4,151600.0
-122.34,40.58,7.0,4843.0,992.0,2223.0,932.0,3,101700.0
-122.34,40.57,26.0,2187.0,472.0,1339.0,463.0,2,67900.0
-122.34,40.57,24.0,1610.0,307.0,748.0,307.0,3,82800.0
-122.34,40.51,16.0,2247.0,502.0,1206.0,463.0,2,119200.0
-122.34,40.32,12.0,3848.0,689.0,2008.0,683.0,3,92200.0
-122.34,37.99,42.0,1531.0,326.0,1271.0,377.0,3,85100.0
-122.34,37.98,33.0,2014.0,410.0,1354.0,427.0,4,131300.0
-122.34,37.96,33.0,1817.0,441.0,1220.0,389.0,3,103600.0
-122.34,37.96,15.0,6487.0,1717.0,3408.0,1560.0,2,133300.0
-122.34,37.95,44.0,1788.0,368.0,933.0,329.0,3,133400.0
-122.34,37.95,44.0,1675.0,317.0,806.0,311.0,3,135300.0
-122.34,37.95,39.0,1986.0,427.0,1041.0,385.0,3,135100.0
-122.34,37.95,38.0,1340.0,298.0,766.0,241.0,3,111700.0
-122.34,37.94,47.0,2313.0,433.0,947.0,430.0,4,143300.0
-122.34,37.94,44.0,1917.0,444.0,936.0,435.0,3,140300.0
-122.34,37.94,42.0,2206.0,451.0,989.0,444.0,3,143900.0
-122.34,37.94,31.0,1611.0,455.0,786.0,411.0,2,145500.0
-122.34,37.93,45.0,2225.0,486.0,1304.0,459.0,3,112100.0
-122.34,37.93,32.0,2389.0,652.0,1672.0,584.0,1,88300.0
-122.34,37.93,30.0,2515.0,481.0,1327.0,428.0,2,95000.0
-122.34,37.88,37.0,3061.0,930.0,2556.0,924.0,2,350000.0
-122.34,37.59,44.0,1395.0,269.0,736.0,288.0,6,386400.0
-122.34,37.58,50.0,2784.0,743.0,1622.0,698.0,4,372200.0
-122.34,37.57,52.0,2635.0,408.0,967.0,374.0,7,500001.0
-122.34,37.57,52.0,2547.0,373.0,876.0,359.0,8,500001.0
-122.34,37.57,39.0,2647.0,616.0,1254.0,555.0,4,433800.0
-122.34,37.57,28.0,3751.0,949.0,1691.0,846.0,4,300000.0
-122.34,37.55,44.0,2465.0,328.0,843.0,324.0,7,500001.0
-122.34,37.55,25.0,4470.0,518.0,1507.0,504.0,13,500001.0
-122.34,37.53,27.0,3339.0,481.0,1354.0,458.0,7,464600.0
-122.34,37.52,34.0,3559.0,560.0,1747.0,550.0,7,411200.0
-122.34,37.46,21.0,1799.0,293.0,576.0,277.0,7,500001.0
-122.35,40.68,36.0,1822.0,449.0,930.0,399.0,1,56600.0
-122.35,40.57,22.0,589.0,97.0,338.0,107.0,3,87500.0
-122.35,40.57,18.0,2226.0,490.0,859.0,451.0,2,69400.0
-122.35,40.54,17.0,2280.0,453.0,976.0,434.0,3,97800.0
-122.35,40.25,10.0,1621.0,318.0,866.0,283.0,4,104300.0
-122.35,38.3,18.0,3735.0,557.0,1504.0,521.0,6,243100.0
-122.35,37.98,34.0,3756.0,726.0,2237.0,686.0,4,132900.0
-122.35,37.97,43.0,2178.0,482.0,1545.0,471.0,3,112200.0
-122.35,37.96,34.0,1428.0,335.0,1272.0,319.0,3,93900.0
-122.35,37.96,32.0,1991.0,504.0,1139.0,423.0,2,113600.0
-122.35,37.96,29.0,1899.0,524.0,1357.0,443.0,2,97200.0
-122.35,37.95,45.0,2142.0,431.0,1318.0,431.0,3,111600.0
-122.35,37.95,42.0,1485.0,290.0,971.0,303.0,4,114600.0
-122.35,37.95,31.0,2449.0,595.0,1801.0,548.0,3,110300.0
-122.35,37.94,34.0,1880.0,459.0,1358.0,422.0,2,105200.0
-122.35,37.93,41.0,268.0,75.0,198.0,82.0,3,156300.0
-122.35,37.93,39.0,2002.0,416.0,1166.0,395.0,2,91500.0
-122.35,37.93,28.0,1995.0,488.0,1182.0,439.0,2,84300.0
-122.35,37.93,19.0,1334.0,366.0,1048.0,316.0,2,88000.0
-122.35,37.91,4.0,2851.0,798.0,1285.0,712.0,4,186800.0
-122.35,37.58,52.0,2495.0,458.0,1081.0,471.0,4,410800.0
-122.35,37.58,30.0,5039.0,1564.0,2129.0,1536.0,3,345000.0
-122.35,37.57,52.0,2170.0,269.0,784.0,274.0,10,500001.0
-122.35,37.57,52.0,2059.0,345.0,800.0,308.0,5,500001.0
-122.35,37.56,52.0,1659.0,191.0,519.0,201.0,14,500001.0
-122.35,37.53,27.0,2169.0,305.0,905.0,319.0,8,453100.0
-122.36,40.69,32.0,3611.0,772.0,2060.0,759.0,2,60600.0
-122.36,40.68,28.0,1745.0,379.0,1011.0,370.0,2,59800.0
-122.36,40.66,17.0,2786.0,559.0,1528.0,517.0,2,75800.0
-122.36,40.62,11.0,3896.0,886.0,1902.0,843.0,2,94200.0
-122.36,40.58,17.0,1220.0,275.0,800.0,261.0,2,118800.0
-122.36,40.57,31.0,431.0,90.0,231.0,78.0,2,77300.0
-122.36,40.56,20.0,3592.0,868.0,1865.0,781.0,2,64800.0
-122.36,40.55,21.0,2500.0,466.0,1428.0,502.0,3,113300.0
-122.36,40.48,21.0,2333.0,514.0,1308.0,509.0,2,74800.0
-122.36,38.4,16.0,2716.0,546.0,898.0,500.0,2,201200.0
-122.36,38.03,32.0,2159.0,393.0,981.0,369.0,4,175400.0
-122.36,37.96,39.0,246.0,57.0,316.0,52.0,1,104200.0
-122.36,37.96,31.0,1157.0,276.0,956.0,232.0,2,80400.0
-122.36,37.96,30.0,950.0,317.0,1073.0,280.0,2,107800.0
-122.36,37.95,40.0,408.0,102.0,302.0,81.0,2,69800.0
-122.36,37.95,38.0,1066.0,248.0,729.0,286.0,2,81700.0
-122.36,37.95,38.0,1042.0,289.0,773.0,248.0,3,104700.0
-122.36,37.94,45.0,907.0,188.0,479.0,161.0,3,79000.0
-122.36,37.94,43.0,369.0,107.0,371.0,111.0,2,79400.0
-122.36,37.94,41.0,2591.0,585.0,1638.0,462.0,2,79700.0
-122.36,37.94,26.0,1540.0,343.0,1007.0,338.0,1,72900.0
-122.36,37.93,44.0,1891.0,449.0,1047.0,432.0,2,86100.0
-122.36,37.93,42.0,1796.0,389.0,1107.0,372.0,2,87000.0
-122.36,37.92,52.0,215.0,41.0,126.0,43.0,1,104200.0
-122.36,37.59,20.0,2638.0,854.0,1352.0,718.0,4,350600.0
-122.36,37.58,52.0,3084.0,595.0,1324.0,571.0,5,374200.0
-122.36,37.58,37.0,3325.0,734.0,1468.0,692.0,4,434000.0
-122.36,37.57,35.0,1774.0,205.0,588.0,207.0,11,500001.0
-122.36,37.56,32.0,4684.0,540.0,1512.0,511.0,15,500001.0
-122.36,37.54,23.0,6184.0,747.0,2165.0,700.0,10,500001.0
-122.37,41.41,28.0,1729.0,419.0,929.0,370.0,1,53100.0
-122.37,40.6,7.0,5178.0,1336.0,2557.0,1283.0,2,111400.0
-122.37,40.58,25.0,2054.0,495.0,835.0,475.0,2,76900.0
-122.37,40.54,28.0,2213.0,390.0,1096.0,378.0,4,86900.0
-122.37,40.45,18.0,1748.0,337.0,921.0,327.0,3,85400.0
-122.37,40.39,12.0,3783.0,702.0,1970.0,639.0,3,98500.0
-122.37,37.95,35.0,215.0,45.0,100.0,34.0,2,81300.0
-122.37,37.95,32.0,1298.0,363.0,716.0,268.0,1,76400.0
-122.37,37.94,49.0,969.0,229.0,599.0,195.0,1,71600.0
-122.37,37.93,45.0,3150.0,756.0,1798.0,749.0,2,37900.0
-122.37,37.93,37.0,709.0,190.0,644.0,174.0,1,84200.0
-122.37,37.81,26.0,5416.0,1045.0,4531.0,962.0,3,250000.0
-122.37,37.6,26.0,15.0,3.0,11.0,3.0,5,350000.0
-122.37,37.59,52.0,2272.0,403.0,963.0,376.0,6,500000.0
-122.37,37.59,39.0,4645.0,1196.0,2156.0,1113.0,3,353800.0
-122.37,37.58,52.0,1900.0,290.0,665.0,276.0,5,500001.0
-122.37,37.58,43.0,2506.0,432.0,967.0,428.0,5,500001.0
-122.37,37.58,34.0,2697.0,313.0,810.0,279.0,12,500001.0
-122.37,37.56,21.0,7189.0,874.0,2440.0,846.0,12,500001.0
-122.38,41.54,14.0,4453.0,797.0,1817.0,685.0,3,81100.0
-122.38,41.43,45.0,2245.0,448.0,1155.0,421.0,2,46200.0
-122.38,40.69,21.0,1774.0,370.0,875.0,354.0,2,61500.0
-122.38,40.67,10.0,2281.0,444.0,1274.0,438.0,2,65600.0
-122.38,40.61,14.0,4773.0,1133.0,2101.0,1072.0,2,105000.0
-122.38,40.58,36.0,1808.0,384.0,807.0,383.0,2,74800.0
-122.38,40.58,34.0,1262.0,267.0,520.0,259.0,2,72600.0
-122.38,40.57,43.0,2251.0,542.0,1479.0,512.0,2,58200.0
-122.38,40.56,23.0,2281.0,408.0,1164.0,420.0,4,101200.0
-122.38,40.54,36.0,1216.0,240.0,647.0,228.0,3,75300.0
-122.38,39.68,21.0,1155.0,210.0,510.0,175.0,2,67500.0
-122.38,37.91,18.0,3507.0,711.0,1224.0,676.0,5,269800.0
-122.38,37.76,52.0,248.0,68.0,124.0,51.0,1,450000.0
-122.38,37.73,40.0,543.0,101.0,259.0,89.0,2,193800.0
-122.38,37.73,38.0,1388.0,276.0,871.0,265.0,2,193800.0
-122.38,37.73,18.0,4037.0,990.0,2722.0,834.0,1,140400.0
-122.38,37.71,47.0,1088.0,190.0,558.0,166.0,4,207100.0
-122.38,37.6,33.0,2577.0,590.0,1867.0,566.0,3,265100.0
-122.38,37.59,49.0,1657.0,266.0,613.0,270.0,6,378100.0
-122.38,37.59,44.0,2089.0,348.0,837.0,317.0,5,459200.0
-122.38,37.58,52.0,2039.0,299.0,772.0,303.0,6,500001.0
-122.38,37.58,52.0,1704.0,226.0,671.0,243.0,8,500001.0
-122.38,37.34,33.0,1054.0,209.0,400.0,161.0,8,456300.0
-122.38,37.18,52.0,1746.0,315.0,941.0,220.0,3,286100.0
-122.39,41.41,23.0,910.0,199.0,370.0,169.0,2,80100.0
-122.39,40.64,13.0,3604.0,704.0,1598.0,670.0,2,78700.0
-122.39,40.59,26.0,1279.0,438.0,1276.0,420.0,1,81300.0
-122.39,40.58,44.0,1625.0,392.0,944.0,347.0,2,68900.0
-122.39,40.53,28.0,1427.0,304.0,692.0,285.0,2,80800.0
-122.39,40.52,24.0,2068.0,346.0,951.0,332.0,4,85900.0
-122.39,38.37,33.0,1066.0,191.0,403.0,163.0,7,240800.0
-122.39,38.0,33.0,44.0,6.0,23.0,11.0,4,212500.0
-122.39,37.8,25.0,4561.0,1474.0,1525.0,1169.0,5,500001.0
-122.39,37.79,52.0,94.0,24.0,113.0,27.0,5,350000.0
-122.39,37.78,5.0,1405.0,515.0,725.0,392.0,4,187500.0
-122.39,37.76,52.0,624.0,170.0,410.0,148.0,4,208300.0
-122.39,37.76,52.0,3390.0,691.0,1645.0,596.0,4,253700.0
-122.39,37.76,52.0,2316.0,468.0,1047.0,476.0,5,321600.0
-122.39,37.76,52.0,1877.0,427.0,712.0,398.0,4,290900.0
-122.39,37.76,52.0,157.0,28.0,88.0,27.0,4,162500.0
-122.39,37.74,42.0,4110.0,846.0,2147.0,674.0,3,201000.0
-122.39,37.73,52.0,1931.0,329.0,1025.0,293.0,3,192000.0
-122.39,37.73,46.0,1517.0,299.0,879.0,309.0,2,195100.0
-122.39,37.72,52.0,135.0,34.0,93.0,26.0,2,181300.0
-122.39,37.72,45.0,2893.0,570.0,1923.0,535.0,4,192300.0
-122.39,37.72,28.0,1609.0,340.0,1064.0,290.0,1,206300.0
-122.39,37.6,44.0,2304.0,384.0,986.0,379.0,5,387100.0
-122.39,37.6,36.0,1770.0,499.0,1225.0,459.0,3,273100.0
-122.39,37.6,34.0,707.0,159.0,381.0,156.0,4,340900.0
-122.39,37.59,33.0,2064.0,299.0,813.0,303.0,6,500001.0
-122.39,37.58,36.0,6026.0,852.0,2314.0,892.0,8,500001.0
-122.39,37.57,35.0,520.0,83.0,185.0,76.0,6,450000.0
-122.4,40.62,9.0,4794.0,889.0,2162.0,865.0,3,103100.0
-122.4,40.58,43.0,1455.0,300.0,747.0,279.0,3,104200.0
-122.4,40.58,40.0,3895.0,929.0,1782.0,910.0,1,78200.0
-122.4,40.57,23.0,1321.0,259.0,749.0,222.0,2,90100.0
-122.4,40.51,20.0,1750.0,352.0,834.0,340.0,2,100600.0
-122.4,38.53,24.0,1741.0,289.0,564.0,231.0,4,248400.0
-122.4,38.46,33.0,2542.0,466.0,1099.0,420.0,5,248500.0
-122.4,38.41,20.0,4867.0,1015.0,1725.0,1015.0,3,267600.0
-122.4,38.34,33.0,1408.0,273.0,520.0,212.0,4,242500.0
-122.4,37.81,12.0,1349.0,349.0,536.0,334.0,8,250000.0
-122.4,37.8,52.0,2094.0,568.0,920.0,503.0,4,412500.0
-122.4,37.8,52.0,1642.0,570.0,1432.0,513.0,2,300000.0
-122.4,37.78,52.0,464.0,202.0,286.0,148.0,2,112500.0
-122.4,37.78,32.0,352.0,132.0,313.0,105.0,3,350000.0
-122.4,37.77,52.0,144.0,63.0,1061.0,68.0,4,225000.0
-122.4,37.76,52.0,4265.0,912.0,1555.0,836.0,4,298300.0
-122.4,37.76,52.0,1529.0,385.0,1347.0,348.0,3,239100.0
-122.4,37.76,52.0,1495.0,311.0,506.0,275.0,4,320000.0
-122.4,37.75,52.0,1182.0,307.0,1029.0,306.0,2,214600.0
-122.4,37.75,44.0,6848.0,1584.0,3269.0,1383.0,3,243300.0
-122.4,37.75,26.0,54.0,9.0,23.0,9.0,6,225000.0
-122.4,37.74,45.0,2462.0,509.0,1587.0,450.0,3,211800.0
-122.4,37.73,50.0,1947.0,411.0,1170.0,384.0,3,238700.0
-122.4,37.73,45.0,3490.0,712.0,2337.0,781.0,3,225400.0
-122.4,37.73,42.0,1413.0,406.0,1027.0,362.0,2,233000.0
-122.4,37.72,47.0,1167.0,250.0,953.0,253.0,4,241900.0
-122.4,37.72,41.0,1975.0,440.0,1528.0,424.0,4,218300.0
-122.4,37.72,40.0,1948.0,413.0,1434.0,396.0,3,219100.0
-122.4,37.72,37.0,971.0,248.0,647.0,208.0,2,239300.0
-122.4,37.71,47.0,1649.0,328.0,1183.0,356.0,3,223700.0
-122.4,37.71,40.0,1883.0,397.0,1411.0,438.0,3,238000.0
-122.4,37.68,41.0,2267.0,486.0,1045.0,459.0,4,272200.0
-122.4,37.68,36.0,3595.0,815.0,1649.0,755.0,3,253400.0
-122.4,37.62,32.0,3586.0,921.0,2249.0,911.0,3,253000.0
-122.4,37.61,35.0,2084.0,549.0,1077.0,545.0,3,318400.0
-122.4,37.6,52.0,1380.0,203.0,530.0,210.0,6,420300.0
-122.4,37.6,30.0,5351.0,1134.0,2558.0,1074.0,4,369300.0
-122.41,40.58,35.0,2072.0,385.0,1029.0,375.0,3,75600.0
-122.41,40.53,28.0,1127.0,245.0,538.0,208.0,2,72000.0
-122.41,38.07,20.0,4536.0,708.0,1812.0,701.0,6,435900.0
-122.41,37.98,36.0,60.0,15.0,42.0,25.0,1,67500.0
-122.41,37.94,52.0,154.0,33.0,89.0,38.0,3,275000.0
-122.41,37.81,31.0,3991.0,1311.0,2305.0,1201.0,2,500001.0
-122.41,37.8,52.0,4088.0,946.0,1906.0,863.0,4,433300.0
-122.41,37.8,52.0,3697.0,837.0,1446.0,711.0,6,500001.0
-122.41,37.8,52.0,3278.0,775.0,1279.0,709.0,5,500001.0
-122.41,37.8,52.0,3260.0,1535.0,3260.0,1457.0,1,500001.0
-122.41,37.8,52.0,2892.0,751.0,1785.0,733.0,4,350000.0
-122.41,37.8,52.0,2618.0,611.0,1328.0,559.0,4,350000.0
-122.41,37.8,52.0,2583.0,672.0,1335.0,613.0,3,500001.0
-122.41,37.8,52.0,2450.0,741.0,1415.0,664.0,3,375000.0
-122.41,37.8,52.0,1999.0,642.0,1846.0,620.0,2,225000.0
-122.41,37.8,52.0,1866.0,748.0,2957.0,710.0,2,243800.0
-122.41,37.8,52.0,1724.0,416.0,1016.0,395.0,3,400000.0
-122.41,37.8,52.0,1394.0,395.0,1700.0,400.0,3,168800.0
-122.41,37.8,52.0,1288.0,309.0,437.0,272.0,6,500001.0
-122.41,37.8,30.0,1821.0,738.0,1648.0,684.0,1,450000.0
-122.41,37.79,52.0,6016.0,2509.0,3436.0,2119.0,3,275000.0
-122.41,37.79,52.0,5783.0,2747.0,4518.0,2538.0,2,225000.0
-122.41,37.79,52.0,3610.0,1286.0,1504.0,1047.0,3,500001.0
-122.41,37.79,52.0,3598.0,1011.0,2062.0,966.0,3,380000.0
-122.41,37.79,52.0,2909.0,851.0,1711.0,830.0,3,500001.0
-122.41,37.79,52.0,2302.0,938.0,1515.0,861.0,1,55000.0
-122.41,37.79,52.0,2161.0,544.0,904.0,431.0,4,350000.0
-122.41,37.79,52.0,1436.0,738.0,1688.0,662.0,2,237500.0
-122.41,37.78,52.0,1928.0,836.0,2124.0,739.0,1,55000.0
-122.41,37.78,52.0,1534.0,763.0,1520.0,614.0,1,375000.0
-122.41,37.77,52.0,849.0,276.0,582.0,222.0,3,250000.0
-122.41,37.77,52.0,361.0,76.0,168.0,55.0,3,275000.0
-122.41,37.77,52.0,1963.0,565.0,1628.0,524.0,3,193800.0
-122.41,37.76,52.0,351.0,81.0,308.0,75.0,3,325000.0
-122.41,37.76,52.0,3452.0,784.0,2987.0,753.0,3,260300.0
-122.41,37.76,52.0,2605.0,678.0,2071.0,611.0,3,265000.0
-122.41,37.76,52.0,2479.0,515.0,1816.0,496.0,3,300000.0
-122.41,37.76,52.0,2064.0,496.0,1726.0,466.0,3,233300.0
-122.41,37.76,52.0,1427.0,281.0,620.0,236.0,2,262500.0
-122.41,37.75,9.0,1282.0,334.0,1176.0,305.0,3,206300.0
-122.41,37.75,52.0,3065.0,622.0,1405.0,606.0,4,275900.0
-122.41,37.75,52.0,2524.0,559.0,1430.0,476.0,3,254700.0
-122.41,37.75,52.0,2515.0,576.0,1209.0,540.0,4,284900.0
-122.41,37.75,52.0,2452.0,623.0,1932.0,549.0,2,236100.0
-122.41,37.75,52.0,2164.0,606.0,2034.0,513.0,2,178100.0
-122.41,37.75,52.0,1919.0,404.0,1483.0,421.0,3,253900.0
-122.41,37.75,52.0,1892.0,415.0,1442.0,371.0,4,230000.0
-122.41,37.75,52.0,1678.0,386.0,1220.0,357.0,3,255300.0
-122.41,37.74,52.0,831.0,175.0,415.0,159.0,2,249000.0
-122.41,37.74,52.0,2058.0,399.0,1208.0,399.0,4,230000.0
-122.41,37.74,52.0,1842.0,339.0,1032.0,357.0,6,250800.0
-122.41,37.74,48.0,409.0,86.0,148.0,70.0,4,335000.0
-122.41,37.74,47.0,1728.0,398.0,1178.0,315.0,3,229600.0
-122.41,37.74,43.0,1663.0,330.0,935.0,335.0,4,240900.0
-122.41,37.74,38.0,1754.0,382.0,928.0,354.0,4,270800.0
-122.41,37.73,52.0,1931.0,358.0,1092.0,356.0,4,271300.0
-122.41,37.73,41.0,2115.0,378.0,1168.0,365.0,4,272500.0
-122.41,37.73,33.0,2789.0,567.0,1682.0,552.0,4,276200.0
-122.41,37.72,35.0,2104.0,434.0,1225.0,410.0,5,242900.0
-122.41,37.72,32.0,1650.0,316.0,904.0,295.0,4,236200.0
-122.41,37.71,47.0,2289.0,481.0,1697.0,465.0,3,226300.0
-122.41,37.7,23.0,1817.0,400.0,1376.0,382.0,2,214200.0
-122.41,37.66,44.0,431.0,195.0,682.0,212.0,3,233300.0
-122.41,37.66,40.0,1294.0,308.0,1177.0,301.0,4,218800.0
-122.41,37.66,37.0,694.0,188.0,658.0,225.0,5,237500.0
-122.41,37.66,37.0,2155.0,446.0,1255.0,428.0,4,250700.0
-122.41,37.66,32.0,1385.0,356.0,1096.0,353.0,4,246700.0
-122.41,37.64,38.0,1204.0,268.0,921.0,247.0,4,215400.0
-122.41,37.63,39.0,4220.0,1055.0,2720.0,1046.0,3,242500.0
-122.41,37.63,37.0,1252.0,275.0,878.0,287.0,4,228500.0
-122.41,37.63,35.0,865.0,226.0,602.0,217.0,3,229100.0
-122.41,37.62,49.0,1464.0,302.0,636.0,259.0,4,284100.0
-122.41,37.62,39.0,3119.0,758.0,1807.0,696.0,3,242700.0
-122.41,37.61,43.0,1934.0,303.0,847.0,300.0,5,347400.0
-122.41,37.61,42.0,1602.0,262.0,705.0,255.0,6,336400.0
-122.41,37.6,26.0,2754.0,402.0,1128.0,395.0,6,466900.0
-122.42,40.63,23.0,2248.0,489.0,1132.0,444.0,2,80400.0
-122.42,40.57,10.0,7949.0,1309.0,3176.0,1163.0,4,120100.0
-122.42,40.32,16.0,1978.0,375.0,961.0,333.0,3,83900.0
-122.42,38.31,18.0,1479.0,246.0,550.0,217.0,5,333300.0
-122.42,38.27,25.0,3282.0,566.0,1244.0,483.0,5,308400.0
-122.42,37.93,47.0,3453.0,779.0,1353.0,728.0,4,274500.0
-122.42,37.81,52.0,1314.0,317.0,473.0,250.0,4,500001.0
-122.42,37.8,52.0,741.0,170.0,277.0,165.0,4,500001.0
-122.42,37.8,52.0,4079.0,1112.0,1466.0,1024.0,5,500001.0
-122.42,37.8,52.0,3823.0,1040.0,1830.0,977.0,4,450000.0
-122.42,37.8,52.0,3321.0,1115.0,1576.0,1034.0,2,458300.0
-122.42,37.8,52.0,3067.0,870.0,2122.0,850.0,3,287500.0
-122.42,37.8,52.0,2852.0,581.0,838.0,510.0,8,500001.0
-122.42,37.8,52.0,2797.0,685.0,1156.0,651.0,4,500001.0
-122.42,37.8,52.0,2657.0,772.0,1014.0,685.0,4,500001.0
-122.42,37.8,52.0,1777.0,486.0,932.0,427.0,3,420000.0
-122.42,37.79,52.0,3511.0,1232.0,2452.0,1131.0,3,275000.0
-122.42,37.79,52.0,3457.0,1021.0,2286.0,994.0,3,225000.0
-122.42,37.79,52.0,2737.0,1241.0,1761.0,1029.0,2,225000.0
-122.42,37.79,52.0,2511.0,895.0,1202.0,804.0,3,87500.0
-122.42,37.79,48.0,4506.0,1342.0,1980.0,1239.0,4,500001.0
-122.42,37.78,52.0,989.0,425.0,634.0,341.0,2,275000.0
-122.42,37.78,52.0,1254.0,469.0,895.0,456.0,2,187500.0
-122.42,37.78,27.0,1728.0,884.0,1211.0,752.0,1,500001.0
-122.42,37.78,26.0,812.0,507.0,628.0,445.0,2,500001.0
-122.42,37.78,17.0,1257.0,339.0,1093.0,384.0,2,72500.0
-122.42,37.77,52.0,759.0,323.0,421.0,255.0,2,162500.0
-122.42,37.77,52.0,4226.0,1315.0,2619.0,1242.0,3,325000.0
-122.42,37.77,52.0,2185.0,656.0,1266.0,626.0,3,350000.0
-122.42,37.77,52.0,1925.0,568.0,867.0,515.0,3,450000.0
-122.42,37.77,52.0,1176.0,493.0,1136.0,436.0,1,312500.0
-122.42,37.77,52.0,1086.0,349.0,589.0,361.0,3,250000.0
-122.42,37.76,52.0,4001.0,1084.0,2129.0,1037.0,4,391200.0
-122.42,37.76,52.0,2088.0,487.0,1082.0,488.0,3,490000.0
-122.42,37.76,52.0,1494.0,610.0,1630.0,590.0,2,265000.0
-122.42,37.76,52.0,1190.0,400.0,1270.0,332.0,2,225000.0
-122.42,37.76,46.0,2150.0,817.0,2075.0,807.0,1,212500.0
-122.42,37.76,37.0,1291.0,588.0,1846.0,557.0,1,225000.0
-122.42,37.75,52.0,801.0,272.0,639.0,259.0,2,275000.0
-122.42,37.75,52.0,2708.0,762.0,1460.0,741.0,3,400000.0
-122.42,37.75,52.0,2163.0,607.0,1447.0,546.0,3,275000.0
-122.42,37.75,52.0,2112.0,528.0,1227.0,513.0,4,400000.0
-122.42,37.75,52.0,1974.0,525.0,935.0,465.0,3,300000.0
-122.42,37.75,52.0,1855.0,611.0,1715.0,614.0,2,250000.0
-122.42,37.75,52.0,1609.0,510.0,1155.0,439.0,2,250000.0
-122.42,37.75,52.0,1564.0,396.0,1162.0,374.0,3,275000.0
-122.42,37.75,52.0,1207.0,302.0,1008.0,269.0,3,262500.0
-122.42,37.74,52.0,2713.0,624.0,1370.0,594.0,5,325700.0
-122.42,37.74,52.0,2084.0,550.0,1438.0,516.0,2,258600.0
-122.42,37.74,52.0,2019.0,418.0,999.0,448.0,4,271300.0
-122.42,37.74,52.0,1916.0,432.0,889.0,424.0,4,279900.0
-122.42,37.74,52.0,1786.0,427.0,856.0,394.0,3,328100.0
-122.42,37.74,52.0,1674.0,346.0,734.0,335.0,4,281300.0
-122.42,37.74,52.0,1651.0,351.0,973.0,366.0,3,240900.0
-122.42,37.74,52.0,1540.0,370.0,1136.0,363.0,4,243000.0
-122.42,37.74,52.0,1271.0,353.0,1076.0,324.0,3,263900.0
-122.42,37.73,52.0,3230.0,654.0,1765.0,611.0,3,292300.0
-122.42,37.73,48.0,1474.0,308.0,998.0,330.0,4,250300.0
-122.42,37.73,46.0,1819.0,411.0,1534.0,406.0,4,229400.0
-122.42,37.73,35.0,1871.0,342.0,1055.0,310.0,5,279300.0
-122.42,37.73,35.0,1791.0,322.0,988.0,304.0,5,254500.0
-122.42,37.72,42.0,4219.0,1125.0,3549.0,993.0,1,212800.0
-122.42,37.72,37.0,2638.0,546.0,1789.0,521.0,4,244700.0
-122.42,37.66,41.0,2189.0,414.0,1063.0,409.0,5,302600.0
-122.42,37.66,36.0,725.0,121.0,335.0,140.0,4,327600.0
-122.42,37.66,28.0,3520.0,672.0,1746.0,602.0,5,273500.0
-122.42,37.66,26.0,3253.0,932.0,2246.0,855.0,3,244000.0
-122.42,37.64,41.0,98.0,20.0,68.0,19.0,2,212500.0
-122.42,37.63,46.0,66.0,11.0,30.0,12.0,2,275000.0
-122.42,37.63,46.0,1811.0,337.0,796.0,333.0,3,292900.0
-122.42,37.62,43.0,2367.0,409.0,1141.0,400.0,5,319000.0
-122.42,37.62,40.0,1545.0,264.0,756.0,282.0,4,308100.0
-122.42,37.62,36.0,1538.0,256.0,671.0,247.0,4,317900.0
-122.42,37.61,37.0,1866.0,300.0,822.0,305.0,5,341300.0
-122.42,37.61,17.0,1040.0,432.0,669.0,405.0,4,137500.0
-122.43,40.66,15.0,2532.0,458.0,1183.0,450.0,3,92200.0
-122.43,37.81,52.0,4309.0,942.0,1297.0,798.0,5,500001.0
-122.43,37.81,39.0,3275.0,837.0,1137.0,725.0,4,500001.0
-122.43,37.8,52.0,3172.0,848.0,1259.0,806.0,4,466700.0
-122.43,37.8,52.0,2994.0,821.0,1240.0,779.0,3,500000.0
-122.43,37.8,52.0,2802.0,622.0,954.0,572.0,5,500001.0
-122.43,37.8,52.0,2520.0,649.0,959.0,607.0,6,500001.0
-122.43,37.8,52.0,1976.0,726.0,1045.0,669.0,4,475000.0
-122.43,37.8,52.0,1380.0,322.0,553.0,288.0,4,500001.0
-122.43,37.79,52.0,3565.0,892.0,1377.0,852.0,4,500001.0
-122.43,37.79,52.0,3522.0,938.0,1319.0,887.0,4,500001.0
-122.43,37.79,52.0,3486.0,847.0,1248.0,813.0,7,500001.0
-122.43,37.79,52.0,3020.0,842.0,1294.0,769.0,3,500001.0
-122.43,37.79,50.0,3312.0,1095.0,1475.0,997.0,3,500001.0
-122.43,37.79,25.0,1637.0,394.0,649.0,379.0,5,460000.0
-122.43,37.79,24.0,2459.0,1001.0,1362.0,957.0,3,450000.0
-122.43,37.78,52.0,4014.0,1069.0,2070.0,927.0,3,442900.0
-122.43,37.78,52.0,1952.0,628.0,1284.0,576.0,2,316700.0
-122.43,37.78,26.0,3587.0,1034.0,1821.0,936.0,3,287500.0
-122.43,37.78,24.0,2037.0,696.0,1371.0,585.0,1,112500.0
-122.43,37.78,2.0,1205.0,468.0,577.0,363.0,4,275000.0
-122.43,37.78,17.0,2728.0,908.0,1670.0,893.0,1,115000.0
-122.43,37.78,10.0,2380.0,843.0,1245.0,789.0,1,220000.0
-122.43,37.77,52.0,4397.0,1116.0,1939.0,1053.0,3,354500.0
-122.43,37.77,52.0,3944.0,1072.0,1913.0,973.0,3,425000.0
-122.43,37.77,52.0,3563.0,832.0,1712.0,787.0,3,335700.0
-122.43,37.77,52.0,2714.0,779.0,1438.0,733.0,4,275000.0
-122.43,37.77,52.0,2514.0,729.0,1428.0,597.0,2,412500.0
-122.43,37.77,52.0,1862.0,472.0,872.0,471.0,3,222700.0
-122.43,37.77,52.0,1760.0,366.0,742.0,318.0,4,400000.0
-122.43,37.77,52.0,1567.0,482.0,654.0,425.0,3,366700.0
-122.43,37.76,52.0,3771.0,1017.0,1575.0,921.0,4,427300.0
-122.43,37.76,52.0,3708.0,849.0,1531.0,822.0,3,386400.0
-122.43,37.76,52.0,2250.0,566.0,1051.0,562.0,3,350000.0
-122.43,37.76,52.0,1582.0,353.0,868.0,329.0,4,250000.0
-122.43,37.75,52.0,3521.0,767.0,1415.0,687.0,5,362200.0
-122.43,37.75,52.0,2960.0,623.0,1191.0,589.0,4,347700.0
-122.43,37.75,52.0,2721.0,581.0,1043.0,519.0,4,383700.0
-122.43,37.75,52.0,2700.0,595.0,1181.0,575.0,4,396800.0
-122.43,37.75,52.0,2459.0,507.0,1012.0,475.0,4,387900.0
-122.43,37.75,52.0,2285.0,509.0,839.0,456.0,5,355600.0
-122.43,37.75,52.0,2155.0,468.0,962.0,490.0,4,325900.0
-122.43,37.75,52.0,1970.0,495.0,871.0,474.0,4,355600.0
-122.43,37.75,52.0,1615.0,393.0,633.0,378.0,4,347500.0
-122.43,37.75,40.0,4850.0,977.0,1824.0,952.0,5,356100.0
-122.43,37.74,52.0,3328.0,653.0,1260.0,614.0,5,331000.0
-122.43,37.74,52.0,2637.0,539.0,1159.0,497.0,4,333100.0
-122.43,37.74,52.0,2229.0,498.0,1079.0,472.0,5,324300.0
-122.43,37.73,52.0,1985.0,401.0,1337.0,424.0,4,240900.0
-122.43,37.73,52.0,1494.0,306.0,1463.0,360.0,3,222600.0
-122.43,37.73,52.0,1386.0,276.0,729.0,274.0,4,275500.0
-122.43,37.73,52.0,1029.0,205.0,461.0,212.0,5,310800.0
-122.43,37.73,49.0,1435.0,322.0,1008.0,329.0,4,264000.0
-122.43,37.72,52.0,3351.0,719.0,2101.0,706.0,3,242000.0
-122.43,37.72,52.0,2206.0,478.0,1583.0,456.0,4,250500.0
-122.43,37.72,50.0,2912.0,562.0,1989.0,537.0,4,252600.0
-122.43,37.72,49.0,3427.0,696.0,2363.0,661.0,4,254000.0
-122.43,37.71,52.0,1508.0,278.0,1138.0,304.0,4,266500.0
-122.43,37.71,52.0,1410.0,286.0,879.0,282.0,3,255600.0
-122.43,37.71,35.0,2878.0,564.0,1633.0,528.0,4,266900.0
-122.43,37.71,24.0,4299.0,857.0,2249.0,788.0,5,290400.0
-122.43,37.7,19.0,1733.0,354.0,959.0,348.0,5,281700.0
-122.43,37.66,43.0,1769.0,387.0,1102.0,377.0,5,281500.0
-122.43,37.66,29.0,3541.0,786.0,2259.0,770.0,4,278400.0
-122.43,37.64,42.0,4091.0,757.0,1861.0,771.0,4,272700.0
-122.43,37.64,34.0,8400.0,1812.0,4101.0,1717.0,4,301000.0
-122.43,37.63,34.0,4135.0,687.0,2154.0,742.0,5,342300.0
-122.43,37.61,21.0,10252.0,2595.0,4790.0,2428.0,4,344500.0
-122.43,37.43,17.0,11999.0,2249.0,5467.0,1989.0,5,354300.0
-122.44,38.57,26.0,2101.0,390.0,2171.0,360.0,4,159700.0
-122.44,38.03,13.0,4284.0,1042.0,2146.0,937.0,4,179200.0
-122.44,37.8,52.0,3830.0,1142.0,1310.0,963.0,3,500001.0
-122.44,37.8,52.0,3257.0,735.0,1045.0,620.0,5,500001.0
-122.44,37.8,52.0,3161.0,472.0,842.0,410.0,8,500001.0
-122.44,37.8,52.0,3149.0,719.0,1145.0,658.0,5,500001.0
-122.44,37.8,52.0,2865.0,593.0,1029.0,577.0,5,500001.0
-122.44,37.8,52.0,1724.0,412.0,540.0,319.0,4,500001.0
-122.44,37.8,52.0,1603.0,487.0,727.0,464.0,4,500001.0
-122.44,37.8,52.0,1580.0,470.0,714.0,448.0,3,500001.0
-122.44,37.8,52.0,1006.0,291.0,445.0,257.0,3,500000.0
-122.44,37.79,52.0,3785.0,808.0,1371.0,799.0,6,500001.0
-122.44,37.79,52.0,3640.0,840.0,1525.0,796.0,4,500001.0
-122.44,37.79,52.0,2083.0,491.0,1224.0,483.0,4,468800.0
-122.44,37.79,52.0,2045.0,353.0,722.0,327.0,8,500001.0
-122.44,37.79,52.0,1979.0,359.0,648.0,370.0,5,500001.0
-122.44,37.79,52.0,1903.0,461.0,831.0,433.0,4,500001.0
-122.44,37.79,52.0,1817.0,535.0,800.0,487.0,4,500001.0
-122.44,37.79,52.0,1726.0,384.0,614.0,356.0,4,500000.0
-122.44,37.79,52.0,1447.0,186.0,483.0,181.0,15,500001.0
-122.44,37.79,52.0,1335.0,151.0,402.0,157.0,11,500001.0
-122.44,37.78,52.0,3510.0,791.0,1703.0,657.0,3,280000.0
-122.44,37.78,52.0,3017.0,851.0,1588.0,800.0,3,471400.0
-122.44,37.78,52.0,2911.0,753.0,1696.0,676.0,3,475000.0
-122.44,37.78,52.0,2747.0,736.0,1309.0,653.0,3,341700.0
-122.44,37.78,52.0,2695.0,657.0,1243.0,573.0,3,372200.0
-122.44,37.78,52.0,1118.0,279.0,514.0,284.0,2,346200.0
-122.44,37.78,44.0,1545.0,334.0,561.0,326.0,4,412500.0
-122.44,37.78,39.0,1181.0,310.0,901.0,281.0,1,237500.0
-122.44,37.78,31.0,1364.0,386.0,707.0,379.0,3,293800.0
-122.44,37.78,16.0,883.0,236.0,601.0,219.0,2,146900.0
-122.44,37.77,52.0,3505.0,745.0,1374.0,714.0,4,500001.0
-122.44,37.77,52.0,3475.0,807.0,1518.0,777.0,4,500001.0
-122.44,37.77,52.0,3225.0,667.0,1494.0,619.0,4,500001.0
-122.44,37.77,52.0,2994.0,736.0,1428.0,700.0,3,438900.0
-122.44,37.77,52.0,2705.0,647.0,1355.0,628.0,2,364300.0
-122.44,37.77,52.0,2537.0,559.0,849.0,530.0,5,476900.0
-122.44,37.77,52.0,2002.0,520.0,939.0,501.0,3,488900.0
-122.44,37.76,52.0,2959.0,683.0,1145.0,666.0,4,361600.0
-122.44,37.76,52.0,2509.0,496.0,855.0,478.0,5,405400.0
-122.44,37.76,52.0,2110.0,454.0,816.0,438.0,4,370000.0
-122.44,37.76,50.0,2589.0,569.0,945.0,544.0,5,376600.0
-122.44,37.76,38.0,2202.0,452.0,833.0,435.0,7,455900.0
-122.44,37.76,35.0,1581.0,422.0,580.0,388.0,4,423100.0
-122.44,37.76,30.0,5089.0,1210.0,1935.0,1139.0,5,386100.0
-122.44,37.75,52.0,2082.0,425.0,801.0,411.0,4,368900.0
-122.44,37.75,52.0,1573.0,334.0,725.0,338.0,5,380400.0
-122.44,37.75,46.0,1519.0,291.0,573.0,289.0,4,338800.0
-122.44,37.75,28.0,4930.0,1381.0,2232.0,1321.0,4,316200.0
-122.44,37.75,21.0,5457.0,1247.0,2304.0,1180.0,5,409700.0
-122.44,37.74,52.0,2074.0,366.0,909.0,394.0,5,294900.0
-122.44,37.74,23.0,6291.0,1269.0,2818.0,1198.0,4,391900.0
-122.44,37.74,23.0,184.0,44.0,118.0,40.0,5,350000.0
-122.44,37.73,52.0,866.0,205.0,587.0,171.0,5,261900.0
-122.44,37.73,52.0,2838.0,567.0,1411.0,526.0,4,261400.0
-122.44,37.73,52.0,2381.0,492.0,1485.0,447.0,4,270000.0
-122.44,37.73,46.0,3581.0,758.0,1670.0,703.0,4,269200.0
-122.44,37.73,39.0,1912.0,418.0,970.0,406.0,5,275500.0
-122.44,37.72,52.0,2890.0,571.0,1769.0,541.0,4,252000.0
-122.44,37.72,52.0,1507.0,282.0,929.0,281.0,4,247700.0
-122.44,37.72,52.0,1380.0,272.0,847.0,284.0,4,260000.0
-122.44,37.72,49.0,1557.0,405.0,1173.0,385.0,3,265000.0
-122.44,37.72,48.0,2675.0,585.0,1773.0,540.0,4,268500.0
-122.44,37.71,46.0,1230.0,247.0,895.0,257.0,5,248900.0
-122.44,37.71,31.0,2370.0,441.0,1524.0,470.0,5,264100.0
-122.44,37.7,6.0,3523.0,664.0,1705.0,608.0,5,258100.0
-122.44,37.67,35.0,1814.0,365.0,1025.0,384.0,4,268400.0
-122.44,37.66,36.0,1447.0,276.0,799.0,275.0,5,265600.0
-122.44,37.65,38.0,5277.0,1008.0,2695.0,997.0,4,276200.0
-122.44,37.63,35.0,5113.0,959.0,3004.0,964.0,5,281300.0
-122.44,37.52,16.0,7077.0,1179.0,3502.0,1148.0,6,345100.0
-122.45,40.85,20.0,2701.0,573.0,892.0,358.0,3,107800.0
-122.45,40.56,17.0,1712.0,307.0,963.0,329.0,4,148700.0
-122.45,38.58,34.0,2517.0,483.0,1324.0,464.0,3,189400.0
-122.45,38.51,18.0,1297.0,337.0,610.0,312.0,2,184400.0
-122.45,38.3,24.0,1946.0,400.0,718.0,380.0,4,257900.0
-122.45,38.28,20.0,3306.0,503.0,1374.0,460.0,6,297600.0
-122.45,37.91,27.0,2682.0,382.0,935.0,369.0,10,500001.0
-122.45,37.81,52.0,1375.0,322.0,287.0,184.0,4,500001.0
-122.45,37.79,52.0,3069.0,579.0,1107.0,536.0,6,500001.0
-122.45,37.79,52.0,2196.0,280.0,668.0,291.0,10,500001.0
-122.45,37.79,52.0,1734.0,482.0,731.0,429.0,1,425000.0
-122.45,37.79,46.0,2009.0,464.0,761.0,453.0,4,500001.0
-122.45,37.78,52.0,3975.0,716.0,1515.0,691.0,5,500001.0
-122.45,37.78,52.0,2033.0,438.0,2198.0,418.0,4,418400.0
-122.45,37.78,52.0,1345.0,291.0,560.0,294.0,4,494400.0
-122.45,37.78,48.0,1013.0,194.0,464.0,205.0,3,428300.0
-122.45,37.78,45.0,2747.0,699.0,1320.0,693.0,3,333300.0
-122.45,37.78,43.0,1452.0,397.0,897.0,393.0,4,322700.0
-122.45,37.77,52.0,3939.0,852.0,1737.0,797.0,5,500001.0
-122.45,37.77,52.0,3188.0,708.0,1526.0,664.0,3,500001.0
-122.45,37.77,52.0,3095.0,682.0,1269.0,639.0,4,500001.0
-122.45,37.77,52.0,2645.0,626.0,1275.0,553.0,3,492900.0
-122.45,37.77,52.0,2602.0,714.0,1330.0,647.0,4,278600.0
-122.45,37.77,52.0,2296.0,509.0,1039.0,472.0,4,500000.0
-122.45,37.77,52.0,2191.0,627.0,1100.0,585.0,3,500000.0
-122.45,37.76,52.0,1457.0,292.0,621.0,315.0,5,450000.0
-122.45,37.76,51.0,2564.0,457.0,810.0,442.0,6,500001.0
-122.45,37.76,31.0,5283.0,1330.0,2659.0,1269.0,4,500000.0
-122.45,37.75,36.0,2303.0,381.0,862.0,371.0,6,349000.0
-122.45,37.75,36.0,1997.0,356.0,772.0,348.0,5,322600.0
-122.45,37.75,35.0,1363.0,302.0,1786.0,301.0,3,313400.0
-122.45,37.74,52.0,1596.0,276.0,642.0,273.0,4,349500.0
-122.45,37.74,46.0,6429.0,1093.0,2535.0,1109.0,5,335100.0
-122.45,37.73,52.0,2510.0,438.0,1153.0,407.0,5,335100.0
-122.45,37.73,52.0,2035.0,424.0,1193.0,430.0,5,264200.0
-122.45,37.73,52.0,1350.0,241.0,752.0,246.0,3,266200.0
-122.45,37.72,52.0,982.0,197.0,653.0,171.0,4,231900.0
-122.45,37.72,51.0,2690.0,554.0,1795.0,539.0,4,225000.0
-122.45,37.72,47.0,1773.0,345.0,1083.0,315.0,4,221200.0
-122.45,37.72,46.0,1406.0,235.0,771.0,239.0,5,219300.0
-122.45,37.72,45.0,964.0,173.0,613.0,201.0,3,228900.0
-122.45,37.71,52.0,1658.0,322.0,1086.0,326.0,4,261600.0
-122.45,37.71,50.0,1441.0,283.0,1159.0,286.0,5,233700.0
-122.45,37.71,49.0,2244.0,442.0,1948.0,423.0,5,251500.0
-122.45,37.71,46.0,2559.0,506.0,1562.0,498.0,4,270600.0
-122.45,37.71,41.0,1578.0,351.0,1159.0,299.0,4,243600.0
-122.45,37.71,34.0,3131.0,669.0,2204.0,600.0,4,251000.0
-122.45,37.7,16.0,6457.0,1336.0,4375.0,1231.0,5,267000.0
-122.45,37.69,17.0,2359.0,501.0,884.0,504.0,3,87500.0
-122.45,37.67,36.0,1664.0,326.0,963.0,322.0,5,246400.0
-122.45,37.66,36.0,5456.0,926.0,2761.0,916.0,5,280700.0
-122.45,37.66,35.0,2738.0,509.0,1545.0,493.0,5,263300.0
-122.45,37.63,28.0,4946.0,848.0,2683.0,824.0,6,302100.0
-122.45,37.62,26.0,3507.0,512.0,1712.0,509.0,7,344600.0
-122.46,40.52,13.0,2085.0,322.0,1077.0,333.0,5,146500.0
-122.46,38.53,32.0,1735.0,331.0,785.0,309.0,4,275800.0
-122.46,38.29,35.0,1762.0,350.0,686.0,339.0,4,271700.0
-122.46,37.98,10.0,1325.0,189.0,427.0,162.0,12,500001.0
-122.46,37.88,35.0,2492.0,409.0,812.0,373.0,9,500001.0
-122.46,37.79,52.0,899.0,96.0,304.0,110.0,14,500001.0
-122.46,37.79,52.0,2106.0,373.0,743.0,348.0,5,500001.0
-122.46,37.79,52.0,2005.0,359.0,847.0,356.0,4,500001.0
-122.46,37.78,52.0,4140.0,984.0,2030.0,892.0,3,376800.0
-122.46,37.78,52.0,3429.0,773.0,1584.0,696.0,4,500001.0
-122.46,37.78,52.0,3088.0,727.0,1636.0,662.0,3,360700.0
-122.46,37.78,52.0,2632.0,542.0,1364.0,544.0,3,441700.0
-122.46,37.78,52.0,2594.0,622.0,1421.0,593.0,3,350000.0
-122.46,37.78,52.0,2165.0,580.0,1067.0,530.0,3,350000.0
-122.46,37.78,52.0,2051.0,552.0,1400.0,510.0,3,375000.0
-122.46,37.78,47.0,1682.0,379.0,837.0,375.0,5,400000.0
-122.46,37.77,52.0,3193.0,688.0,2099.0,681.0,4,402900.0
-122.46,37.76,52.0,1817.0,449.0,948.0,380.0,4,390000.0
-122.46,37.76,28.0,1072.0,165.0,363.0,168.0,6,367700.0
-122.46,37.75,52.0,1849.0,287.0,695.0,258.0,7,394000.0
-122.46,37.75,52.0,1590.0,236.0,622.0,232.0,6,500001.0
-122.46,37.75,52.0,1207.0,152.0,465.0,162.0,11,500001.0
-122.46,37.75,26.0,2192.0,438.0,954.0,456.0,5,374200.0
-122.46,37.74,52.0,2180.0,326.0,856.0,326.0,5,416900.0
-122.46,37.74,52.0,2053.0,281.0,791.0,287.0,11,500001.0
-122.46,37.74,51.0,1905.0,291.0,707.0,284.0,6,431000.0
-122.46,37.73,52.0,3547.0,506.0,1276.0,491.0,8,426800.0
-122.46,37.73,52.0,2857.0,469.0,1431.0,496.0,5,344200.0
-122.46,37.73,52.0,2673.0,349.0,876.0,338.0,8,500001.0
-122.46,37.73,52.0,2401.0,346.0,812.0,328.0,7,394100.0
-122.46,37.72,52.0,2951.0,406.0,1115.0,397.0,7,405200.0
-122.46,37.72,49.0,1207.0,255.0,658.0,220.0,4,228600.0
-122.46,37.72,47.0,1723.0,389.0,1216.0,399.0,3,238600.0
-122.46,37.72,45.0,2399.0,419.0,1225.0,399.0,4,244100.0
-122.46,37.72,39.0,2254.0,415.0,1388.0,404.0,3,232000.0
-122.46,37.71,52.0,1580.0,337.0,1425.0,330.0,4,246200.0
-122.46,37.71,49.0,1711.0,348.0,1138.0,325.0,3,225000.0
-122.46,37.71,47.0,1527.0,283.0,1102.0,282.0,4,231600.0
-122.46,37.71,45.0,1799.0,394.0,1436.0,389.0,4,239900.0
-122.46,37.71,44.0,364.0,102.0,339.0,98.0,2,214300.0
-122.46,37.71,39.0,2076.0,482.0,1738.0,445.0,3,232100.0
-122.46,37.7,42.0,876.0,216.0,713.0,203.0,4,235900.0
-122.46,37.7,37.0,3029.0,738.0,2436.0,700.0,3,243200.0
-122.46,37.69,35.0,1983.0,385.0,1577.0,414.0,4,266700.0
-122.46,37.66,15.0,6082.0,1284.0,3861.0,1198.0,5,284700.0
-122.46,37.65,16.0,8676.0,1633.0,5130.0,1574.0,5,262000.0
-122.46,37.64,26.0,2806.0,375.0,1617.0,396.0,5,353700.0
-122.46,37.64,17.0,3523.0,669.0,2150.0,666.0,5,251200.0
-122.46,37.63,22.0,6728.0,1382.0,3783.0,1310.0,5,280400.0
-122.46,37.59,21.0,12902.0,2118.0,6160.0,2082.0,6,325800.0
-122.46,37.51,23.0,949.0,151.0,399.0,149.0,6,411300.0
-122.47,38.6,20.0,1036.0,202.0,589.0,194.0,5,303300.0
-122.47,38.51,18.0,2487.0,516.0,980.0,503.0,4,187500.0
-122.47,38.34,15.0,2411.0,446.0,1144.0,407.0,4,261000.0
-122.47,38.3,15.0,4885.0,988.0,2175.0,924.0,3,209500.0
-122.47,37.95,16.0,3769.0,839.0,1986.0,815.0,4,187500.0
-122.47,37.89,23.0,10774.0,1736.0,3895.0,1683.0,7,500001.0
-122.47,37.81,45.0,6927.0,1258.0,4715.0,1165.0,3,500001.0
-122.47,37.79,52.0,437.0,105.0,194.0,87.0,3,500001.0
-122.47,37.79,52.0,2383.0,477.0,990.0,464.0,4,483300.0
-122.47,37.78,52.0,3021.0,569.0,1479.0,514.0,4,414600.0
-122.47,37.78,52.0,2635.0,587.0,1302.0,577.0,4,416700.0
-122.47,37.78,52.0,2388.0,507.0,1078.0,494.0,4,443300.0
-122.47,37.78,52.0,2275.0,412.0,1166.0,424.0,4,421300.0
-122.47,37.78,52.0,2169.0,522.0,1220.0,505.0,3,446900.0
-122.47,37.78,51.0,1485.0,386.0,880.0,385.0,3,307100.0
-122.47,37.77,52.0,3143.0,635.0,1350.0,623.0,4,366700.0
-122.47,37.76,52.0,4001.0,809.0,1886.0,756.0,3,350000.0
-122.47,37.76,52.0,2941.0,783.0,1545.0,726.0,3,406500.0
-122.47,37.76,52.0,2680.0,740.0,1587.0,713.0,3,359600.0
-122.47,37.76,52.0,2465.0,489.0,1170.0,498.0,4,306700.0
-122.47,37.76,49.0,2842.0,670.0,1396.0,648.0,3,345700.0
-122.47,37.76,48.0,2464.0,459.0,1179.0,458.0,4,358600.0
-122.47,37.76,40.0,3525.0,941.0,1675.0,857.0,3,330000.0
-122.47,37.75,51.0,2713.0,396.0,1090.0,401.0,9,500001.0
-122.47,37.75,51.0,2413.0,431.0,1095.0,437.0,4,357000.0
-122.47,37.75,49.0,2747.0,472.0,1281.0,448.0,5,366300.0
-122.47,37.75,46.0,3238.0,544.0,1293.0,470.0,6,381700.0
-122.47,37.75,45.0,2399.0,426.0,911.0,423.0,4,361000.0
-122.47,37.74,52.0,3688.0,640.0,1605.0,567.0,5,365600.0
-122.47,37.74,52.0,2055.0,265.0,735.0,252.0,8,500001.0
-122.47,37.74,52.0,1538.0,305.0,819.0,319.0,4,333600.0
-122.47,37.73,52.0,2151.0,280.0,762.0,274.0,11,500001.0
-122.47,37.73,52.0,2134.0,277.0,936.0,285.0,6,484600.0
-122.47,37.73,50.0,1653.0,252.0,641.0,224.0,11,500001.0
-122.47,37.72,49.0,1690.0,307.0,770.0,294.0,5,259700.0
-122.47,37.72,46.0,1836.0,319.0,767.0,302.0,6,399000.0
-122.47,37.72,46.0,1453.0,306.0,817.0,310.0,3,246700.0
-122.47,37.71,44.0,2547.0,511.0,1577.0,516.0,4,237900.0
-122.47,37.71,37.0,1046.0,251.0,822.0,239.0,4,224400.0
-122.47,37.7,47.0,737.0,126.0,370.0,136.0,4,281300.0
-122.47,37.7,45.0,3290.0,693.0,2466.0,666.0,4,238600.0
-122.47,37.69,35.0,1720.0,421.0,1452.0,425.0,4,256100.0
-122.47,37.69,34.0,1954.0,357.0,1130.0,367.0,5,304500.0
-122.47,37.69,27.0,2447.0,720.0,2104.0,657.0,3,239100.0
-122.47,37.68,31.0,4077.0,777.0,2544.0,738.0,5,306700.0
-122.47,37.67,20.0,5689.0,992.0,3752.0,1002.0,6,304300.0
-122.47,37.66,18.0,4172.0,806.0,3226.0,790.0,6,297900.0
-122.47,37.65,27.0,8103.0,1655.0,5023.0,1605.0,5,236200.0
-122.47,37.5,25.0,950.0,259.0,404.0,195.0,3,319200.0
-122.47,37.5,18.0,2297.0,416.0,1086.0,381.0,5,334600.0
-122.48,38.9,10.0,304.0,63.0,161.0,61.0,2,112500.0
-122.48,38.54,37.0,1898.0,359.0,973.0,340.0,4,256600.0
-122.48,38.51,49.0,1977.0,393.0,741.0,339.0,3,247600.0
-122.48,38.5,37.0,3049.0,508.0,1287.0,439.0,4,276500.0
-122.48,38.48,29.0,2278.0,397.0,765.0,322.0,5,348200.0
-122.48,38.32,42.0,2106.0,533.0,1141.0,445.0,3,149300.0
-122.48,38.32,31.0,1701.0,363.0,680.0,324.0,3,192100.0
-122.48,38.31,19.0,2398.0,521.0,1266.0,471.0,3,186800.0
-122.48,38.3,17.0,2703.0,550.0,1241.0,515.0,3,171300.0
-122.48,37.93,16.0,2947.0,802.0,1385.0,743.0,4,318000.0
-122.48,37.86,52.0,3914.0,752.0,1177.0,670.0,6,500001.0
-122.48,37.85,42.0,6297.0,1307.0,2096.0,1205.0,6,500001.0
-122.48,37.79,52.0,4683.0,1055.0,2246.0,975.0,4,457800.0
-122.48,37.79,52.0,1647.0,236.0,546.0,227.0,9,500001.0
-122.48,37.78,52.0,3047.0,641.0,1427.0,620.0,3,337200.0
-122.48,37.78,52.0,2910.0,611.0,1508.0,515.0,4,311400.0
-122.48,37.78,52.0,2666.0,515.0,1362.0,494.0,4,393800.0
-122.48,37.78,50.0,2159.0,437.0,1111.0,417.0,4,346400.0
-122.48,37.78,48.0,2835.0,728.0,1674.0,684.0,3,375000.0
-122.48,37.78,44.0,3371.0,794.0,1738.0,753.0,3,335300.0
-122.48,37.77,52.0,2556.0,595.0,1202.0,568.0,4,348500.0
-122.48,37.76,52.0,3260.0,653.0,1594.0,632.0,4,336100.0
-122.48,37.76,52.0,2684.0,574.0,1395.0,549.0,4,323800.0
-122.48,37.76,52.0,1845.0,336.0,1015.0,337.0,4,331300.0
-122.48,37.76,50.0,2236.0,484.0,1171.0,467.0,4,322100.0
-122.48,37.76,48.0,2660.0,616.0,1491.0,602.0,4,348600.0
-122.48,37.76,48.0,2304.0,558.0,1273.0,512.0,3,332100.0
-122.48,37.75,52.0,2515.0,494.0,1583.0,477.0,4,317600.0
-122.48,37.75,51.0,2095.0,410.0,1126.0,429.0,4,318400.0
-122.48,37.75,49.0,2203.0,407.0,1052.0,405.0,4,329200.0
-122.48,37.75,48.0,2555.0,548.0,1285.0,482.0,4,314700.0
-122.48,37.74,52.0,2841.0,517.0,1372.0,517.0,4,335000.0
-122.48,37.74,52.0,2453.0,508.0,1056.0,453.0,4,311800.0
-122.48,37.74,52.0,2166.0,423.0,1072.0,370.0,4,314300.0
-122.48,37.73,52.0,1597.0,240.0,566.0,231.0,5,500001.0
-122.48,37.73,47.0,2382.0,392.0,867.0,376.0,5,371500.0
-122.48,37.73,38.0,3195.0,828.0,2410.0,778.0,3,350000.0
-122.48,37.72,46.0,2403.0,638.0,1281.0,603.0,3,112500.0
-122.48,37.71,43.0,3850.0,1018.0,1497.0,829.0,4,400000.0
-122.48,37.71,39.0,3615.0,632.0,1571.0,615.0,5,314200.0
-122.48,37.7,33.0,4492.0,1583.0,3477.0,1537.0,3,297900.0
-122.48,37.7,33.0,4167.0,1398.0,2923.0,1314.0,3,307000.0
-122.48,37.69,43.0,2661.0,455.0,1384.0,456.0,4,257500.0
-122.48,37.69,42.0,2993.0,512.0,1594.0,546.0,4,252400.0
-122.48,37.69,33.0,2347.0,512.0,1259.0,481.0,3,264300.0
-122.48,37.67,31.0,2609.0,433.0,1746.0,464.0,5,294500.0
-122.48,37.67,15.0,2897.0,728.0,2340.0,720.0,3,303700.0
-122.48,37.64,7.0,120.0,21.0,50.0,27.0,12,281000.0
-122.48,37.59,29.0,5889.0,959.0,2784.0,923.0,5,273000.0
-122.48,37.57,34.0,4648.0,806.0,2282.0,814.0,5,249000.0
-122.49,41.43,19.0,3689.0,644.0,1544.0,566.0,3,76100.0
-122.49,38.32,17.0,3308.0,720.0,1587.0,632.0,3,176000.0
-122.49,38.31,27.0,3078.0,597.0,1411.0,586.0,3,195500.0
-122.49,38.3,14.0,2844.0,602.0,1613.0,544.0,3,193600.0
-122.49,38.29,26.0,1726.0,289.0,672.0,251.0,4,242100.0
-122.49,38.27,8.0,5092.0,988.0,1657.0,936.0,4,213200.0
-122.49,38.1,43.0,1226.0,244.0,491.0,205.0,5,307000.0
-122.49,37.99,27.0,5470.0,755.0,1916.0,764.0,7,420800.0
-122.49,37.98,34.0,1256.0,178.0,460.0,174.0,6,451700.0
-122.49,37.92,26.0,2170.0,347.0,849.0,318.0,6,386200.0
-122.49,37.89,23.0,1650.0,403.0,541.0,336.0,6,500001.0
-122.49,37.86,52.0,2175.0,510.0,809.0,503.0,5,442000.0
-122.49,37.85,38.0,240.0,29.0,63.0,34.0,12,500001.0
-122.49,37.79,52.0,3146.0,478.0,1143.0,455.0,6,500001.0
-122.49,37.79,52.0,2488.0,281.0,805.0,295.0,11,500001.0
-122.49,37.78,52.0,3440.0,722.0,1663.0,665.0,3,356300.0
-122.49,37.78,52.0,2050.0,439.0,1109.0,437.0,3,318500.0
-122.49,37.78,49.0,2176.0,441.0,1040.0,448.0,4,500001.0
-122.49,37.78,47.0,2695.0,643.0,1505.0,644.0,3,329100.0
-122.49,37.78,46.0,3304.0,792.0,1783.0,777.0,4,352200.0
-122.49,37.78,42.0,2723.0,579.0,1419.0,519.0,4,328400.0
-122.49,37.78,32.0,3028.0,815.0,1704.0,718.0,3,322900.0
-122.49,37.77,52.0,2342.0,458.0,1170.0,458.0,4,369200.0
-122.49,37.76,52.0,2564.0,502.0,1092.0,459.0,4,329600.0
-122.49,37.76,52.0,2245.0,425.0,1091.0,409.0,4,331200.0
-122.49,37.76,52.0,1792.0,305.0,782.0,287.0,4,332700.0
-122.49,37.76,52.0,1382.0,230.0,708.0,279.0,6,339800.0
-122.49,37.76,49.0,1724.0,295.0,795.0,297.0,4,353600.0
-122.49,37.76,49.0,1637.0,304.0,729.0,281.0,4,323100.0
-122.49,37.75,52.0,2226.0,385.0,1177.0,416.0,5,323800.0
-122.49,37.75,48.0,2181.0,419.0,1041.0,379.0,4,320200.0
-122.49,37.75,47.0,2140.0,425.0,1105.0,401.0,4,308500.0
-122.49,37.75,45.0,2341.0,461.0,1092.0,438.0,5,297800.0
-122.49,37.75,43.0,2044.0,393.0,979.0,378.0,4,319100.0
-122.49,37.74,52.0,2442.0,449.0,1188.0,436.0,4,317700.0
-122.49,37.74,52.0,2302.0,457.0,1154.0,424.0,5,315200.0
-122.49,37.74,52.0,2189.0,433.0,1147.0,420.0,3,321300.0
-122.49,37.74,48.0,1186.0,213.0,487.0,207.0,4,340800.0
-122.49,37.74,44.0,1472.0,275.0,820.0,310.0,6,300000.0
-122.49,37.73,48.0,1190.0,182.0,497.0,199.0,6,438500.0
-122.49,37.73,39.0,1937.0,336.0,742.0,307.0,5,369400.0
-122.49,37.73,37.0,1399.0,224.0,530.0,235.0,4,433300.0
-122.49,37.7,36.0,1946.0,340.0,828.0,313.0,5,287700.0
-122.49,37.69,35.0,2644.0,456.0,1465.0,430.0,5,277000.0
-122.49,37.67,35.0,5275.0,903.0,2892.0,842.0,5,266400.0
-122.49,37.67,29.0,3795.0,675.0,2494.0,696.0,5,260300.0
-122.49,37.63,34.0,696.0,145.0,398.0,162.0,4,254100.0
-122.49,37.63,31.0,1256.0,328.0,785.0,297.0,3,234600.0
-122.49,37.6,33.0,3507.0,669.0,1697.0,660.0,4,270600.0
-122.49,37.59,35.0,2683.0,475.0,1498.0,484.0,5,262500.0
-122.49,37.54,15.0,3456.0,545.0,1527.0,535.0,6,368000.0
-122.49,37.5,21.0,1209.0,309.0,801.0,259.0,5,500000.0
-122.5,38.82,12.0,2394.0,443.0,877.0,341.0,3,109200.0
-122.5,38.4,36.0,1860.0,364.0,777.0,339.0,4,295700.0
-122.5,38.35,25.0,1566.0,352.0,784.0,362.0,3,165100.0
-122.5,37.97,25.0,6526.0,1902.0,5917.0,1812.0,3,187500.0
-122.5,37.92,32.0,2639.0,415.0,1013.0,408.0,6,349200.0
-122.5,37.92,30.0,2270.0,359.0,974.0,351.0,6,300900.0
-122.5,37.91,31.0,7001.0,1282.0,2755.0,1267.0,5,441100.0
-122.5,37.88,28.0,5448.0,1089.0,2100.0,1023.0,5,474600.0
-122.5,37.87,17.0,4333.0,947.0,1650.0,919.0,6,346100.0
-122.5,37.79,52.0,8.0,1.0,13.0,1.0,15,500001.0
-122.5,37.78,50.0,1922.0,427.0,1049.0,443.0,4,348500.0
-122.5,37.77,52.0,2739.0,569.0,1312.0,531.0,4,322900.0
-122.5,37.77,52.0,1769.0,414.0,1032.0,380.0,4,324700.0
-122.5,37.76,52.0,2018.0,422.0,1142.0,463.0,4,307700.0
-122.5,37.76,50.0,1993.0,410.0,1009.0,374.0,4,295600.0
-122.5,37.76,48.0,1408.0,295.0,891.0,269.0,4,296300.0
-122.5,37.76,46.0,1491.0,285.0,841.0,306.0,5,278800.0
-122.5,37.76,45.0,1673.0,377.0,1078.0,393.0,3,272300.0
-122.5,37.76,43.0,2108.0,456.0,1299.0,447.0,3,316200.0
-122.5,37.75,45.0,1672.0,344.0,838.0,314.0,4,291500.0
-122.5,37.75,45.0,1620.0,344.0,941.0,328.0,4,270200.0
-122.5,37.75,44.0,1819.0,365.0,1137.0,354.0,3,271800.0
-122.5,37.75,44.0,1739.0,343.0,872.0,330.0,3,286300.0
-122.5,37.74,45.0,1771.0,349.0,1098.0,342.0,4,296600.0
-122.5,37.74,44.0,2527.0,518.0,1434.0,444.0,4,275700.0
-122.5,37.74,44.0,2374.0,496.0,1087.0,426.0,4,275700.0
-122.5,37.74,44.0,2082.0,470.0,1154.0,403.0,4,268100.0
-122.5,37.74,42.0,1667.0,395.0,1041.0,387.0,4,273700.0
-122.5,37.74,40.0,2310.0,445.0,1266.0,490.0,4,297800.0
-122.5,37.59,36.0,1521.0,253.0,736.0,241.0,4,237500.0
-122.5,37.51,11.0,749.0,137.0,355.0,124.0,8,371800.0
-122.51,39.3,19.0,1629.0,386.0,551.0,214.0,2,68800.0
-122.51,38.17,8.0,5875.0,1115.0,2808.0,1029.0,4,246300.0
-122.51,38.06,24.0,9493.0,1935.0,5162.0,1880.0,3,118800.0
-122.51,38.0,17.0,2449.0,536.0,1157.0,543.0,4,274200.0
-122.51,37.99,32.0,4138.0,632.0,1541.0,626.0,6,433300.0
-122.51,37.98,37.0,4801.0,699.0,1830.0,679.0,6,487800.0
-122.51,37.97,37.0,4296.0,1089.0,2100.0,1025.0,3,329400.0
-122.51,37.96,39.0,3302.0,684.0,1574.0,653.0,4,263800.0
-122.51,37.91,2.0,647.0,136.0,203.0,118.0,7,310000.0
-122.51,37.89,27.0,2674.0,565.0,1233.0,547.0,3,458300.0
-122.51,37.87,21.0,3904.0,980.0,1949.0,919.0,3,258400.0
-122.51,37.76,43.0,2527.0,619.0,1332.0,558.0,3,274200.0
-122.51,37.76,40.0,2320.0,562.0,1499.0,521.0,3,260800.0
-122.51,37.58,20.0,64.0,21.0,59.0,21.0,2,450000.0
-122.51,37.53,17.0,1574.0,262.0,672.0,241.0,7,355800.0
-122.52,38.99,16.0,975.0,219.0,337.0,155.0,2,77800.0
-122.52,38.7,26.0,102.0,17.0,43.0,13.0,1,87500.0
-122.52,38.67,35.0,1705.0,321.0,708.0,253.0,3,300000.0
-122.52,38.53,35.0,1227.0,236.0,548.0,207.0,5,336700.0
-122.52,38.27,18.0,2405.0,390.0,872.0,367.0,5,248300.0
-122.52,37.98,31.0,6555.0,1571.0,2962.0,1464.0,3,324200.0
-122.52,37.96,35.0,2012.0,346.0,818.0,352.0,5,331000.0
-122.52,37.95,37.0,350.0,57.0,179.0,69.0,6,500001.0
-122.52,37.95,33.0,4448.0,631.0,1675.0,628.0,8,468800.0
-122.52,37.94,18.0,1804.0,284.0,600.0,241.0,6,500001.0
-122.52,37.92,47.0,793.0,163.0,334.0,151.0,6,317800.0
-122.52,37.92,24.0,421.0,64.0,163.0,75.0,15,500001.0
-122.52,37.91,30.0,4174.0,739.0,1818.0,705.0,6,402900.0
-122.52,37.9,16.0,1704.0,402.0,689.0,348.0,4,267100.0
-122.52,37.89,17.0,4363.0,1041.0,1640.0,989.0,4,417600.0
-122.53,41.81,21.0,2400.0,485.0,1109.0,443.0,2,55400.0
-122.53,39.5,25.0,1231.0,240.0,658.0,211.0,2,71900.0
-122.53,38.32,22.0,3577.0,553.0,1371.0,501.0,6,332300.0
-122.53,38.01,27.0,3121.0,531.0,1318.0,489.0,5,310900.0
-122.53,38.01,16.0,1495.0,292.0,472.0,284.0,3,67500.0
-122.53,37.98,32.0,2390.0,336.0,810.0,354.0,9,500001.0
-122.53,37.97,37.0,1340.0,322.0,621.0,314.0,4,268800.0
-122.53,37.96,36.0,4385.0,620.0,1549.0,626.0,8,470500.0
-122.53,37.96,35.0,908.0,194.0,413.0,197.0,4,290800.0
-122.53,37.93,42.0,2171.0,362.0,887.0,347.0,7,393200.0
-122.53,37.93,37.0,1722.0,352.0,648.0,337.0,4,310300.0
-122.53,37.92,45.0,1530.0,324.0,608.0,328.0,4,390800.0
-122.53,37.92,42.0,1741.0,301.0,723.0,306.0,6,410500.0
-122.53,37.91,37.0,2524.0,398.0,999.0,417.0,8,500001.0
-122.53,37.9,44.0,2846.0,551.0,1232.0,537.0,4,327200.0
-122.53,37.89,35.0,4127.0,689.0,1596.0,707.0,6,400400.0
-122.53,37.88,25.0,4921.0,866.0,1913.0,834.0,7,413100.0
-122.53,37.87,20.0,1814.0,282.0,658.0,253.0,8,400000.0
-122.53,37.66,25.0,7778.0,1493.0,4674.0,1451.0,5,272400.0
-122.53,37.5,19.0,4768.0,807.0,2199.0,805.0,6,331100.0
-122.54,38.36,40.0,2725.0,531.0,1167.0,458.0,4,202800.0
-122.54,38.0,28.0,3416.0,826.0,1694.0,800.0,3,277000.0
-122.54,37.99,32.0,2236.0,348.0,818.0,330.0,7,444000.0
-122.54,37.98,52.0,1758.0,316.0,607.0,264.0,6,371900.0
-122.54,37.97,39.0,4193.0,762.0,1833.0,737.0,6,352100.0
-122.54,37.96,44.0,1552.0,204.0,596.0,208.0,10,500001.0
-122.54,37.96,33.0,2534.0,495.0,996.0,449.0,4,500001.0
-122.54,37.95,38.0,2310.0,400.0,971.0,386.0,6,435700.0
-122.54,37.94,39.0,3670.0,775.0,1519.0,788.0,4,435200.0
-122.54,37.94,26.0,3990.0,804.0,1550.0,792.0,5,405500.0
-122.54,37.91,48.0,2924.0,489.0,1159.0,505.0,6,489000.0
-122.54,37.89,33.0,4971.0,836.0,1907.0,795.0,6,424400.0
-122.54,37.88,30.0,4382.0,732.0,1775.0,745.0,7,414400.0
-122.54,37.72,17.0,2975.0,968.0,1453.0,828.0,4,318900.0
-122.54,37.7,36.0,3988.0,732.0,1793.0,708.0,4,292500.0
-122.54,37.62,35.0,1481.0,277.0,747.0,254.0,4,262100.0
-122.55,38.81,7.0,3639.0,637.0,1027.0,421.0,4,132100.0
-122.55,38.42,24.0,2220.0,411.0,894.0,365.0,4,211700.0
-122.55,38.1,26.0,5188.0,892.0,2341.0,906.0,5,255600.0
-122.55,38.07,5.0,1495.0,235.0,555.0,201.0,7,345000.0
-122.55,38.07,38.0,3392.0,709.0,1894.0,713.0,3,350800.0
-122.55,38.03,29.0,7174.0,1169.0,3063.0,1172.0,6,293200.0
-122.55,38.02,27.0,4985.0,711.0,1928.0,742.0,6,361500.0
-122.55,38.01,27.0,3966.0,577.0,1657.0,611.0,6,342200.0
-122.55,37.99,34.0,3306.0,555.0,1398.0,585.0,5,319900.0
-122.55,37.97,52.0,2232.0,291.0,731.0,253.0,7,500001.0
-122.55,37.92,52.0,2303.0,350.0,859.0,359.0,6,500001.0
-122.55,37.91,48.0,1283.0,278.0,567.0,255.0,3,460000.0
-122.55,37.9,34.0,1431.0,224.0,503.0,220.0,8,453400.0
-122.55,37.79,32.0,2131.0,625.0,1229.0,572.0,3,322200.0
-122.55,37.59,31.0,1331.0,245.0,598.0,225.0,4,345500.0
-122.56,41.69,21.0,2010.0,360.0,947.0,306.0,2,70100.0
-122.56,40.75,20.0,1182.0,250.0,512.0,210.0,2,74500.0
-122.56,38.09,17.0,9614.0,2123.0,4684.0,2060.0,4,209800.0
-122.56,38.03,34.0,1887.0,290.0,815.0,283.0,7,324800.0
-122.56,37.98,36.0,2649.0,542.0,1111.0,557.0,5,345700.0
-122.56,37.97,52.0,1833.0,324.0,735.0,306.0,5,398900.0
-122.56,37.95,34.0,2677.0,411.0,933.0,410.0,6,500001.0
-122.56,37.94,36.0,2023.0,242.0,653.0,241.0,11,500001.0
-122.56,37.92,37.0,1926.0,290.0,721.0,298.0,9,500001.0
-122.56,37.91,52.0,1972.0,327.0,755.0,345.0,7,500001.0
-122.56,37.9,48.0,1550.0,253.0,641.0,276.0,9,463500.0
-122.56,37.9,24.0,221.0,41.0,75.0,38.0,5,362500.0
-122.57,40.61,27.0,1540.0,315.0,883.0,321.0,3,93400.0
-122.57,39.9,15.0,3873.0,810.0,1697.0,627.0,2,55600.0
-122.57,38.58,18.0,2083.0,506.0,926.0,487.0,2,225000.0
-122.57,38.27,7.0,6508.0,1028.0,2902.0,1010.0,5,250500.0
-122.57,38.03,24.0,2330.0,322.0,911.0,320.0,7,387700.0
-122.57,38.02,33.0,9531.0,1487.0,3798.0,1409.0,6,314000.0
-122.57,37.99,45.0,2404.0,425.0,926.0,400.0,5,320100.0
-122.57,37.99,38.0,5587.0,996.0,2466.0,1027.0,4,336900.0
-122.57,37.98,49.0,2860.0,552.0,1178.0,522.0,5,355000.0
-122.57,37.97,47.0,5416.0,1115.0,2177.0,1027.0,4,382100.0
-122.57,37.96,52.0,3458.0,468.0,1449.0,471.0,9,500001.0
-122.58,38.59,33.0,1239.0,262.0,539.0,246.0,4,195800.0
-122.58,38.58,32.0,2723.0,637.0,1549.0,556.0,2,183100.0
-122.58,38.43,10.0,3597.0,661.0,1132.0,639.0,4,269200.0
-122.58,38.38,27.0,3800.0,728.0,1587.0,605.0,5,306600.0
-122.58,38.15,9.0,1302.0,177.0,682.0,190.0,8,423200.0
-122.58,38.12,13.0,5027.0,871.0,1912.0,770.0,5,309500.0
-122.58,38.1,22.0,11872.0,2300.0,5600.0,2200.0,5,276300.0
-122.58,38.08,27.0,10839.0,1637.0,4406.0,1623.0,6,285600.0
-122.59,38.78,15.0,764.0,145.0,366.0,143.0,3,103100.0
-122.59,38.58,18.0,3753.0,752.0,1454.0,668.0,4,185700.0
-122.59,38.56,43.0,2088.0,379.0,721.0,293.0,5,245000.0
-122.59,38.44,14.0,1665.0,390.0,505.0,348.0,3,201200.0
-122.59,38.43,20.0,2791.0,546.0,785.0,512.0,3,216700.0
-122.59,38.13,20.0,1589.0,231.0,601.0,224.0,5,290900.0
-122.59,37.97,46.0,4036.0,856.0,1872.0,833.0,5,275200.0
-122.6,38.93,16.0,1657.0,390.0,572.0,301.0,1,62000.0
-122.6,38.9,23.0,292.0,56.0,92.0,41.0,3,91700.0
-122.6,38.48,17.0,1528.0,264.0,606.0,251.0,7,341500.0
-122.6,38.24,16.0,1410.0,209.0,741.0,229.0,5,204500.0
-122.6,38.11,23.0,8642.0,1294.0,3594.0,1253.0,5,301500.0
-122.6,38.11,19.0,1752.0,328.0,873.0,336.0,4,201600.0
-122.6,38.0,21.0,2198.0,462.0,1100.0,449.0,4,246600.0
-122.61,41.74,15.0,4206.0,922.0,1863.0,869.0,2,55700.0
-122.61,38.93,14.0,231.0,36.0,108.0,31.0,4,71300.0
-122.61,38.42,13.0,7731.0,1360.0,2543.0,1249.0,5,259800.0
-122.61,38.26,17.0,2864.0,487.0,1482.0,547.0,5,215200.0
-122.61,38.25,18.0,2915.0,418.0,1340.0,421.0,5,204900.0
-122.61,38.24,25.0,2990.0,450.0,1335.0,434.0,5,190100.0
-122.61,38.24,18.0,2933.0,481.0,1279.0,443.0,5,188500.0
-122.61,38.24,17.0,1728.0,271.0,897.0,284.0,3,185900.0
-122.61,38.23,18.0,2042.0,420.0,914.0,400.0,3,193800.0
-122.61,38.09,18.0,6205.0,821.0,2311.0,756.0,7,368700.0
-122.61,37.99,40.0,7737.0,1488.0,3108.0,1349.0,4,289600.0
-122.62,38.96,16.0,1914.0,446.0,828.0,332.0,2,69000.0
-122.62,38.95,19.0,2230.0,538.0,832.0,359.0,2,58800.0
-122.62,38.94,14.0,1731.0,400.0,638.0,282.0,2,57500.0
-122.62,38.94,13.0,524.0,129.0,215.0,90.0,2,55000.0
-122.62,38.73,21.0,1425.0,323.0,727.0,287.0,2,85300.0
-122.62,38.54,24.0,2409.0,464.0,1006.0,403.0,5,265200.0
-122.62,38.4,10.0,9772.0,1308.0,3741.0,1242.0,7,324700.0
-122.62,38.25,33.0,1453.0,250.0,677.0,237.0,4,170200.0
-122.62,38.25,24.0,2388.0,358.0,1187.0,362.0,5,196500.0
-122.62,38.25,20.0,1888.0,411.0,826.0,396.0,3,189100.0
-122.62,38.24,33.0,1369.0,280.0,758.0,246.0,4,156500.0
-122.62,38.24,19.0,1687.0,253.0,893.0,257.0,6,201800.0
-122.62,38.15,14.0,2259.0,341.0,1127.0,346.0,6,334900.0
-122.62,37.97,52.0,370.0,62.0,150.0,56.0,8,316700.0
-122.62,37.85,30.0,833.0,164.0,358.0,143.0,7,493800.0
-122.63,38.96,20.0,2507.0,577.0,1072.0,457.0,2,60200.0
-122.63,38.96,17.0,1708.0,459.0,633.0,312.0,2,64000.0
-122.63,38.95,11.0,686.0,127.0,246.0,86.0,2,77300.0
-122.63,38.94,25.0,661.0,144.0,192.0,93.0,2,49000.0
-122.63,38.94,18.0,3844.0,969.0,1832.0,845.0,1,81800.0
-122.63,38.5,19.0,2107.0,332.0,874.0,341.0,6,265600.0
-122.63,38.34,15.0,2153.0,345.0,979.0,335.0,5,325400.0
-122.63,38.26,7.0,7808.0,1390.0,3551.0,1392.0,5,202300.0
-122.63,38.25,20.0,3460.0,602.0,1707.0,568.0,4,181900.0
-122.63,38.24,45.0,1615.0,338.0,823.0,327.0,3,145500.0
-122.63,38.23,45.0,2264.0,504.0,1076.0,472.0,3,194100.0
-122.63,38.22,34.0,878.0,160.0,372.0,167.0,4,232100.0
-122.63,38.22,17.0,2652.0,342.0,1199.0,350.0,6,267100.0
-122.63,38.21,22.0,2933.0,461.0,1283.0,449.0,6,291100.0
-122.64,41.95,18.0,1867.0,424.0,802.0,314.0,2,53500.0
-122.64,41.74,33.0,2644.0,459.0,1113.0,483.0,3,81300.0
-122.64,41.73,50.0,1525.0,308.0,661.0,285.0,2,63200.0
-122.64,38.96,29.0,883.0,187.0,326.0,136.0,2,58200.0
-122.64,38.95,28.0,1503.0,370.0,522.0,268.0,1,68900.0
-122.64,38.87,16.0,1177.0,240.0,519.0,199.0,2,73500.0
-122.64,38.71,20.0,531.0,126.0,231.0,96.0,3,89600.0
-122.64,38.48,19.0,3244.0,449.0,1174.0,454.0,6,255700.0
-122.64,38.25,31.0,2554.0,515.0,1507.0,533.0,4,162600.0
-122.64,38.24,52.0,1621.0,393.0,635.0,349.0,3,244000.0
-122.64,38.24,40.0,1974.0,410.0,1039.0,398.0,4,151600.0
-122.64,38.23,52.0,2156.0,469.0,1070.0,467.0,3,252300.0
-122.64,38.23,52.0,1075.0,249.0,519.0,210.0,3,230900.0
-122.64,38.23,49.0,2300.0,463.0,1061.0,429.0,4,228800.0
-122.64,38.01,36.0,1336.0,258.0,678.0,249.0,6,292000.0
-122.64,37.96,29.0,377.0,58.0,151.0,67.0,10,500001.0
-122.65,41.72,15.0,3643.0,801.0,1784.0,743.0,2,57500.0
-122.65,38.99,16.0,4279.0,951.0,1596.0,666.0,2,75900.0
-122.65,38.97,32.0,1856.0,472.0,703.0,292.0,1,60000.0
-122.65,38.92,30.0,70.0,38.0,20.0,13.0,4,112500.0
-122.65,38.47,24.0,2268.0,330.0,847.0,296.0,4,214400.0
-122.65,38.46,14.0,2096.0,420.0,926.0,397.0,4,187800.0
-122.65,38.4,21.0,1059.0,150.0,400.0,154.0,7,343100.0
-122.65,38.37,15.0,1848.0,280.0,786.0,282.0,6,344100.0
-122.65,38.27,9.0,4764.0,816.0,2077.0,755.0,5,234500.0
-122.65,38.25,23.0,4030.0,813.0,1852.0,778.0,3,193300.0
-122.65,38.24,49.0,3273.0,579.0,1431.0,539.0,4,227600.0
-122.65,38.24,24.0,1948.0,310.0,922.0,313.0,5,243600.0
-122.65,38.23,52.0,1923.0,393.0,910.0,345.0,3,200600.0
-122.65,38.11,21.0,3891.0,616.0,1968.0,632.0,6,279200.0
-122.66,40.52,13.0,3013.0,486.0,1361.0,515.0,5,171200.0
-122.66,39.03,27.0,1446.0,329.0,594.0,255.0,1,53300.0
-122.66,39.02,16.0,3715.0,810.0,943.0,510.0,2,109400.0
-122.66,38.48,21.0,2066.0,393.0,919.0,395.0,3,176200.0
-122.66,38.48,16.0,2724.0,593.0,1124.0,586.0,3,186200.0
-122.66,38.48,16.0,2697.0,490.0,1462.0,515.0,4,190300.0
-122.66,38.47,23.0,2246.0,437.0,1035.0,386.0,4,172600.0
-122.66,38.46,14.0,2364.0,631.0,1300.0,625.0,3,221100.0
-122.66,38.45,26.0,2081.0,339.0,906.0,323.0,4,293500.0
-122.66,38.44,17.0,5815.0,898.0,2614.0,887.0,4,215900.0
-122.66,38.42,14.0,5315.0,1037.0,2228.0,950.0,4,208400.0
-122.66,38.27,16.0,1523.0,308.0,477.0,315.0,2,75000.0
-122.66,37.93,42.0,1505.0,324.0,553.0,277.0,4,350000.0
-122.67,38.47,19.0,1848.0,428.0,1130.0,433.0,3,190300.0
-122.67,38.47,16.0,3452.0,791.0,1567.0,731.0,2,194300.0
-122.67,38.45,24.0,2622.0,525.0,1027.0,510.0,3,242600.0
-122.67,38.44,29.0,2551.0,448.0,1165.0,456.0,4,196400.0
-122.67,38.43,17.0,2007.0,400.0,895.0,403.0,3,202700.0
-122.67,38.43,17.0,1804.0,304.0,750.0,298.0,5,196400.0
-122.67,38.33,4.0,8072.0,1606.0,4323.0,1475.0,4,220300.0
-122.67,38.31,28.0,1915.0,419.0,930.0,342.0,4,292700.0
-122.67,38.25,32.0,1333.0,235.0,660.0,206.0,4,288500.0
-122.68,41.15,32.0,817.0,206.0,224.0,89.0,4,90400.0
-122.68,38.98,27.0,2300.0,508.0,526.0,254.0,2,109700.0
-122.68,38.76,29.0,994.0,226.0,302.0,117.0,2,67900.0
-122.68,38.48,15.0,1575.0,262.0,716.0,259.0,5,244600.0
-122.68,38.46,19.0,4976.0,711.0,1926.0,625.0,7,381300.0
-122.68,38.46,17.0,3201.0,527.0,1244.0,495.0,5,202900.0
-122.68,38.46,15.0,1811.0,406.0,718.0,403.0,2,141300.0
-122.68,38.44,29.0,2796.0,588.0,1346.0,562.0,3,169700.0
-122.68,38.43,18.0,2723.0,529.0,1150.0,520.0,4,191900.0
-122.68,38.4,32.0,2826.0,627.0,1767.0,628.0,3,141400.0
-122.68,38.25,29.0,1315.0,240.0,650.0,228.0,4,306000.0
-122.68,38.07,26.0,1445.0,244.0,510.0,207.0,6,430000.0
-122.69,39.04,9.0,254.0,50.0,66.0,29.0,3,112500.0
-122.69,39.02,27.0,2199.0,527.0,744.0,316.0,2,72400.0
-122.69,38.94,9.0,1245.0,234.0,517.0,187.0,3,93400.0
-122.69,38.51,18.0,3364.0,501.0,1442.0,506.0,7,313000.0
-122.69,38.45,36.0,1943.0,337.0,711.0,318.0,4,183000.0
-122.69,38.44,40.0,1449.0,281.0,636.0,295.0,3,161200.0
-122.69,38.44,35.0,1356.0,241.0,620.0,216.0,4,168300.0
-122.69,38.37,8.0,6322.0,1001.0,2969.0,1043.0,5,214000.0
-122.69,38.36,6.0,5496.0,1374.0,2502.0,1189.0,2,177500.0
-122.69,38.35,16.0,1689.0,254.0,921.0,270.0,4,191800.0
-122.69,38.34,16.0,1683.0,341.0,880.0,327.0,3,160200.0
-122.69,38.34,15.0,3091.0,697.0,1602.0,682.0,4,135500.0
-122.69,38.34,12.0,3876.0,782.0,2146.0,764.0,4,165400.0
-122.69,38.32,15.0,2536.0,414.0,1400.0,426.0,6,172400.0
-122.69,38.3,30.0,3919.0,743.0,1693.0,693.0,3,292100.0
-122.69,38.27,32.0,2344.0,434.0,1066.0,384.0,4,285000.0
-122.7,39.0,18.0,793.0,148.0,186.0,59.0,2,162500.0
-122.7,38.99,18.0,1177.0,224.0,181.0,105.0,2,134700.0
-122.7,38.66,43.0,1384.0,284.0,582.0,224.0,4,210000.0
-122.7,38.46,29.0,2891.0,459.0,1012.0,441.0,5,240200.0
-122.7,38.45,47.0,904.0,154.0,310.0,144.0,4,190600.0
-122.7,38.45,39.0,2015.0,335.0,640.0,315.0,4,240500.0
-122.7,38.44,45.0,883.0,202.0,401.0,194.0,3,178300.0
-122.7,38.44,42.0,709.0,182.0,547.0,172.0,2,165000.0
-122.7,38.44,35.0,1304.0,343.0,822.0,304.0,3,157800.0
-122.7,38.43,28.0,1585.0,412.0,1362.0,424.0,2,114100.0
-122.7,38.39,16.0,4922.0,1211.0,2557.0,1088.0,2,168100.0
-122.7,38.36,11.0,5817.0,878.0,2538.0,876.0,4,227100.0
-122.7,38.35,16.0,1328.0,187.0,607.0,197.0,5,257800.0
-122.7,38.35,14.0,2313.0,411.0,954.0,397.0,4,146500.0
-122.7,38.34,19.0,2987.0,676.0,1782.0,688.0,3,154500.0
-122.7,38.33,26.0,1887.0,381.0,1060.0,364.0,3,160400.0
-122.7,38.33,26.0,1584.0,295.0,846.0,295.0,3,156300.0
-122.7,38.31,14.0,3155.0,580.0,1208.0,501.0,4,258100.0
-122.7,38.23,47.0,2090.0,387.0,1053.0,377.0,4,310300.0
-122.7,38.03,42.0,1410.0,308.0,624.0,292.0,4,309100.0
-122.71,38.91,20.0,41.0,18.0,94.0,10.0,1,55000.0
-122.71,38.5,15.0,5645.0,830.0,2324.0,769.0,7,330900.0
-122.71,38.46,42.0,1574.0,376.0,844.0,369.0,2,169400.0
-122.71,38.46,41.0,1974.0,482.0,965.0,458.0,3,159300.0
-122.71,38.46,36.0,2175.0,516.0,1087.0,477.0,3,167200.0
-122.71,38.46,23.0,3220.0,603.0,1299.0,591.0,4,213300.0
-122.71,38.45,52.0,2259.0,537.0,957.0,520.0,2,188800.0
-122.71,38.45,48.0,3118.0,561.0,1275.0,530.0,3,222100.0
-122.71,38.45,39.0,2739.0,573.0,1223.0,569.0,3,185400.0
-122.71,38.44,52.0,988.0,283.0,475.0,242.0,1,258300.0
-122.71,38.44,27.0,966.0,251.0,462.0,230.0,2,350000.0
-122.71,38.43,52.0,1439.0,325.0,738.0,316.0,2,129900.0
-122.71,38.43,38.0,1689.0,526.0,1071.0,529.0,2,124000.0
-122.71,38.42,23.0,1569.0,414.0,1031.0,368.0,2,129200.0
-122.71,38.4,17.0,1690.0,464.0,833.0,445.0,1,140600.0
-122.71,38.37,16.0,2355.0,345.0,1014.0,348.0,6,253000.0
-122.71,38.35,11.0,2242.0,699.0,1203.0,642.0,2,104200.0
-122.71,38.34,23.0,2744.0,588.0,1493.0,557.0,3,162000.0
-122.71,38.34,22.0,1249.0,335.0,699.0,308.0,3,121600.0
-122.71,38.33,13.0,4011.0,936.0,2064.0,914.0,4,157600.0
-122.71,37.9,23.0,1250.0,257.0,437.0,188.0,3,242600.0
-122.72,38.88,29.0,2781.0,617.0,890.0,310.0,2,96600.0
-122.72,38.58,4.0,7042.0,1100.0,2936.0,1043.0,5,240800.0
-122.72,38.48,23.0,2296.0,356.0,902.0,334.0,6,289100.0
-122.72,38.47,29.0,1706.0,415.0,990.0,394.0,2,164800.0
-122.72,38.46,35.0,1445.0,309.0,795.0,308.0,3,157000.0
-122.72,38.44,52.0,188.0,62.0,301.0,72.0,1,129200.0
-122.72,38.44,52.0,1059.0,281.0,627.0,273.0,2,137500.0
-122.72,38.44,48.0,707.0,166.0,458.0,172.0,3,140400.0
-122.72,38.43,31.0,2020.0,476.0,1408.0,437.0,3,131100.0
-122.72,38.42,30.0,2099.0,406.0,1156.0,401.0,3,152300.0
-122.72,38.42,26.0,1168.0,253.0,937.0,248.0,2,146000.0
-122.72,38.35,16.0,3049.0,609.0,1675.0,618.0,2,162500.0
-122.72,38.31,26.0,1644.0,294.0,801.0,291.0,4,248000.0
-122.73,41.76,19.0,2200.0,414.0,950.0,367.0,3,94200.0
-122.73,39.04,23.0,1618.0,395.0,425.0,244.0,2,111500.0
-122.73,38.47,16.0,1834.0,391.0,994.0,390.0,4,156500.0
-122.73,38.46,14.0,2324.0,754.0,1026.0,677.0,2,150000.0
-122.73,38.44,35.0,1120.0,297.0,659.0,274.0,2,145000.0
-122.73,38.44,28.0,1073.0,241.0,652.0,238.0,2,146200.0
-122.73,38.44,20.0,2919.0,508.0,1711.0,500.0,4,140300.0
-122.73,38.43,15.0,3265.0,690.0,1629.0,629.0,4,167600.0
-122.73,38.42,26.0,1446.0,296.0,884.0,295.0,4,150000.0
-122.73,38.37,40.0,1389.0,309.0,841.0,288.0,3,183300.0
-122.73,38.34,44.0,743.0,155.0,434.0,162.0,3,209600.0
-122.73,38.26,35.0,3941.0,645.0,1668.0,620.0,4,317700.0
-122.74,39.71,16.0,255.0,73.0,85.0,38.0,2,14999.0
-122.74,38.83,12.0,4515.0,909.0,1554.0,528.0,3,90800.0
-122.74,38.47,16.0,1426.0,287.0,525.0,260.0,3,161700.0
-122.74,38.45,25.0,2696.0,496.0,1296.0,514.0,4,179200.0
-122.74,38.45,17.0,3064.0,588.0,1704.0,590.0,4,170900.0
-122.74,38.44,23.0,2819.0,612.0,1644.0,546.0,3,147900.0
-122.74,38.44,17.0,2287.0,497.0,1240.0,493.0,4,164300.0
-122.74,38.43,11.0,4670.0,1007.0,2430.0,962.0,3,142300.0
-122.74,38.42,42.0,2050.0,434.0,1073.0,416.0,2,141000.0
-122.75,38.54,6.0,6719.0,1016.0,2699.0,997.0,5,254200.0
-122.75,38.5,16.0,4196.0,638.0,1713.0,615.0,5,252100.0
-122.75,38.46,16.0,2653.0,606.0,1693.0,586.0,3,146900.0
-122.75,38.46,13.0,4323.0,1020.0,2566.0,728.0,3,142800.0
-122.75,38.43,36.0,1599.0,345.0,1086.0,314.0,3,149100.0
-122.75,38.41,17.0,3150.0,588.0,1857.0,610.0,4,165000.0
-122.76,40.4,22.0,2153.0,461.0,903.0,314.0,2,123200.0
-122.76,38.52,6.0,2073.0,388.0,826.0,375.0,3,224100.0
-122.76,38.46,14.0,4794.0,767.0,2252.0,768.0,4,213100.0
-122.76,38.45,8.0,5823.0,1104.0,2864.0,1041.0,4,183600.0
-122.76,38.44,14.0,4376.0,797.0,1809.0,746.0,4,180000.0
-122.76,38.44,11.0,2895.0,524.0,1633.0,534.0,5,170200.0
-122.76,38.35,30.0,2260.0,374.0,958.0,359.0,5,222400.0
-122.77,38.92,26.0,712.0,140.0,293.0,100.0,4,119400.0
-122.77,38.39,35.0,2611.0,475.0,1293.0,463.0,3,197500.0
-122.77,38.33,32.0,2054.0,324.0,843.0,306.0,5,290700.0
-122.77,38.29,32.0,3201.0,542.0,1869.0,519.0,3,268000.0
-122.78,39.05,15.0,1601.0,323.0,661.0,269.0,3,108900.0
-122.78,38.53,9.0,3659.0,652.0,1889.0,632.0,4,250800.0
-122.78,38.52,23.0,2511.0,549.0,1052.0,527.0,2,192000.0
-122.78,38.44,14.0,4143.0,656.0,1569.0,629.0,4,345300.0
-122.78,38.41,43.0,1351.0,277.0,1011.0,297.0,3,144000.0
-122.78,38.37,21.0,795.0,163.0,414.0,162.0,4,175000.0
-122.79,40.75,17.0,3851.0,818.0,1352.0,560.0,2,71700.0
-122.79,39.09,20.0,1798.0,395.0,685.0,331.0,2,66800.0
-122.79,39.08,23.0,952.0,200.0,321.0,128.0,2,89000.0
-122.79,38.5,18.0,4839.0,918.0,2755.0,841.0,4,248300.0
-122.79,38.48,7.0,6837.0,1417.0,3468.0,1405.0,3,191000.0
-122.79,38.42,9.0,4967.0,885.0,2581.0,915.0,5,185600.0
-122.8,39.08,17.0,1880.0,467.0,798.0,342.0,1,65000.0
-122.8,38.39,26.0,2273.0,474.0,1124.0,420.0,3,166700.0
-122.8,38.37,26.0,1634.0,315.0,909.0,317.0,4,257200.0
-122.8,38.18,36.0,2378.0,476.0,957.0,362.0,4,253100.0
-122.81,40.93,16.0,2050.0,471.0,588.0,195.0,3,88900.0
-122.81,38.54,12.0,2289.0,611.0,919.0,540.0,1,139300.0
-122.81,38.46,28.0,3580.0,611.0,1634.0,567.0,5,248600.0
-122.81,38.36,18.0,2399.0,389.0,1131.0,391.0,5,293900.0
-122.81,38.08,19.0,1615.0,366.0,815.0,337.0,3,238800.0
-122.82,38.64,29.0,2176.0,385.0,1117.0,374.0,4,188600.0
-122.82,38.61,41.0,2720.0,501.0,987.0,364.0,4,201700.0
-122.82,38.55,8.0,6190.0,1088.0,2967.0,1000.0,4,195100.0
-122.82,38.53,27.0,1823.0,360.0,907.0,317.0,3,172900.0
-122.82,38.44,23.0,1551.0,236.0,555.0,243.0,5,304700.0
-122.82,38.41,32.0,701.0,182.0,489.0,168.0,3,169300.0
-122.82,38.4,40.0,2406.0,423.0,1054.0,426.0,4,215900.0
-122.82,38.39,32.0,1437.0,257.0,752.0,245.0,5,240900.0
-122.82,38.39,22.0,1288.0,243.0,593.0,220.0,4,233700.0
-122.82,38.38,27.0,2565.0,479.0,1227.0,467.0,5,259900.0
-122.82,38.33,25.0,3067.0,569.0,1602.0,550.0,4,244100.0
-122.83,39.09,26.0,2191.0,495.0,679.0,371.0,1,94700.0
-122.83,38.99,15.0,289.0,49.0,191.0,54.0,2,113900.0
-122.83,38.98,17.0,1383.0,347.0,719.0,296.0,2,77800.0
-122.83,38.96,15.0,1318.0,296.0,567.0,276.0,2,93800.0
-122.83,38.89,11.0,640.0,134.0,268.0,90.0,3,100000.0
-122.83,38.58,17.0,5199.0,1023.0,2036.0,890.0,3,168800.0
-122.83,38.4,37.0,2217.0,451.0,1019.0,428.0,3,178500.0
-122.83,38.39,19.0,1765.0,394.0,868.0,388.0,2,260300.0
-122.84,38.42,29.0,2756.0,551.0,1381.0,531.0,3,237300.0
-122.84,38.41,19.0,2191.0,391.0,1065.0,404.0,4,204600.0
-122.84,38.39,16.0,1688.0,292.0,793.0,280.0,4,216900.0
-122.84,38.07,31.0,1858.0,367.0,701.0,297.0,4,270700.0
-122.85,39.0,20.0,1580.0,318.0,753.0,252.0,2,88500.0
-122.85,38.46,22.0,3328.0,550.0,1309.0,512.0,5,266200.0
-122.85,38.37,16.0,1762.0,293.0,810.0,297.0,4,305000.0
-122.86,39.08,24.0,3127.0,674.0,1015.0,448.0,2,78800.0
-122.86,39.05,20.0,1592.0,327.0,647.0,253.0,3,136800.0
-122.86,38.62,35.0,2597.0,522.0,1231.0,499.0,3,174000.0
-122.86,38.61,52.0,1753.0,380.0,982.0,380.0,3,183300.0
-122.86,38.44,31.0,1534.0,292.0,716.0,288.0,3,209500.0
-122.86,38.42,38.0,1166.0,223.0,584.0,225.0,4,244400.0
-122.86,38.1,44.0,2602.0,509.0,691.0,343.0,4,261500.0
-122.87,39.13,15.0,1927.0,427.0,810.0,321.0,2,86500.0
-122.87,38.68,32.0,4073.0,718.0,2053.0,629.0,4,228000.0
-122.87,38.62,52.0,1514.0,348.0,767.0,354.0,2,160000.0
-122.87,38.61,23.0,2676.0,521.0,1456.0,500.0,4,173700.0
-122.87,38.48,27.0,3894.0,776.0,1832.0,715.0,4,187800.0
-122.87,38.43,36.0,1987.0,387.0,1065.0,347.0,4,172200.0
-122.88,39.14,20.0,1125.0,231.0,521.0,196.0,2,106300.0
-122.88,38.46,25.0,1563.0,314.0,737.0,305.0,3,249200.0
-122.88,38.34,20.0,3404.0,628.0,1641.0,585.0,5,276200.0
-122.89,40.76,14.0,712.0,131.0,270.0,90.0,2,102100.0
-122.89,39.42,16.0,411.0,114.0,26.0,19.0,0,73500.0
-122.89,38.93,20.0,1214.0,247.0,504.0,223.0,3,105700.0
-122.89,38.42,28.0,2388.0,437.0,1015.0,381.0,5,268300.0
-122.89,38.4,22.0,2900.0,538.0,1445.0,515.0,5,296800.0
-122.89,38.38,16.0,2017.0,369.0,931.0,336.0,6,267500.0
-122.9,41.46,31.0,1277.0,263.0,600.0,241.0,2,61700.0
-122.9,39.23,39.0,1295.0,240.0,534.0,179.0,4,98900.0
-122.9,39.17,45.0,1314.0,277.0,649.0,232.0,3,73600.0
-122.9,39.09,15.0,2483.0,544.0,835.0,380.0,2,143200.0
-122.9,38.28,52.0,1275.0,218.0,627.0,185.0,2,163500.0
-122.91,39.18,43.0,89.0,18.0,86.0,27.0,2,72500.0
-122.91,39.17,44.0,202.0,42.0,142.0,39.0,4,68300.0
-122.91,39.06,21.0,1236.0,238.0,601.0,261.0,2,100300.0
-122.91,39.05,27.0,789.0,208.0,295.0,108.0,4,95000.0
-122.91,39.05,20.0,1128.0,229.0,621.0,210.0,3,93500.0
-122.91,39.03,14.0,2374.0,557.0,723.0,427.0,1,95800.0
-122.91,38.49,37.0,2469.0,519.0,1137.0,474.0,4,146500.0
-122.91,38.46,18.0,2021.0,353.0,912.0,329.0,4,251900.0
-122.91,38.43,19.0,1968.0,350.0,852.0,308.0,5,269800.0
-122.92,41.7,23.0,4017.0,792.0,1634.0,619.0,2,62000.0
-122.92,39.08,24.0,341.0,64.0,146.0,57.0,4,166300.0
-122.92,39.05,38.0,3131.0,624.0,1591.0,568.0,3,80700.0
-122.92,39.05,16.0,1548.0,295.0,605.0,250.0,4,119000.0
-122.92,38.97,20.0,2067.0,384.0,904.0,333.0,3,134200.0
-122.93,41.48,20.0,4288.0,789.0,1800.0,660.0,3,79600.0
-122.93,40.78,20.0,3758.0,798.0,1685.0,757.0,2,91200.0
-122.93,38.38,18.0,2562.0,500.0,1128.0,414.0,4,262500.0
-122.93,38.02,28.0,1284.0,265.0,628.0,219.0,4,200000.0
-122.94,38.64,26.0,4050.0,712.0,2072.0,636.0,4,287800.0
-122.94,38.57,33.0,1530.0,266.0,728.0,250.0,5,266700.0
-122.94,38.53,49.0,1141.0,239.0,505.0,184.0,4,148800.0
-122.94,38.5,46.0,2280.0,492.0,807.0,366.0,3,117000.0
-122.94,38.49,37.0,3169.0,719.0,777.0,344.0,3,117100.0
-122.95,40.67,17.0,1498.0,331.0,574.0,242.0,2,94200.0
-122.95,38.73,37.0,1548.0,328.0,863.0,287.0,3,151300.0
-122.96,40.77,29.0,1637.0,297.0,753.0,270.0,3,93100.0
-122.96,38.42,50.0,2530.0,524.0,940.0,361.0,3,122900.0
-122.96,38.26,20.0,1982.0,358.0,308.0,132.0,3,240900.0
-122.97,38.53,48.0,3939.0,860.0,1257.0,571.0,2,98700.0
-122.97,38.5,44.0,3234.0,746.0,1112.0,470.0,2,132700.0
-122.98,38.44,29.0,4450.0,939.0,1328.0,590.0,3,162100.0
-122.99,39.02,14.0,1582.0,301.0,851.0,273.0,3,164100.0
-123.0,38.51,33.0,1565.0,390.0,759.0,311.0,3,153100.0
-123.0,38.33,8.0,3223.0,637.0,851.0,418.0,6,364800.0
-123.01,38.8,21.0,360.0,96.0,131.0,74.0,4,133300.0
-123.01,38.79,32.0,2697.0,529.0,1417.0,535.0,3,134100.0
-123.01,38.67,33.0,914.0,147.0,394.0,132.0,5,246200.0
-123.01,38.48,37.0,1179.0,282.0,354.0,176.0,1,118300.0
-123.02,38.81,45.0,1717.0,389.0,916.0,367.0,3,138800.0
-123.02,38.54,35.0,2157.0,487.0,768.0,322.0,3,136900.0
-123.02,38.46,52.0,2154.0,499.0,524.0,259.0,2,120000.0
-123.02,38.36,16.0,1496.0,298.0,778.0,284.0,4,268800.0
-123.03,38.79,16.0,4047.0,769.0,1998.0,673.0,3,171900.0
-123.04,38.49,30.0,3977.0,930.0,1387.0,582.0,3,132500.0
-123.07,39.12,24.0,1098.0,193.0,353.0,145.0,4,92600.0
-123.07,38.46,31.0,855.0,217.0,280.0,139.0,2,112500.0
-123.08,41.26,34.0,2773.0,679.0,1066.0,424.0,2,63300.0
-123.08,38.38,28.0,3297.0,676.0,923.0,373.0,4,232600.0
-123.1,39.15,32.0,1143.0,208.0,454.0,188.0,4,116100.0
-123.1,38.97,36.0,1211.0,247.0,697.0,251.0,3,94900.0
-123.1,38.79,20.0,3109.0,712.0,1643.0,638.0,3,164400.0
-123.11,39.32,20.0,2745.0,504.0,1421.0,430.0,3,137500.0
-123.12,40.54,23.0,1091.0,217.0,539.0,201.0,2,61500.0
-123.13,40.85,18.0,1650.0,377.0,675.0,282.0,2,84700.0
-123.15,39.74,23.0,608.0,143.0,281.0,108.0,3,70000.0
-123.15,39.31,19.0,1026.0,205.0,424.0,152.0,3,154200.0
-123.15,38.94,22.0,2163.0,436.0,1048.0,358.0,3,95800.0
-123.16,39.1,31.0,418.0,82.0,327.0,81.0,3,120800.0
-123.17,40.31,36.0,98.0,28.0,18.0,8.0,1,14999.0
-123.17,39.18,14.0,2240.0,327.0,1030.0,308.0,6,214900.0
-123.17,39.15,30.0,1904.0,331.0,816.0,325.0,4,161900.0
-123.18,40.58,18.0,1451.0,278.0,695.0,254.0,2,73700.0
-123.18,39.26,25.0,3066.0,570.0,1558.0,535.0,4,134200.0
-123.18,39.23,18.0,243.0,55.0,115.0,54.0,2,175000.0
-123.19,39.21,22.0,1542.0,291.0,821.0,285.0,4,118800.0
-123.19,39.15,16.0,2577.0,495.0,1232.0,488.0,3,125600.0
-123.19,39.12,38.0,267.0,57.0,196.0,60.0,2,70000.0
-123.2,39.16,14.0,1908.0,484.0,1195.0,467.0,2,82300.0
-123.2,39.15,27.0,990.0,238.0,592.0,225.0,2,96200.0
-123.2,39.14,17.0,1620.0,396.0,878.0,399.0,2,109200.0
-123.2,39.13,26.0,1474.0,417.0,1065.0,401.0,1,84400.0
-123.21,40.51,16.0,241.0,84.0,152.0,61.0,1,48800.0
-123.21,39.2,17.0,3145.0,693.0,1560.0,647.0,2,149300.0
-123.21,39.18,17.0,2772.0,576.0,1501.0,584.0,3,142100.0
-123.21,39.15,52.0,1370.0,258.0,617.0,228.0,3,112900.0
-123.21,39.15,31.0,2685.0,675.0,1367.0,626.0,2,108900.0
-123.21,39.14,39.0,1419.0,262.0,661.0,278.0,3,114600.0
-123.21,39.13,27.0,1531.0,266.0,822.0,234.0,4,127400.0
-123.21,39.07,17.0,1890.0,342.0,877.0,312.0,4,159800.0
-123.22,40.54,27.0,1573.0,361.0,847.0,330.0,2,49600.0
-123.22,40.16,27.0,1848.0,449.0,396.0,150.0,3,41300.0
-123.22,39.28,16.0,5569.0,1106.0,3148.0,1088.0,3,142900.0
-123.22,39.15,45.0,1348.0,265.0,639.0,270.0,3,115200.0
-123.22,39.15,36.0,1166.0,216.0,504.0,203.0,4,122100.0
-123.23,39.77,25.0,2075.0,435.0,991.0,377.0,1,60300.0
-123.23,39.33,20.0,804.0,121.0,448.0,140.0,4,147100.0
-123.23,39.13,33.0,1176.0,211.0,529.0,217.0,4,144000.0
-123.24,39.81,25.0,1435.0,304.0,746.0,259.0,2,57900.0
-123.24,38.7,38.0,1460.0,311.0,569.0,176.0,3,131300.0
-123.25,38.54,27.0,3658.0,764.0,1278.0,518.0,3,157500.0
-123.26,41.86,25.0,2344.0,532.0,1117.0,424.0,3,64600.0
-123.32,40.43,15.0,661.0,146.0,131.0,57.0,0,56700.0
-123.32,39.42,22.0,2085.0,432.0,1133.0,402.0,2,92600.0
-123.34,39.5,15.0,2342.0,535.0,1064.0,433.0,2,96600.0
-123.34,39.39,18.0,2821.0,628.0,1636.0,615.0,2,84000.0
-123.34,39.1,24.0,5372.0,1051.0,3002.0,992.0,3,131100.0
-123.35,39.42,18.0,1619.0,346.0,904.0,295.0,2,77200.0
-123.35,39.4,27.0,1321.0,338.0,779.0,327.0,2,71800.0
-123.36,39.41,46.0,1748.0,362.0,808.0,330.0,3,76900.0
-123.36,39.4,21.0,1081.0,254.0,715.0,275.0,2,71500.0
-123.36,39.25,17.0,1087.0,254.0,522.0,202.0,3,144500.0
-123.36,39.01,35.0,1551.0,321.0,857.0,288.0,3,115400.0
-123.37,39.43,32.0,2780.0,470.0,1281.0,479.0,4,96000.0
-123.38,41.8,25.0,1941.0,477.0,1000.0,390.0,2,54400.0
-123.38,39.37,18.0,3946.0,813.0,1899.0,730.0,3,124600.0
-123.4,39.46,10.0,4086.0,831.0,2111.0,758.0,3,104400.0
-123.41,41.6,23.0,1654.0,369.0,669.0,273.0,2,65400.0
-123.41,40.07,17.0,449.0,151.0,141.0,53.0,1,87500.0
-123.43,40.22,20.0,133.0,35.0,87.0,37.0,4,67500.0
-123.48,40.79,15.0,619.0,160.0,287.0,104.0,2,79200.0
-123.48,40.34,19.0,518.0,108.0,216.0,80.0,3,64500.0
-123.49,38.7,9.0,5409.0,1019.0,594.0,327.0,3,295400.0
-123.53,40.88,20.0,2680.0,599.0,918.0,345.0,2,75000.0
-123.53,38.93,38.0,1706.0,355.0,506.0,211.0,3,165600.0
-123.54,39.17,18.0,2251.0,510.0,1032.0,369.0,2,101000.0
-123.58,39.66,15.0,1839.0,489.0,887.0,332.0,2,100000.0
-123.59,38.8,17.0,5202.0,1037.0,1742.0,803.0,3,176100.0
-123.63,41.11,19.0,1797.0,384.0,1033.0,327.0,1,59200.0
-123.64,39.45,21.0,3359.0,677.0,1908.0,642.0,3,140700.0
-123.66,41.3,22.0,1580.0,372.0,686.0,264.0,2,62700.0
-123.68,40.24,31.0,1852.0,452.0,917.0,359.0,2,54300.0
-123.69,38.9,17.0,2206.0,478.0,1140.0,428.0,2,95300.0
-123.7,39.32,18.0,1652.0,352.0,711.0,292.0,3,213200.0
-123.71,39.88,42.0,1518.0,383.0,656.0,303.0,1,69800.0
-123.72,41.09,19.0,1970.0,431.0,1166.0,363.0,2,50000.0
-123.73,40.48,25.0,2015.0,524.0,746.0,251.0,2,77100.0
-123.73,39.44,32.0,790.0,151.0,380.0,142.0,3,165000.0
-123.75,40.11,35.0,2052.0,477.0,900.0,402.0,2,101500.0
-123.75,39.37,16.0,1377.0,296.0,830.0,279.0,3,151400.0
-123.76,41.03,24.0,2386.0,565.0,1058.0,414.0,2,79800.0
-123.78,40.05,17.0,2019.0,496.0,899.0,347.0,2,101900.0
-123.79,39.44,49.0,2290.0,482.0,1201.0,479.0,4,113300.0
-123.79,39.44,36.0,1330.0,273.0,761.0,286.0,3,105800.0
-123.79,39.44,16.0,2017.0,423.0,1177.0,414.0,3,116200.0
-123.8,39.47,28.0,2492.0,507.0,1202.0,460.0,3,150300.0
-123.8,39.44,33.0,2024.0,459.0,1019.0,422.0,2,93600.0
-123.81,39.34,17.0,1981.0,371.0,773.0,325.0,3,277000.0
-123.81,39.31,23.0,2754.0,577.0,887.0,432.0,3,225000.0
-123.82,40.16,19.0,2283.0,634.0,1184.0,453.0,1,76800.0
-123.82,40.12,33.0,2985.0,591.0,1221.0,486.0,2,82400.0
-123.83,41.88,18.0,1504.0,357.0,660.0,258.0,3,116700.0
-123.84,40.28,28.0,2809.0,605.0,1093.0,438.0,2,74000.0
-123.84,39.83,19.0,1461.0,340.0,515.0,227.0,2,145800.0
-123.84,39.46,47.0,1150.0,244.0,552.0,201.0,3,110400.0
-123.85,41.32,31.0,938.0,238.0,425.0,157.0,1,36700.0
-123.85,39.42,11.0,1804.0,506.0,895.0,451.0,2,150000.0
-123.88,40.93,28.0,1272.0,259.0,519.0,220.0,3,106300.0
-123.91,41.68,22.0,1880.0,360.0,743.0,314.0,3,152700.0
-123.96,40.57,31.0,1854.0,365.0,883.0,310.0,2,92600.0
-123.98,40.88,41.0,1719.0,372.0,844.0,336.0,3,84200.0
-124.0,40.92,29.0,1429.0,268.0,672.0,266.0,3,98800.0
-124.0,40.22,16.0,2088.0,535.0,816.0,326.0,1,70700.0
-124.01,40.89,28.0,1470.0,336.0,811.0,314.0,2,75600.0
-124.02,40.8,22.0,2588.0,435.0,1198.0,442.0,4,133900.0
-124.02,40.72,28.0,3513.0,634.0,1658.0,598.0,4,119900.0
-124.03,40.45,34.0,1006.0,213.0,443.0,158.0,3,71300.0
-124.05,40.94,14.0,1452.0,217.0,516.0,181.0,5,165600.0
-124.05,40.85,31.0,2414.0,428.0,1005.0,401.0,4,143000.0
-124.05,40.59,32.0,1878.0,340.0,937.0,353.0,3,95200.0
-124.06,41.13,22.0,3263.0,799.0,1384.0,578.0,2,119400.0
-124.06,40.88,12.0,2087.0,424.0,1603.0,438.0,3,139500.0
-124.06,40.86,34.0,4183.0,702.0,1891.0,669.0,3,98100.0
-124.07,40.87,47.0,1765.0,326.0,796.0,333.0,2,99200.0
-124.07,40.87,31.0,334.0,134.0,780.0,130.0,1,153100.0
-124.07,40.81,23.0,2103.0,411.0,1019.0,387.0,3,119700.0
-124.08,41.36,29.0,1029.0,239.0,509.0,196.0,2,62800.0
-124.08,40.99,18.0,3297.0,662.0,1554.0,578.0,3,111300.0
-124.08,40.94,18.0,1550.0,345.0,941.0,335.0,2,70100.0
-124.08,40.91,13.0,2522.0,719.0,1381.0,628.0,2,78800.0
-124.08,40.86,18.0,1287.0,484.0,805.0,502.0,1,150000.0
-124.08,40.06,17.0,1319.0,267.0,393.0,163.0,3,135600.0
-124.09,40.92,12.0,2497.0,491.0,1153.0,462.0,3,126900.0
-124.09,40.88,50.0,921.0,187.0,420.0,187.0,2,105800.0
-124.09,40.88,31.0,1982.0,495.0,1052.0,467.0,2,74100.0
-124.09,40.88,26.0,2683.0,555.0,1353.0,526.0,2,82100.0
-124.09,40.87,44.0,692.0,206.0,398.0,211.0,1,87500.0
-124.09,40.86,25.0,1322.0,387.0,794.0,379.0,1,75000.0
-124.09,40.44,38.0,2220.0,426.0,1041.0,401.0,2,70500.0
-124.1,41.04,26.0,1633.0,380.0,890.0,370.0,2,97900.0
-124.1,40.9,18.0,4032.0,798.0,1948.0,775.0,3,92600.0
-124.1,40.88,35.0,2987.0,578.0,1581.0,585.0,2,81100.0
-124.1,40.73,33.0,644.0,129.0,334.0,121.0,4,111800.0
-124.1,40.5,42.0,2380.0,553.0,1300.0,504.0,2,57500.0
-124.1,40.5,30.0,1927.0,393.0,996.0,374.0,2,72300.0
-124.1,40.47,52.0,1196.0,236.0,965.0,265.0,4,55000.0
-124.11,40.95,19.0,1734.0,365.0,866.0,342.0,3,81700.0
-124.11,40.93,25.0,2392.0,474.0,1298.0,461.0,4,73600.0
-124.11,40.93,17.0,1661.0,329.0,948.0,357.0,3,90200.0
-124.11,40.81,23.0,959.0,212.0,425.0,175.0,3,96100.0
-124.11,40.57,33.0,1348.0,234.0,573.0,236.0,2,74100.0
-124.13,40.8,31.0,2152.0,462.0,1259.0,420.0,2,81100.0
-124.13,40.79,32.0,2017.0,359.0,855.0,346.0,4,92800.0
-124.13,40.79,29.0,2474.0,453.0,1130.0,427.0,3,83000.0
-124.13,40.78,34.0,2142.0,420.0,1056.0,382.0,2,86900.0
-124.13,40.62,43.0,2131.0,399.0,910.0,389.0,3,92100.0
-124.13,40.55,38.0,544.0,89.0,240.0,91.0,3,94800.0
-124.14,41.95,21.0,2696.0,578.0,1208.0,494.0,2,122400.0
-124.14,41.06,32.0,1020.0,215.0,421.0,198.0,3,143400.0
-124.14,40.79,38.0,1552.0,290.0,873.0,291.0,2,81000.0
-124.14,40.78,35.0,2426.0,423.0,982.0,432.0,3,92800.0
-124.14,40.77,27.0,3046.0,605.0,1407.0,571.0,3,99600.0
-124.14,40.67,23.0,580.0,117.0,320.0,109.0,4,130600.0
-124.14,40.59,22.0,1665.0,405.0,826.0,382.0,2,66800.0
-124.14,40.59,17.0,2985.0,610.0,1544.0,584.0,2,76800.0
-124.14,40.58,25.0,1899.0,357.0,891.0,355.0,3,92500.0
-124.14,40.57,29.0,2864.0,600.0,1314.0,562.0,2,75100.0
-124.15,41.81,17.0,3276.0,628.0,3546.0,585.0,2,103100.0
-124.15,40.88,33.0,2235.0,506.0,1165.0,441.0,2,57500.0
-124.15,40.81,50.0,340.0,74.0,235.0,83.0,2,67500.0
-124.15,40.8,47.0,1486.0,335.0,765.0,329.0,2,74100.0
-124.15,40.79,37.0,2692.0,488.0,1263.0,486.0,3,86400.0
-124.15,40.78,36.0,2112.0,374.0,829.0,368.0,3,90000.0
-124.15,40.76,24.0,2858.0,511.0,1388.0,512.0,3,100600.0
-124.15,40.59,39.0,1186.0,238.0,539.0,212.0,2,79600.0
-124.16,41.74,15.0,2715.0,569.0,1532.0,530.0,2,69500.0
-124.16,41.02,23.0,1672.0,385.0,1060.0,390.0,2,75500.0
-124.16,40.95,20.0,1075.0,214.0,529.0,196.0,3,96000.0
-124.16,40.8,52.0,2416.0,618.0,1150.0,571.0,2,80500.0
-124.16,40.8,52.0,1703.0,500.0,952.0,435.0,1,74100.0
-124.16,40.79,52.0,2148.0,421.0,975.0,430.0,2,92700.0
-124.16,40.79,52.0,1264.0,277.0,591.0,284.0,2,76900.0
-124.16,40.78,50.0,2285.0,403.0,837.0,353.0,3,85400.0
-124.16,40.78,46.0,1975.0,346.0,791.0,349.0,4,81800.0
-124.16,40.78,43.0,2241.0,446.0,932.0,395.0,3,82000.0
-124.16,40.6,39.0,1322.0,283.0,642.0,292.0,2,85100.0
-124.17,41.76,20.0,2673.0,538.0,1282.0,514.0,2,105900.0
-124.17,40.8,52.0,661.0,316.0,392.0,244.0,1,60000.0
-124.17,40.8,52.0,1606.0,419.0,891.0,367.0,2,75500.0
-124.17,40.8,52.0,1557.0,344.0,758.0,319.0,2,62500.0
-124.17,40.79,43.0,2285.0,479.0,1169.0,482.0,2,70500.0
-124.17,40.78,39.0,1606.0,330.0,731.0,327.0,2,68300.0
-124.17,40.77,30.0,1895.0,366.0,990.0,359.0,2,81300.0
-124.17,40.76,26.0,1776.0,361.0,992.0,380.0,3,82800.0
-124.17,40.75,13.0,2171.0,339.0,951.0,353.0,5,116100.0
-124.17,40.62,32.0,1595.0,309.0,706.0,277.0,3,86400.0
-124.18,40.79,39.0,1836.0,352.0,883.0,337.0,2,70500.0
-124.18,40.78,37.0,1453.0,293.0,867.0,310.0,3,70200.0
-124.18,40.78,34.0,1592.0,364.0,950.0,317.0,2,67000.0
-124.18,40.78,33.0,1076.0,222.0,656.0,236.0,3,72200.0
-124.18,40.62,35.0,952.0,178.0,480.0,179.0,3,107000.0
-124.19,41.78,15.0,3140.0,714.0,1645.0,640.0,2,74600.0
-124.19,40.78,37.0,1371.0,319.0,640.0,260.0,2,70000.0
-124.19,40.77,30.0,2975.0,634.0,1367.0,583.0,2,69000.0
-124.19,40.73,21.0,5694.0,1056.0,2907.0,972.0,4,90100.0
-124.21,41.77,17.0,3461.0,722.0,1947.0,647.0,3,68400.0
-124.21,41.75,20.0,3810.0,787.0,1993.0,721.0,2,66900.0
-124.21,40.75,32.0,1218.0,331.0,620.0,268.0,2,58100.0
-124.22,41.73,28.0,3003.0,699.0,1530.0,653.0,2,78300.0
-124.23,41.75,11.0,3159.0,616.0,1343.0,479.0,2,73200.0
-124.23,40.81,52.0,1112.0,209.0,544.0,172.0,3,50800.0
-124.23,40.54,52.0,2694.0,453.0,1152.0,435.0,3,106700.0
-124.25,40.28,32.0,1430.0,419.0,434.0,187.0,2,76100.0
-124.26,40.58,52.0,2217.0,394.0,907.0,369.0,2,111400.0
-124.27,40.69,36.0,2349.0,528.0,1194.0,465.0,3,79000.0
-124.3,41.84,17.0,2677.0,531.0,1244.0,456.0,3,103600.0
-124.3,41.8,19.0,2672.0,552.0,1298.0,478.0,2,85800.0
-124.35,40.54,52.0,1820.0,300.0,806.0,270.0,3,94600.0
